02:55:29 [32mINFO [0m [src/main.c:14]: System configuration complete
02:55:29 [94mTRACE[0m [src/system.c:44]: System power-on sequence initiated.
02:55:29 [32mINFO [0m [src/bus.c:104]: Bus initialized: User RAM = 4096 bytes, Kernel RAM = 0 bytes.
02:55:29 [94mTRACE[0m [src/serial.c:43]: Entering serial device initialization
02:55:29 [94mTRACE[0m [src/serial.c:50]: Lock serial device
02:55:29 [94mTRACE[0m [src/serial.c:55]: Open PTY virtual terminal
02:55:29 [36mDEBUG[0m [src/serial.c:62]: UART available on /dev/pts/4
02:55:29 [36mDEBUG[0m [src/serial.c:104]: Worker active
02:55:29 [32mINFO [0m [src/system.c:129]: Hardware wiring complete. CPU PC initialized to 0x00000000.
02:55:29 [32mINFO [0m [src/main.c:19]: System powerup complete.
02:55:29 [32mINFO [0m [src/debug/debug.c:305]: Initializing telnet remote access handling matrix...
02:55:29 [32mINFO [0m [src/telnet.c:81]: Initializing target Telnet engine on port 4444...
02:55:29 [32mINFO [0m [src/telnet.c:113]: Telnet server active and listening on port 4444.
02:55:29 [32mINFO [0m [src/debug/debug.c:308]: Waiting for a debugger client connection on port 4444...
02:55:29 [32mINFO [0m [src/telnet.c:132]: Waiting for remote debugger client connection...
02:55:30 [32mINFO [0m [src/telnet.c:139]: Remote debugger attached successfully from 127.0.0.1:44368
02:55:30 [94mTRACE[0m [src/telnet.c:149]: TX (Init Negotiation) raw stream [9 bytes]: FF FB 01 FF FB 03 FF FD 03 
02:55:30 [94mTRACE[0m [src/telnet.c:161]: RX (Handshake Response) raw stream [9 bytes]: FF FD 01 FF FD 03 FF FB 03 
02:55:30 [94mTRACE[0m [src/telnet.c:28]: Processing Telnet IAC command: 253 for option: 1
02:55:30 [94mTRACE[0m [src/telnet.c:28]: Processing Telnet IAC command: 253 for option: 3
02:55:30 [94mTRACE[0m [src/telnet.c:28]: Processing Telnet IAC command: 251 for option: 3
02:55:30 [94mTRACE[0m [src/telnet.c:54]: TX (Negotiation Reply) raw stream [9 bytes]: FF FC 01 FF FC 03 FF FE 03 
02:55:30 [94mTRACE[0m [src/telnet.c:167]: RX (Final Handshake Ack) raw stream [9 bytes]: FF FE 01 FF FE 03 FF FC 03 
02:55:30 [94mTRACE[0m [src/telnet.c:28]: Processing Telnet IAC command: 254 for option: 1
02:55:30 [36mDEBUG[0m [src/telnet.c:44]: Silently acknowledged terminal state confirmation: 254 for option 1
02:55:30 [94mTRACE[0m [src/telnet.c:28]: Processing Telnet IAC command: 254 for option: 3
02:55:30 [36mDEBUG[0m [src/telnet.c:44]: Silently acknowledged terminal state confirmation: 254 for option 3
02:55:30 [94mTRACE[0m [src/telnet.c:28]: Processing Telnet IAC command: 252 for option: 3
02:55:30 [36mDEBUG[0m [src/telnet.c:44]: Silently acknowledged terminal state confirmation: 252 for option 3
02:55:30 [36mDEBUG[0m [src/telnet.c:172]: Handshake completed cleanly. Pipeline ready for standard string commands.
02:55:30 [94mTRACE[0m [src/debug/debug.c:323]: Entering blocking read on fd: 6
02:55:31 [94mTRACE[0m [src/debug/debug.c:329]: Read returned n = 2, errno = 0 (Success)
02:55:31 [94mTRACE[0m [src/debug/debug.c:336]: Buffer contents (HEX): 0D 0A 
02:55:31 [94mTRACE[0m [src/debug/debug.c:323]: Entering blocking read on fd: 6
02:55:32 [94mTRACE[0m [src/debug/debug.c:329]: Read returned n = 3, errno = 0 (Success)
02:55:32 [94mTRACE[0m [src/debug/debug.c:336]: Buffer contents (HEX): 63 0D 0A 
02:55:32 [94mTRACE[0m [src/debug/debug.c:269]: [1] Finding command for: 'c'
02:55:32 [94mTRACE[0m [src/debug/debug.c:277]: [2] Found command: 'continue'
02:55:32 [94mTRACE[0m [src/debug/debug.c:279]: [3] Entering parse_arguments for 'continue' with argc: 1
02:55:32 [94mTRACE[0m [src/debug/debug.c:168]: [ARG PARSER] cmd->name='continue', cmd->min_args=0, cmd->max_args=0, cmd->fmt_str=''
02:55:32 [94mTRACE[0m [src/debug/debug.c:285]: [4] Invoking handler function pointer for 'continue'
02:55:32 [32mINFO [0m [src/debug/execution.m:40]: Resuming core execution loop from PC: 0x00000000
02:55:32 [94mTRACE[0m [src/cpu.c:244]: RAM size: 0x00001000 read: 0x00000000
02:55:32 [94mTRACE[0m [src/cpu.c:465]: Instruction: 0x00000000
02:55:32 [94mTRACE[0m [src/cpu.c:466]: Opcode: 0b00000
02:55:32 [94mTRACE[0m [src/opcodes/shifts.m:3]: [SLL] R0 (0x00000000) = R0 (0x00000000) << 0x00
02:55:32 [94mTRACE[0m [src/cpu.c:244]: RAM size: 0x00001000 read: 0x00000004
02:55:32 [94mTRACE[0m [src/cpu.c:465]: Instruction: 0x00000000
02:55:32 [94mTRACE[0m [src/cpu.c:466]: Opcode: 0b00000
02:55:32 [94mTRACE[0m [src/opcodes/shifts.m:3]: [SLL] R0 (0x00000000) = R0 (0x00000000) << 0x00
02:55:32 [94mTRACE[0m [src/cpu.c:244]: RAM size: 0x00001000 read: 0x00000008
02:55:32 [94mTRACE[0m [src/cpu.c:465]: Instruction: 0x00000000
02:55:32 [94mTRACE[0m [src/cpu.c:466]: Opcode: 0b00000
02:55:32 [94mTRACE[0m [src/opcodes/shifts.m:3]: [SLL] R0 (0x00000000) = R0 (0x00000000) << 0x00
02:55:32 [94mTRACE[0m [src/cpu.c:244]: RAM size: 0x00001000 read: 0x0000000C
02:55:32 [94mTRACE[0m [src/cpu.c:465]: Instruction: 0x00000000
02:55:32 [94mTRACE[0m [src/cpu.c:466]: Opcode: 0b00000
02:55:32 [94mTRACE[0m [src/opcodes/shifts.m:3]: [SLL] R0 (0x00000000) = R0 (0x00000000) << 0x00
02:55:32 [94mTRACE[0m [src/cpu.c:244]: RAM size: 0x00001000 read: 0x00000010
02:55:32 [94mTRACE[0m [src/cpu.c:465]: Instruction: 0x00000000
02:55:32 [94mTRACE[0m [src/cpu.c:466]: Opcode: 0b00000
02:55:32 [94mTRACE[0m [src/opcodes/shifts.m:3]: [SLL] R0 (0x00000000) = R0 (0x00000000) << 0x00
02:55:32 [94mTRACE[0m [src/cpu.c:244]: RAM size: 0x00001000 read: 0x00000014
02:55:32 [94mTRACE[0m [src/cpu.c:465]: Instruction: 0x00000000
02:55:32 [94mTRACE[0m [src/cpu.c:466]: Opcode: 0b00000
02:55:32 [94mTRACE[0m [src/opcodes/shifts.m:3]: [SLL] R0 (0x00000000) = R0 (0x00000000) << 0x00
02:55:32 [94mTRACE[0m [src/cpu.c:244]: RAM size: 0x00001000 read: 0x00000018
02:55:32 [94mTRACE[0m [src/cpu.c:465]: Instruction: 0x00000000
02:55:32 [94mTRACE[0m [src/cpu.c:466]: Opcode: 0b00000
02:55:32 [94mTRACE[0m [src/opcodes/shifts.m:3]: [SLL] R0 (0x00000000) = R0 (0x00000000) << 0x00
02:55:32 [94mTRACE[0m [src/cpu.c:244]: RAM size: 0x00001000 read: 0x0000001C
02:55:32 [94mTRACE[0m [src/cpu.c:465]: Instruction: 0x00000000
02:55:32 [94mTRACE[0m [src/cpu.c:466]: Opcode: 0b00000
02:55:32 [94mTRACE[0m [src/opcodes/shifts.m:3]: [SLL] R0 (0x00000000) = R0 (0x00000000) << 0x00
02:55:32 [94mTRACE[0m [src/cpu.c:244]: RAM size: 0x00001000 read: 0x00000020
02:55:32 [94mTRACE[0m [src/cpu.c:465]: Instruction: 0x00000000
02:55:32 [94mTRACE[0m [src/cpu.c:466]: Opcode: 0b00000
02:55:32 [94mTRACE[0m [src/opcodes/shifts.m:3]: [SLL] R0 (0x00000000) = R0 (0x00000000) << 0x00
02:55:32 [94mTRACE[0m [src/cpu.c:244]: RAM size: 0x00001000 read: 0x00000024
02:55:32 [94mTRACE[0m [src/cpu.c:465]: Instruction: 0x00000000
02:55:32 [94mTRACE[0m [src/cpu.c:466]: Opcode: 0b00000
02:55:32 [94mTRACE[0m [src/opcodes/shifts.m:3]: [SLL] R0 (0x00000000) = R0 (0x00000000) << 0x00
02:55:32 [94mTRACE[0m [src/cpu.c:244]: RAM size: 0x00001000 read: 0x00000028
02:55:32 [94mTRACE[0m [src/cpu.c:465]: Instruction: 0x00000000
02:55:32 [94mTRACE[0m [src/cpu.c:466]: Opcode: 0b00000
02:55:32 [94mTRACE[0m [src/opcodes/shifts.m:3]: [SLL] R0 (0x00000000) = R0 (0x00000000) << 0x00
02:55:32 [94mTRACE[0m [src/cpu.c:244]: RAM size: 0x00001000 read: 0x0000002C
02:55:32 [94mTRACE[0m [src/cpu.c:465]: Instruction: 0x00000000
02:55:32 [94mTRACE[0m [src/cpu.c:466]: Opcode: 0b00000
02:55:32 [94mTRACE[0m [src/opcodes/shifts.m:3]: [SLL] R0 (0x00000000) = R0 (0x00000000) << 0x00
02:55:32 [94mTRACE[0m [src/cpu.c:244]: RAM size: 0x00001000 read: 0x00000030
02:55:32 [94mTRACE[0m [src/cpu.c:465]: Instruction: 0x00000000
02:55:32 [94mTRACE[0m [src/cpu.c:466]: Opcode: 0b00000
02:55:32 [94mTRACE[0m [src/opcodes/shifts.m:3]: [SLL] R0 (0x00000000) = R0 (0x00000000) << 0x00
02:55:32 [94mTRACE[0m [src/cpu.c:244]: RAM size: 0x00001000 read: 0x00000034
02:55:32 [94mTRACE[0m [src/cpu.c:465]: Instruction: 0x00000000
02:55:32 [94mTRACE[0m [src/cpu.c:466]: Opcode: 0b00000
02:55:32 [94mTRACE[0m [src/opcodes/shifts.m:3]: [SLL] R0 (0x00000000) = R0 (0x00000000) << 0x00
02:55:32 [94mTRACE[0m [src/cpu.c:244]: RAM size: 0x00001000 read: 0x00000038
02:55:32 [94mTRACE[0m [src/cpu.c:465]: Instruction: 0x00000000
02:55:32 [94mTRACE[0m [src/cpu.c:466]: Opcode: 0b00000
02:55:32 [94mTRACE[0m [src/opcodes/shifts.m:3]: [SLL] R0 (0x00000000) = R0 (0x00000000) << 0x00
02:55:32 [94mTRACE[0m [src/cpu.c:244]: RAM size: 0x00001000 read: 0x0000003C
02:55:32 [94mTRACE[0m [src/cpu.c:465]: Instruction: 0x00000000
02:55:32 [94mTRACE[0m [src/cpu.c:466]: Opcode: 0b00000
02:55:32 [94mTRACE[0m [src/opcodes/shifts.m:3]: [SLL] R0 (0x00000000) = R0 (0x00000000) << 0x00
02:55:32 [94mTRACE[0m [src/cpu.c:244]: RAM size: 0x00001000 read: 0x00000040
02:55:32 [94mTRACE[0m [src/cpu.c:465]: Instruction: 0x00000000
02:55:32 [94mTRACE[0m [src/cpu.c:466]: Opcode: 0b00000
02:55:32 [94mTRACE[0m [src/opcodes/shifts.m:3]: [SLL] R0 (0x00000000) = R0 (0x00000000) << 0x00
02:55:32 [94mTRACE[0m [src/cpu.c:244]: RAM size: 0x00001000 read: 0x00000044
02:55:32 [94mTRACE[0m [src/cpu.c:465]: Instruction: 0x00000000
02:55:32 [94mTRACE[0m [src/cpu.c:466]: Opcode: 0b00000
02:55:32 [94mTRACE[0m [src/opcodes/shifts.m:3]: [SLL] R0 (0x00000000) = R0 (0x00000000) << 0x00
02:55:32 [94mTRACE[0m [src/cpu.c:244]: RAM size: 0x00001000 read: 0x00000048
02:55:32 [94mTRACE[0m [src/cpu.c:465]: Instruction: 0x00000000
02:55:32 [94mTRACE[0m [src/cpu.c:466]: Opcode: 0b00000
02:55:32 [94mTRACE[0m [src/opcodes/shifts.m:3]: [SLL] R0 (0x00000000) = R0 (0x00000000) << 0x00
02:55:32 [94mTRACE[0m [src/cpu.c:244]: RAM size: 0x00001000 read: 0x0000004C
02:55:32 [94mTRACE[0m [src/cpu.c:465]: Instruction: 0x00000000
02:55:32 [94mTRACE[0m [src/cpu.c:466]: Opcode: 0b00000
02:55:32 [94mTRACE[0m [src/opcodes/shifts.m:3]: [SLL] R0 (0x00000000) = R0 (0x00000000) << 0x00
02:55:32 [94mTRACE[0m [src/cpu.c:244]: RAM size: 0x00001000 read: 0x00000050
02:55:32 [94mTRACE[0m [src/cpu.c:465]: Instruction: 0x00000000
02:55:32 [94mTRACE[0m [src/cpu.c:466]: Opcode: 0b00000
02:55:32 [94mTRACE[0m [src/opcodes/shifts.m:3]: [SLL] R0 (0x00000000) = R0 (0x00000000) << 0x00
02:55:32 [94mTRACE[0m [src/cpu.c:244]: RAM size: 0x00001000 read: 0x00000054
02:55:32 [94mTRACE[0m [src/cpu.c:465]: Instruction: 0x00000000
02:55:32 [94mTRACE[0m [src/cpu.c:466]: Opcode: 0b00000
02:55:32 [94mTRACE[0m [src/opcodes/shifts.m:3]: [SLL] R0 (0x00000000) = R0 (0x00000000) << 0x00
02:55:32 [94mTRACE[0m [src/cpu.c:244]: RAM size: 0x00001000 read: 0x00000058
02:55:32 [94mTRACE[0m [src/cpu.c:465]: Instruction: 0x00000000
02:55:32 [94mTRACE[0m [src/cpu.c:466]: Opcode: 0b00000
02:55:32 [94mTRACE[0m [src/opcodes/shifts.m:3]: [SLL] R0 (0x00000000) = R0 (0x00000000) << 0x00
02:55:32 [94mTRACE[0m [src/cpu.c:244]: RAM size: 0x00001000 read: 0x0000005C
02:55:32 [94mTRACE[0m [src/cpu.c:465]: Instruction: 0x00000000
02:55:32 [94mTRACE[0m [src/cpu.c:466]: Opcode: 0b00000
02:55:32 [94mTRACE[0m [src/opcodes/shifts.m:3]: [SLL] R0 (0x00000000) = R0 (0x00000000) << 0x00
02:55:32 [94mTRACE[0m [src/cpu.c:244]: RAM size: 0x00001000 read: 0x00000060
02:55:32 [94mTRACE[0m [src/cpu.c:465]: Instruction: 0x00000000
02:55:32 [94mTRACE[0m [src/cpu.c:466]: Opcode: 0b00000
02:55:32 [94mTRACE[0m [src/opcodes/shifts.m:3]: [SLL] R0 (0x00000000) = R0 (0x00000000) << 0x00
02:55:32 [94mTRACE[0m [src/cpu.c:244]: RAM size: 0x00001000 read: 0x00000064
02:55:32 [94mTRACE[0m [src/cpu.c:465]: Instruction: 0x00000000
02:55:32 [94mTRACE[0m [src/cpu.c:466]: Opcode: 0b00000
02:55:32 [94mTRACE[0m [src/opcodes/shifts.m:3]: [SLL] R0 (0x00000000) = R0 (0x00000000) << 0x00
02:55:32 [94mTRACE[0m [src/cpu.c:244]: RAM size: 0x00001000 read: 0x00000068
02:55:32 [94mTRACE[0m [src/cpu.c:465]: Instruction: 0x00000000
02:55:32 [94mTRACE[0m [src/cpu.c:466]: Opcode: 0b00000
02:55:32 [94mTRACE[0m [src/opcodes/shifts.m:3]: [SLL] R0 (0x00000000) = R0 (0x00000000) << 0x00
02:55:32 [94mTRACE[0m [src/cpu.c:244]: RAM size: 0x00001000 read: 0x0000006C
02:55:32 [94mTRACE[0m [src/cpu.c:465]: Instruction: 0x00000000
02:55:32 [94mTRACE[0m [src/cpu.c:466]: Opcode: 0b00000
02:55:32 [94mTRACE[0m [src/opcodes/shifts.m:3]: [SLL] R0 (0x00000000) = R0 (0x00000000) << 0x00
02:55:32 [94mTRACE[0m [src/cpu.c:244]: RAM size: 0x00001000 read: 0x00000070
02:55:32 [94mTRACE[0m [src/cpu.c:465]: Instruction: 0x00000000
02:55:32 [94mTRACE[0m [src/cpu.c:466]: Opcode: 0b00000
02:55:32 [94mTRACE[0m [src/opcodes/shifts.m:3]: [SLL] R0 (0x00000000) = R0 (0x00000000) << 0x00
02:55:32 [94mTRACE[0m [src/cpu.c:244]: RAM size: 0x00001000 read: 0x00000074
02:55:32 [94mTRACE[0m [src/cpu.c:465]: Instruction: 0x00000000
02:55:32 [94mTRACE[0m [src/cpu.c:466]: Opcode: 0b00000
02:55:32 [94mTRACE[0m [src/opcodes/shifts.m:3]: [SLL] R0 (0x00000000) = R0 (0x00000000) << 0x00
02:55:32 [94mTRACE[0m [src/cpu.c:244]: RAM size: 0x00001000 read: 0x00000078
02:55:32 [94mTRACE[0m [src/cpu.c:465]: Instruction: 0x00000000
02:55:32 [94mTRACE[0m [src/cpu.c:466]: Opcode: 0b00000
02:55:32 [94mTRACE[0m [src/opcodes/shifts.m:3]: [SLL] R0 (0x00000000) = R0 (0x00000000) << 0x00
02:55:32 [94mTRACE[0m [src/cpu.c:244]: RAM size: 0x00001000 read: 0x0000007C
02:55:32 [94mTRACE[0m [src/cpu.c:465]: Instruction: 0x00000000
02:55:32 [94mTRACE[0m [src/cpu.c:466]: Opcode: 0b00000
02:55:32 [94mTRACE[0m [src/opcodes/shifts.m:3]: [SLL] R0 (0x00000000) = R0 (0x00000000) << 0x00
02:55:32 [94mTRACE[0m [src/cpu.c:244]: RAM size: 0x00001000 read: 0x00000080
02:55:32 [94mTRACE[0m [src/cpu.c:465]: Instruction: 0x00000000
02:55:32 [94mTRACE[0m [src/cpu.c:466]: Opcode: 0b00000
02:55:32 [94mTRACE[0m [src/opcodes/shifts.m:3]: [SLL] R0 (0x00000000) = R0 (0x00000000) << 0x00
02:55:32 [94mTRACE[0m [src/cpu.c:244]: RAM size: 0x00001000 read: 0x00000084
02:55:32 [94mTRACE[0m [src/cpu.c:465]: Instruction: 0x00000000
02:55:32 [94mTRACE[0m [src/cpu.c:466]: Opcode: 0b00000
02:55:32 [94mTRACE[0m [src/opcodes/shifts.m:3]: [SLL] R0 (0x00000000) = R0 (0x00000000) << 0x00
02:55:32 [94mTRACE[0m [src/cpu.c:244]: RAM size: 0x00001000 read: 0x00000088
02:55:32 [94mTRACE[0m [src/cpu.c:465]: Instruction: 0x00000000
02:55:32 [94mTRACE[0m [src/cpu.c:466]: Opcode: 0b00000
02:55:32 [94mTRACE[0m [src/opcodes/shifts.m:3]: [SLL] R0 (0x00000000) = R0 (0x00000000) << 0x00
02:55:32 [94mTRACE[0m [src/cpu.c:244]: RAM size: 0x00001000 read: 0x0000008C
02:55:32 [94mTRACE[0m [src/cpu.c:465]: Instruction: 0x00000000
02:55:32 [94mTRACE[0m [src/cpu.c:466]: Opcode: 0b00000
02:55:32 [94mTRACE[0m [src/opcodes/shifts.m:3]: [SLL] R0 (0x00000000) = R0 (0x00000000) << 0x00
02:55:32 [94mTRACE[0m [src/cpu.c:244]: RAM size: 0x00001000 read: 0x00000090
02:55:32 [94mTRACE[0m [src/cpu.c:465]: Instruction: 0x00000000
02:55:32 [94mTRACE[0m [src/cpu.c:466]: Opcode: 0b00000
02:55:32 [94mTRACE[0m [src/opcodes/shifts.m:3]: [SLL] R0 (0x00000000) = R0 (0x00000000) << 0x00
02:55:32 [94mTRACE[0m [src/cpu.c:244]: RAM size: 0x00001000 read: 0x00000094
02:55:32 [94mTRACE[0m [src/cpu.c:465]: Instruction: 0x00000000
02:55:32 [94mTRACE[0m [src/cpu.c:466]: Opcode: 0b00000
02:55:32 [94mTRACE[0m [src/opcodes/shifts.m:3]: [SLL] R0 (0x00000000) = R0 (0x00000000) << 0x00
02:55:32 [94mTRACE[0m [src/cpu.c:244]: RAM size: 0x00001000 read: 0x00000098
02:55:32 [94mTRACE[0m [src/cpu.c:465]: Instruction: 0x00000000
02:55:32 [94mTRACE[0m [src/cpu.c:466]: Opcode: 0b00000
02:55:32 [94mTRACE[0m [src/opcodes/shifts.m:3]: [SLL] R0 (0x00000000) = R0 (0x00000000) << 0x00
02:55:32 [94mTRACE[0m [src/cpu.c:244]: RAM size: 0x00001000 read: 0x0000009C
02:55:32 [94mTRACE[0m [src/cpu.c:465]: Instruction: 0x00000000
02:55:32 [94mTRACE[0m [src/cpu.c:466]: Opcode: 0b00000
02:55:32 [94mTRACE[0m [src/opcodes/shifts.m:3]: [SLL] R0 (0x00000000) = R0 (0x00000000) << 0x00
02:55:32 [94mTRACE[0m [src/cpu.c:244]: RAM size: 0x00001000 read: 0x000000A0
02:55:32 [94mTRACE[0m [src/cpu.c:465]: Instruction: 0x00000000
02:55:32 [94mTRACE[0m [src/cpu.c:466]: Opcode: 0b00000
02:55:32 [94mTRACE[0m [src/opcodes/shifts.m:3]: [SLL] R0 (0x00000000) = R0 (0x00000000) << 0x00
02:55:32 [94mTRACE[0m [src/cpu.c:244]: RAM size: 0x00001000 read: 0x000000A4
02:55:32 [94mTRACE[0m [src/cpu.c:465]: Instruction: 0x00000000
02:55:32 [94mTRACE[0m [src/cpu.c:466]: Opcode: 0b00000
02:55:32 [94mTRACE[0m [src/opcodes/shifts.m:3]: [SLL] R0 (0x00000000) = R0 (0x00000000) << 0x00
02:55:32 [94mTRACE[0m [src/cpu.c:244]: RAM size: 0x00001000 read: 0x000000A8
02:55:32 [94mTRACE[0m [src/cpu.c:465]: Instruction: 0x00000000
02:55:32 [94mTRACE[0m [src/cpu.c:466]: Opcode: 0b00000
02:55:32 [94mTRACE[0m [src/opcodes/shifts.m:3]: [SLL] R0 (0x00000000) = R0 (0x00000000) << 0x00
02:55:32 [94mTRACE[0m [src/cpu.c:244]: RAM size: 0x00001000 read: 0x000000AC
02:55:32 [94mTRACE[0m [src/cpu.c:465]: Instruction: 0x00000000
02:55:32 [94mTRACE[0m [src/cpu.c:466]: Opcode: 0b00000
02:55:32 [94mTRACE[0m [src/opcodes/shifts.m:3]: [SLL] R0 (0x00000000) = R0 (0x00000000) << 0x00
02:55:32 [94mTRACE[0m [src/cpu.c:244]: RAM size: 0x00001000 read: 0x000000B0
02:55:32 [94mTRACE[0m [src/cpu.c:465]: Instruction: 0x00000000
02:55:32 [94mTRACE[0m [src/cpu.c:466]: Opcode: 0b00000
02:55:32 [94mTRACE[0m [src/opcodes/shifts.m:3]: [SLL] R0 (0x00000000) = R0 (0x00000000) << 0x00
02:55:32 [94mTRACE[0m [src/cpu.c:244]: RAM size: 0x00001000 read: 0x000000B4
02:55:32 [94mTRACE[0m [src/cpu.c:465]: Instruction: 0x00000000
02:55:32 [94mTRACE[0m [src/cpu.c:466]: Opcode: 0b00000
02:55:32 [94mTRACE[0m [src/opcodes/shifts.m:3]: [SLL] R0 (0x00000000) = R0 (0x00000000) << 0x00
02:55:32 [94mTRACE[0m [src/cpu.c:244]: RAM size: 0x00001000 read: 0x000000B8
02:55:32 [94mTRACE[0m [src/cpu.c:465]: Instruction: 0x00000000
02:55:32 [94mTRACE[0m [src/cpu.c:466]: Opcode: 0b00000
02:55:32 [94mTRACE[0m [src/opcodes/shifts.m:3]: [SLL] R0 (0x00000000) = R0 (0x00000000) << 0x00
02:55:32 [94mTRACE[0m [src/cpu.c:244]: RAM size: 0x00001000 read: 0x000000BC
02:55:32 [94mTRACE[0m [src/cpu.c:465]: Instruction: 0x00000000
02:55:32 [94mTRACE[0m [src/cpu.c:466]: Opcode: 0b00000
02:55:32 [94mTRACE[0m [src/opcodes/shifts.m:3]: [SLL] R0 (0x00000000) = R0 (0x00000000) << 0x00
02:55:32 [94mTRACE[0m [src/cpu.c:244]: RAM size: 0x00001000 read: 0x000000C0
02:55:32 [94mTRACE[0m [src/cpu.c:465]: Instruction: 0x00000000
02:55:32 [94mTRACE[0m [src/cpu.c:466]: Opcode: 0b00000
02:55:32 [94mTRACE[0m [src/opcodes/shifts.m:3]: [SLL] R0 (0x00000000) = R0 (0x00000000) << 0x00
02:55:32 [94mTRACE[0m [src/cpu.c:244]: RAM size: 0x00001000 read: 0x000000C4
02:55:32 [94mTRACE[0m [src/cpu.c:465]: Instruction: 0x00000000
02:55:32 [94mTRACE[0m [src/cpu.c:466]: Opcode: 0b00000
02:55:32 [94mTRACE[0m [src/opcodes/shifts.m:3]: [SLL] R0 (0x00000000) = R0 (0x00000000) << 0x00
02:55:32 [94mTRACE[0m [src/cpu.c:244]: RAM size: 0x00001000 read: 0x000000C8
02:55:32 [94mTRACE[0m [src/cpu.c:465]: Instruction: 0x00000000
02:55:32 [94mTRACE[0m [src/cpu.c:466]: Opcode: 0b00000
02:55:32 [94mTRACE[0m [src/opcodes/shifts.m:3]: [SLL] R0 (0x00000000) = R0 (0x00000000) << 0x00
02:55:32 [94mTRACE[0m [src/cpu.c:244]: RAM size: 0x00001000 read: 0x000000CC
02:55:32 [94mTRACE[0m [src/cpu.c:465]: Instruction: 0x00000000
02:55:32 [94mTRACE[0m [src/cpu.c:466]: Opcode: 0b00000
02:55:32 [94mTRACE[0m [src/opcodes/shifts.m:3]: [SLL] R0 (0x00000000) = R0 (0x00000000) << 0x00
02:55:32 [94mTRACE[0m [src/cpu.c:244]: RAM size: 0x00001000 read: 0x000000D0
02:55:32 [94mTRACE[0m [src/cpu.c:465]: Instruction: 0x00000000
02:55:32 [94mTRACE[0m [src/cpu.c:466]: Opcode: 0b00000
02:55:32 [94mTRACE[0m [src/opcodes/shifts.m:3]: [SLL] R0 (0x00000000) = R0 (0x00000000) << 0x00
02:55:32 [94mTRACE[0m [src/cpu.c:244]: RAM size: 0x00001000 read: 0x000000D4
02:55:32 [94mTRACE[0m [src/cpu.c:465]: Instruction: 0x00000000
02:55:32 [94mTRACE[0m [src/cpu.c:466]: Opcode: 0b00000
02:55:32 [94mTRACE[0m [src/opcodes/shifts.m:3]: [SLL] R0 (0x00000000) = R0 (0x00000000) << 0x00
02:55:32 [94mTRACE[0m [src/cpu.c:244]: RAM size: 0x00001000 read: 0x000000D8
02:55:32 [94mTRACE[0m [src/cpu.c:465]: Instruction: 0x00000000
02:55:32 [94mTRACE[0m [src/cpu.c:466]: Opcode: 0b00000
02:55:32 [94mTRACE[0m [src/opcodes/shifts.m:3]: [SLL] R0 (0x00000000) = R0 (0x00000000) << 0x00
02:55:32 [94mTRACE[0m [src/cpu.c:244]: RAM size: 0x00001000 read: 0x000000DC
02:55:32 [94mTRACE[0m [src/cpu.c:465]: Instruction: 0x00000000
02:55:32 [94mTRACE[0m [src/cpu.c:466]: Opcode: 0b00000
02:55:32 [94mTRACE[0m [src/opcodes/shifts.m:3]: [SLL] R0 (0x00000000) = R0 (0x00000000) << 0x00
02:55:32 [94mTRACE[0m [src/cpu.c:244]: RAM size: 0x00001000 read: 0x000000E0
02:55:32 [94mTRACE[0m [src/cpu.c:465]: Instruction: 0x00000000
02:55:32 [94mTRACE[0m [src/cpu.c:466]: Opcode: 0b00000
02:55:32 [94mTRACE[0m [src/opcodes/shifts.m:3]: [SLL] R0 (0x00000000) = R0 (0x00000000) << 0x00
02:55:32 [94mTRACE[0m [src/cpu.c:244]: RAM size: 0x00001000 read: 0x000000E4
02:55:32 [94mTRACE[0m [src/cpu.c:465]: Instruction: 0x00000000
02:55:32 [94mTRACE[0m [src/cpu.c:466]: Opcode: 0b00000
02:55:32 [94mTRACE[0m [src/opcodes/shifts.m:3]: [SLL] R0 (0x00000000) = R0 (0x00000000) << 0x00
02:55:32 [94mTRACE[0m [src/cpu.c:244]: RAM size: 0x00001000 read: 0x000000E8
02:55:32 [94mTRACE[0m [src/cpu.c:465]: Instruction: 0x00000000
02:55:32 [94mTRACE[0m [src/cpu.c:466]: Opcode: 0b00000
02:55:32 [94mTRACE[0m [src/opcodes/shifts.m:3]: [SLL] R0 (0x00000000) = R0 (0x00000000) << 0x00
02:55:32 [94mTRACE[0m [src/cpu.c:244]: RAM size: 0x00001000 read: 0x000000EC
02:55:32 [94mTRACE[0m [src/cpu.c:465]: Instruction: 0x00000000
02:55:32 [94mTRACE[0m [src/cpu.c:466]: Opcode: 0b00000
02:55:32 [94mTRACE[0m [src/opcodes/shifts.m:3]: [SLL] R0 (0x00000000) = R0 (0x00000000) << 0x00
02:55:32 [94mTRACE[0m [src/cpu.c:244]: RAM size: 0x00001000 read: 0x000000F0
02:55:32 [94mTRACE[0m [src/cpu.c:465]: Instruction: 0x00000000
02:55:32 [94mTRACE[0m [src/cpu.c:466]: Opcode: 0b00000
02:55:32 [94mTRACE[0m [src/opcodes/shifts.m:3]: [SLL] R0 (0x00000000) = R0 (0x00000000) << 0x00
02:55:32 [94mTRACE[0m [src/cpu.c:244]: RAM size: 0x00001000 read: 0x000000F4
02:55:32 [94mTRACE[0m [src/cpu.c:465]: Instruction: 0x00000000
02:55:32 [94mTRACE[0m [src/cpu.c:466]: Opcode: 0b00000
02:55:32 [94mTRACE[0m [src/opcodes/shifts.m:3]: [SLL] R0 (0x00000000) = R0 (0x00000000) << 0x00
02:55:32 [94mTRACE[0m [src/cpu.c:244]: RAM size: 0x00001000 read: 0x000000F8
02:55:32 [94mTRACE[0m [src/cpu.c:465]: Instruction: 0x00000000
02:55:32 [94mTRACE[0m [src/cpu.c:466]: Opcode: 0b00000
02:55:32 [94mTRACE[0m [src/opcodes/shifts.m:3]: [SLL] R0 (0x00000000) = R0 (0x00000000) << 0x00
02:55:32 [94mTRACE[0m [src/cpu.c:244]: RAM size: 0x00001000 read: 0x000000FC
02:55:32 [94mTRACE[0m [src/cpu.c:465]: Instruction: 0x00000000
02:55:32 [94mTRACE[0m [src/cpu.c:466]: Opcode: 0b00000
02:55:32 [94mTRACE[0m [src/opcodes/shifts.m:3]: [SLL] R0 (0x00000000) = R0 (0x00000000) << 0x00
02:55:32 [94mTRACE[0m [src/cpu.c:244]: RAM size: 0x00001000 read: 0x00000100
02:55:32 [94mTRACE[0m [src/cpu.c:465]: Instruction: 0x00000000
02:55:32 [94mTRACE[0m [src/cpu.c:466]: Opcode: 0b00000
02:55:32 [94mTRACE[0m [src/opcodes/shifts.m:3]: [SLL] R0 (0x00000000) = R0 (0x00000000) << 0x00
02:55:32 [94mTRACE[0m [src/cpu.c:244]: RAM size: 0x00001000 read: 0x00000104
02:55:32 [94mTRACE[0m [src/cpu.c:465]: Instruction: 0x00000000
02:55:32 [94mTRACE[0m [src/cpu.c:466]: Opcode: 0b00000
02:55:32 [94mTRACE[0m [src/opcodes/shifts.m:3]: [SLL] R0 (0x00000000) = R0 (0x00000000) << 0x00
02:55:32 [94mTRACE[0m [src/cpu.c:244]: RAM size: 0x00001000 read: 0x00000108
02:55:32 [94mTRACE[0m [src/cpu.c:465]: Instruction: 0x00000000
02:55:32 [94mTRACE[0m [src/cpu.c:466]: Opcode: 0b00000
02:55:32 [94mTRACE[0m [src/opcodes/shifts.m:3]: [SLL] R0 (0x00000000) = R0 (0x00000000) << 0x00
02:55:32 [94mTRACE[0m [src/cpu.c:244]: RAM size: 0x00001000 read: 0x0000010C
02:55:32 [94mTRACE[0m [src/cpu.c:465]: Instruction: 0x00000000
02:55:32 [94mTRACE[0m [src/cpu.c:466]: Opcode: 0b00000
02:55:32 [94mTRACE[0m [src/opcodes/shifts.m:3]: [SLL] R0 (0x00000000) = R0 (0x00000000) << 0x00
02:55:32 [94mTRACE[0m [src/cpu.c:244]: RAM size: 0x00001000 read: 0x00000110
02:55:32 [94mTRACE[0m [src/cpu.c:465]: Instruction: 0x00000000
02:55:32 [94mTRACE[0m [src/cpu.c:466]: Opcode: 0b00000
02:55:32 [94mTRACE[0m [src/opcodes/shifts.m:3]: [SLL] R0 (0x00000000) = R0 (0x00000000) << 0x00
02:55:32 [94mTRACE[0m [src/cpu.c:244]: RAM size: 0x00001000 read: 0x00000114
02:55:32 [94mTRACE[0m [src/cpu.c:465]: Instruction: 0x00000000
02:55:32 [94mTRACE[0m [src/cpu.c:466]: Opcode: 0b00000
02:55:32 [94mTRACE[0m [src/opcodes/shifts.m:3]: [SLL] R0 (0x00000000) = R0 (0x00000000) << 0x00
02:55:32 [94mTRACE[0m [src/cpu.c:244]: RAM size: 0x00001000 read: 0x00000118
02:55:32 [94mTRACE[0m [src/cpu.c:465]: Instruction: 0x00000000
02:55:32 [94mTRACE[0m [src/cpu.c:466]: Opcode: 0b00000
02:55:32 [94mTRACE[0m [src/opcodes/shifts.m:3]: [SLL] R0 (0x00000000) = R0 (0x00000000) << 0x00
02:55:32 [94mTRACE[0m [src/cpu.c:244]: RAM size: 0x00001000 read: 0x0000011C
02:55:32 [94mTRACE[0m [src/cpu.c:465]: Instruction: 0x00000000
02:55:32 [94mTRACE[0m [src/cpu.c:466]: Opcode: 0b00000
02:55:32 [94mTRACE[0m [src/opcodes/shifts.m:3]: [SLL] R0 (0x00000000) = R0 (0x00000000) << 0x00
02:55:32 [94mTRACE[0m [src/cpu.c:244]: RAM size: 0x00001000 read: 0x00000120
02:55:32 [94mTRACE[0m [src/cpu.c:465]: Instruction: 0x00000000
02:55:32 [94mTRACE[0m [src/cpu.c:466]: Opcode: 0b00000
02:55:32 [94mTRACE[0m [src/opcodes/shifts.m:3]: [SLL] R0 (0x00000000) = R0 (0x00000000) << 0x00
02:55:32 [94mTRACE[0m [src/cpu.c:244]: RAM size: 0x00001000 read: 0x00000124
02:55:32 [94mTRACE[0m [src/cpu.c:465]: Instruction: 0x00000000
02:55:32 [94mTRACE[0m [src/cpu.c:466]: Opcode: 0b00000
02:55:32 [94mTRACE[0m [src/opcodes/shifts.m:3]: [SLL] R0 (0x00000000) = R0 (0x00000000) << 0x00
02:55:32 [94mTRACE[0m [src/cpu.c:244]: RAM size: 0x00001000 read: 0x00000128
02:55:32 [94mTRACE[0m [src/cpu.c:465]: Instruction: 0x00000000
02:55:32 [94mTRACE[0m [src/cpu.c:466]: Opcode: 0b00000
02:55:32 [94mTRACE[0m [src/opcodes/shifts.m:3]: [SLL] R0 (0x00000000) = R0 (0x00000000) << 0x00
02:55:32 [94mTRACE[0m [src/cpu.c:244]: RAM size: 0x00001000 read: 0x0000012C
02:55:32 [94mTRACE[0m [src/cpu.c:465]: Instruction: 0x00000000
02:55:32 [94mTRACE[0m [src/cpu.c:466]: Opcode: 0b00000
02:55:32 [94mTRACE[0m [src/opcodes/shifts.m:3]: [SLL] R0 (0x00000000) = R0 (0x00000000) << 0x00
02:55:32 [94mTRACE[0m [src/cpu.c:244]: RAM size: 0x00001000 read: 0x00000130
02:55:32 [94mTRACE[0m [src/cpu.c:465]: Instruction: 0x00000000
02:55:32 [94mTRACE[0m [src/cpu.c:466]: Opcode: 0b00000
02:55:32 [94mTRACE[0m [src/opcodes/shifts.m:3]: [SLL] R0 (0x00000000) = R0 (0x00000000) << 0x00
02:55:32 [94mTRACE[0m [src/cpu.c:244]: RAM size: 0x00001000 read: 0x00000134
02:55:32 [94mTRACE[0m [src/cpu.c:465]: Instruction: 0x00000000
02:55:32 [94mTRACE[0m [src/cpu.c:466]: Opcode: 0b00000
02:55:32 [94mTRACE[0m [src/opcodes/shifts.m:3]: [SLL] R0 (0x00000000) = R0 (0x00000000) << 0x00
02:55:32 [94mTRACE[0m [src/cpu.c:244]: RAM size: 0x00001000 read: 0x00000138
02:55:32 [94mTRACE[0m [src/cpu.c:465]: Instruction: 0x00000000
02:55:32 [94mTRACE[0m [src/cpu.c:466]: Opcode: 0b00000
02:55:32 [94mTRACE[0m [src/opcodes/shifts.m:3]: [SLL] R0 (0x00000000) = R0 (0x00000000) << 0x00
02:55:32 [94mTRACE[0m [src/cpu.c:244]: RAM size: 0x00001000 read: 0x0000013C
02:55:32 [94mTRACE[0m [src/cpu.c:465]: Instruction: 0x00000000
02:55:32 [94mTRACE[0m [src/cpu.c:466]: Opcode: 0b00000
02:55:32 [94mTRACE[0m [src/opcodes/shifts.m:3]: [SLL] R0 (0x00000000) = R0 (0x00000000) << 0x00
02:55:32 [94mTRACE[0m [src/cpu.c:244]: RAM size: 0x00001000 read: 0x00000140
02:55:32 [94mTRACE[0m [src/cpu.c:465]: Instruction: 0x00000000
02:55:32 [94mTRACE[0m [src/cpu.c:466]: Opcode: 0b00000
02:55:32 [94mTRACE[0m [src/opcodes/shifts.m:3]: [SLL] R0 (0x00000000) = R0 (0x00000000) << 0x00
02:55:32 [94mTRACE[0m [src/cpu.c:244]: RAM size: 0x00001000 read: 0x00000144
02:55:32 [94mTRACE[0m [src/cpu.c:465]: Instruction: 0x00000000
02:55:32 [94mTRACE[0m [src/cpu.c:466]: Opcode: 0b00000
02:55:32 [94mTRACE[0m [src/opcodes/shifts.m:3]: [SLL] R0 (0x00000000) = R0 (0x00000000) << 0x00
02:55:32 [94mTRACE[0m [src/cpu.c:244]: RAM size: 0x00001000 read: 0x00000148
02:55:32 [94mTRACE[0m [src/cpu.c:465]: Instruction: 0x00000000
02:55:32 [94mTRACE[0m [src/cpu.c:466]: Opcode: 0b00000
02:55:32 [94mTRACE[0m [src/opcodes/shifts.m:3]: [SLL] R0 (0x00000000) = R0 (0x00000000) << 0x00
02:55:32 [94mTRACE[0m [src/cpu.c:244]: RAM size: 0x00001000 read: 0x0000014C
02:55:32 [94mTRACE[0m [src/cpu.c:465]: Instruction: 0x00000000
02:55:32 [94mTRACE[0m [src/cpu.c:466]: Opcode: 0b00000
02:55:32 [94mTRACE[0m [src/opcodes/shifts.m:3]: [SLL] R0 (0x00000000) = R0 (0x00000000) << 0x00
02:55:32 [94mTRACE[0m [src/cpu.c:244]: RAM size: 0x00001000 read: 0x00000150
02:55:32 [94mTRACE[0m [src/cpu.c:465]: Instruction: 0x00000000
02:55:32 [94mTRACE[0m [src/cpu.c:466]: Opcode: 0b00000
02:55:32 [94mTRACE[0m [src/opcodes/shifts.m:3]: [SLL] R0 (0x00000000) = R0 (0x00000000) << 0x00
02:55:32 [94mTRACE[0m [src/cpu.c:244]: RAM size: 0x00001000 read: 0x00000154
02:55:32 [94mTRACE[0m [src/cpu.c:465]: Instruction: 0x00000000
02:55:32 [94mTRACE[0m [src/cpu.c:466]: Opcode: 0b00000
02:55:32 [94mTRACE[0m [src/opcodes/shifts.m:3]: [SLL] R0 (0x00000000) = R0 (0x00000000) << 0x00
02:55:32 [94mTRACE[0m [src/cpu.c:244]: RAM size: 0x00001000 read: 0x00000158
02:55:32 [94mTRACE[0m [src/cpu.c:465]: Instruction: 0x00000000
02:55:32 [94mTRACE[0m [src/cpu.c:466]: Opcode: 0b00000
02:55:32 [94mTRACE[0m [src/opcodes/shifts.m:3]: [SLL] R0 (0x00000000) = R0 (0x00000000) << 0x00
02:55:32 [94mTRACE[0m [src/cpu.c:244]: RAM size: 0x00001000 read: 0x0000015C
02:55:32 [94mTRACE[0m [src/cpu.c:465]: Instruction: 0x00000000
02:55:32 [94mTRACE[0m [src/cpu.c:466]: Opcode: 0b00000
02:55:32 [94mTRACE[0m [src/opcodes/shifts.m:3]: [SLL] R0 (0x00000000) = R0 (0x00000000) << 0x00
02:55:32 [94mTRACE[0m [src/cpu.c:244]: RAM size: 0x00001000 read: 0x00000160
02:55:32 [94mTRACE[0m [src/cpu.c:465]: Instruction: 0x00000000
02:55:32 [94mTRACE[0m [src/cpu.c:466]: Opcode: 0b00000
02:55:32 [94mTRACE[0m [src/opcodes/shifts.m:3]: [SLL] R0 (0x00000000) = R0 (0x00000000) << 0x00
02:55:32 [94mTRACE[0m [src/cpu.c:244]: RAM size: 0x00001000 read: 0x00000164
02:55:32 [94mTRACE[0m [src/cpu.c:465]: Instruction: 0x00000000
02:55:32 [94mTRACE[0m [src/cpu.c:466]: Opcode: 0b00000
02:55:32 [94mTRACE[0m [src/opcodes/shifts.m:3]: [SLL] R0 (0x00000000) = R0 (0x00000000) << 0x00
02:55:32 [94mTRACE[0m [src/cpu.c:244]: RAM size: 0x00001000 read: 0x00000168
02:55:32 [94mTRACE[0m [src/cpu.c:465]: Instruction: 0x00000000
02:55:32 [94mTRACE[0m [src/cpu.c:466]: Opcode: 0b00000
02:55:32 [94mTRACE[0m [src/opcodes/shifts.m:3]: [SLL] R0 (0x00000000) = R0 (0x00000000) << 0x00
02:55:32 [94mTRACE[0m [src/cpu.c:244]: RAM size: 0x00001000 read: 0x0000016C
02:55:32 [94mTRACE[0m [src/cpu.c:465]: Instruction: 0x00000000
02:55:32 [94mTRACE[0m [src/cpu.c:466]: Opcode: 0b00000
02:55:32 [94mTRACE[0m [src/opcodes/shifts.m:3]: [SLL] R0 (0x00000000) = R0 (0x00000000) << 0x00
02:55:32 [94mTRACE[0m [src/cpu.c:244]: RAM size: 0x00001000 read: 0x00000170
02:55:32 [94mTRACE[0m [src/cpu.c:465]: Instruction: 0x00000000
02:55:32 [94mTRACE[0m [src/cpu.c:466]: Opcode: 0b00000
02:55:32 [94mTRACE[0m [src/opcodes/shifts.m:3]: [SLL] R0 (0x00000000) = R0 (0x00000000) << 0x00
02:55:32 [94mTRACE[0m [src/cpu.c:244]: RAM size: 0x00001000 read: 0x00000174
02:55:32 [94mTRACE[0m [src/cpu.c:465]: Instruction: 0x00000000
02:55:32 [94mTRACE[0m [src/cpu.c:466]: Opcode: 0b00000
02:55:32 [94mTRACE[0m [src/opcodes/shifts.m:3]: [SLL] R0 (0x00000000) = R0 (0x00000000) << 0x00
02:55:32 [94mTRACE[0m [src/cpu.c:244]: RAM size: 0x00001000 read: 0x00000178
02:55:32 [94mTRACE[0m [src/cpu.c:465]: Instruction: 0x00000000
02:55:32 [94mTRACE[0m [src/cpu.c:466]: Opcode: 0b00000
02:55:32 [94mTRACE[0m [src/opcodes/shifts.m:3]: [SLL] R0 (0x00000000) = R0 (0x00000000) << 0x00
02:55:32 [94mTRACE[0m [src/cpu.c:244]: RAM size: 0x00001000 read: 0x0000017C
02:55:32 [94mTRACE[0m [src/cpu.c:465]: Instruction: 0x00000000
02:55:32 [94mTRACE[0m [src/cpu.c:466]: Opcode: 0b00000
02:55:32 [94mTRACE[0m [src/opcodes/shifts.m:3]: [SLL] R0 (0x00000000) = R0 (0x00000000) << 0x00
02:55:32 [94mTRACE[0m [src/cpu.c:244]: RAM size: 0x00001000 read: 0x00000180
02:55:32 [94mTRACE[0m [src/cpu.c:465]: Instruction: 0x00000000
02:55:32 [94mTRACE[0m [src/cpu.c:466]: Opcode: 0b00000
02:55:32 [94mTRACE[0m [src/opcodes/shifts.m:3]: [SLL] R0 (0x00000000) = R0 (0x00000000) << 0x00
02:55:32 [94mTRACE[0m [src/cpu.c:244]: RAM size: 0x00001000 read: 0x00000184
02:55:32 [94mTRACE[0m [src/cpu.c:465]: Instruction: 0x00000000
02:55:32 [94mTRACE[0m [src/cpu.c:466]: Opcode: 0b00000
02:55:32 [94mTRACE[0m [src/opcodes/shifts.m:3]: [SLL] R0 (0x00000000) = R0 (0x00000000) << 0x00
02:55:32 [94mTRACE[0m [src/cpu.c:244]: RAM size: 0x00001000 read: 0x00000188
02:55:32 [94mTRACE[0m [src/cpu.c:465]: Instruction: 0x00000000
02:55:32 [94mTRACE[0m [src/cpu.c:466]: Opcode: 0b00000
02:55:32 [94mTRACE[0m [src/opcodes/shifts.m:3]: [SLL] R0 (0x00000000) = R0 (0x00000000) << 0x00
02:55:32 [94mTRACE[0m [src/cpu.c:244]: RAM size: 0x00001000 read: 0x0000018C
02:55:32 [94mTRACE[0m [src/cpu.c:465]: Instruction: 0x00000000
02:55:32 [94mTRACE[0m [src/cpu.c:466]: Opcode: 0b00000
02:55:32 [94mTRACE[0m [src/opcodes/shifts.m:3]: [SLL] R0 (0x00000000) = R0 (0x00000000) << 0x00
02:55:32 [94mTRACE[0m [src/cpu.c:244]: RAM size: 0x00001000 read: 0x00000190
02:55:32 [94mTRACE[0m [src/cpu.c:465]: Instruction: 0x00000000
02:55:32 [94mTRACE[0m [src/cpu.c:466]: Opcode: 0b00000
02:55:32 [94mTRACE[0m [src/opcodes/shifts.m:3]: [SLL] R0 (0x00000000) = R0 (0x00000000) << 0x00
02:55:32 [94mTRACE[0m [src/cpu.c:244]: RAM size: 0x00001000 read: 0x00000194
02:55:32 [94mTRACE[0m [src/cpu.c:465]: Instruction: 0x00000000
02:55:32 [94mTRACE[0m [src/cpu.c:466]: Opcode: 0b00000
02:55:32 [94mTRACE[0m [src/opcodes/shifts.m:3]: [SLL] R0 (0x00000000) = R0 (0x00000000) << 0x00
02:55:32 [94mTRACE[0m [src/cpu.c:244]: RAM size: 0x00001000 read: 0x00000198
02:55:32 [94mTRACE[0m [src/cpu.c:465]: Instruction: 0x00000000
02:55:32 [94mTRACE[0m [src/cpu.c:466]: Opcode: 0b00000
02:55:32 [94mTRACE[0m [src/opcodes/shifts.m:3]: [SLL] R0 (0x00000000) = R0 (0x00000000) << 0x00
02:55:32 [94mTRACE[0m [src/cpu.c:244]: RAM size: 0x00001000 read: 0x0000019C
02:55:32 [94mTRACE[0m [src/cpu.c:465]: Instruction: 0x00000000
02:55:32 [94mTRACE[0m [src/cpu.c:466]: Opcode: 0b00000
02:55:32 [94mTRACE[0m [src/opcodes/shifts.m:3]: [SLL] R0 (0x00000000) = R0 (0x00000000) << 0x00
02:55:32 [94mTRACE[0m [src/cpu.c:244]: RAM size: 0x00001000 read: 0x000001A0
02:55:32 [94mTRACE[0m [src/cpu.c:465]: Instruction: 0x00000000
02:55:32 [94mTRACE[0m [src/cpu.c:466]: Opcode: 0b00000
02:55:32 [94mTRACE[0m [src/opcodes/shifts.m:3]: [SLL] R0 (0x00000000) = R0 (0x00000000) << 0x00
02:55:32 [94mTRACE[0m [src/cpu.c:244]: RAM size: 0x00001000 read: 0x000001A4
02:55:32 [94mTRACE[0m [src/cpu.c:465]: Instruction: 0x00000000
02:55:32 [94mTRACE[0m [src/cpu.c:466]: Opcode: 0b00000
02:55:32 [94mTRACE[0m [src/opcodes/shifts.m:3]: [SLL] R0 (0x00000000) = R0 (0x00000000) << 0x00
02:55:32 [94mTRACE[0m [src/cpu.c:244]: RAM size: 0x00001000 read: 0x000001A8
02:55:32 [94mTRACE[0m [src/cpu.c:465]: Instruction: 0x00000000
02:55:32 [94mTRACE[0m [src/cpu.c:466]: Opcode: 0b00000
02:55:32 [94mTRACE[0m [src/opcodes/shifts.m:3]: [SLL] R0 (0x00000000) = R0 (0x00000000) << 0x00
02:55:32 [94mTRACE[0m [src/cpu.c:244]: RAM size: 0x00001000 read: 0x000001AC
02:55:32 [94mTRACE[0m [src/cpu.c:465]: Instruction: 0x00000000
02:55:32 [94mTRACE[0m [src/cpu.c:466]: Opcode: 0b00000
02:55:32 [94mTRACE[0m [src/opcodes/shifts.m:3]: [SLL] R0 (0x00000000) = R0 (0x00000000) << 0x00
02:55:32 [94mTRACE[0m [src/cpu.c:244]: RAM size: 0x00001000 read: 0x000001B0
02:55:32 [94mTRACE[0m [src/cpu.c:465]: Instruction: 0x00000000
02:55:32 [94mTRACE[0m [src/cpu.c:466]: Opcode: 0b00000
02:55:32 [94mTRACE[0m [src/opcodes/shifts.m:3]: [SLL] R0 (0x00000000) = R0 (0x00000000) << 0x00
02:55:32 [94mTRACE[0m [src/cpu.c:244]: RAM size: 0x00001000 read: 0x000001B4
02:55:32 [94mTRACE[0m [src/cpu.c:465]: Instruction: 0x00000000
02:55:32 [94mTRACE[0m [src/cpu.c:466]: Opcode: 0b00000
02:55:32 [94mTRACE[0m [src/opcodes/shifts.m:3]: [SLL] R0 (0x00000000) = R0 (0x00000000) << 0x00
02:55:32 [94mTRACE[0m [src/cpu.c:244]: RAM size: 0x00001000 read: 0x000001B8
02:55:32 [94mTRACE[0m [src/cpu.c:465]: Instruction: 0x00000000
02:55:32 [94mTRACE[0m [src/cpu.c:466]: Opcode: 0b00000
02:55:32 [94mTRACE[0m [src/opcodes/shifts.m:3]: [SLL] R0 (0x00000000) = R0 (0x00000000) << 0x00
02:55:32 [94mTRACE[0m [src/cpu.c:244]: RAM size: 0x00001000 read: 0x000001BC
02:55:32 [94mTRACE[0m [src/cpu.c:465]: Instruction: 0x00000000
02:55:32 [94mTRACE[0m [src/cpu.c:466]: Opcode: 0b00000
02:55:32 [94mTRACE[0m [src/opcodes/shifts.m:3]: [SLL] R0 (0x00000000) = R0 (0x00000000) << 0x00
02:55:32 [94mTRACE[0m [src/cpu.c:244]: RAM size: 0x00001000 read: 0x000001C0
02:55:32 [94mTRACE[0m [src/cpu.c:465]: Instruction: 0x00000000
02:55:32 [94mTRACE[0m [src/cpu.c:466]: Opcode: 0b00000
02:55:32 [94mTRACE[0m [src/opcodes/shifts.m:3]: [SLL] R0 (0x00000000) = R0 (0x00000000) << 0x00
02:55:32 [94mTRACE[0m [src/cpu.c:244]: RAM size: 0x00001000 read: 0x000001C4
02:55:32 [94mTRACE[0m [src/cpu.c:465]: Instruction: 0x00000000
02:55:32 [94mTRACE[0m [src/cpu.c:466]: Opcode: 0b00000
02:55:32 [94mTRACE[0m [src/opcodes/shifts.m:3]: [SLL] R0 (0x00000000) = R0 (0x00000000) << 0x00
02:55:32 [94mTRACE[0m [src/cpu.c:244]: RAM size: 0x00001000 read: 0x000001C8
02:55:32 [94mTRACE[0m [src/cpu.c:465]: Instruction: 0x00000000
02:55:32 [94mTRACE[0m [src/cpu.c:466]: Opcode: 0b00000
02:55:32 [94mTRACE[0m [src/opcodes/shifts.m:3]: [SLL] R0 (0x00000000) = R0 (0x00000000) << 0x00
02:55:32 [94mTRACE[0m [src/cpu.c:244]: RAM size: 0x00001000 read: 0x000001CC
02:55:32 [94mTRACE[0m [src/cpu.c:465]: Instruction: 0x00000000
02:55:32 [94mTRACE[0m [src/cpu.c:466]: Opcode: 0b00000
02:55:32 [94mTRACE[0m [src/opcodes/shifts.m:3]: [SLL] R0 (0x00000000) = R0 (0x00000000) << 0x00
02:55:32 [94mTRACE[0m [src/cpu.c:244]: RAM size: 0x00001000 read: 0x000001D0
02:55:32 [94mTRACE[0m [src/cpu.c:465]: Instruction: 0x00000000
02:55:32 [94mTRACE[0m [src/cpu.c:466]: Opcode: 0b00000
02:55:32 [94mTRACE[0m [src/opcodes/shifts.m:3]: [SLL] R0 (0x00000000) = R0 (0x00000000) << 0x00
02:55:32 [94mTRACE[0m [src/cpu.c:244]: RAM size: 0x00001000 read: 0x000001D4
02:55:32 [94mTRACE[0m [src/cpu.c:465]: Instruction: 0x00000000
02:55:32 [94mTRACE[0m [src/cpu.c:466]: Opcode: 0b00000
02:55:32 [94mTRACE[0m [src/opcodes/shifts.m:3]: [SLL] R0 (0x00000000) = R0 (0x00000000) << 0x00
02:55:32 [94mTRACE[0m [src/cpu.c:244]: RAM size: 0x00001000 read: 0x000001D8
02:55:32 [94mTRACE[0m [src/cpu.c:465]: Instruction: 0x00000000
02:55:32 [94mTRACE[0m [src/cpu.c:466]: Opcode: 0b00000
02:55:32 [94mTRACE[0m [src/opcodes/shifts.m:3]: [SLL] R0 (0x00000000) = R0 (0x00000000) << 0x00
02:55:32 [94mTRACE[0m [src/cpu.c:244]: RAM size: 0x00001000 read: 0x000001DC
02:55:32 [94mTRACE[0m [src/cpu.c:465]: Instruction: 0x00000000
02:55:32 [94mTRACE[0m [src/cpu.c:466]: Opcode: 0b00000
02:55:32 [94mTRACE[0m [src/opcodes/shifts.m:3]: [SLL] R0 (0x00000000) = R0 (0x00000000) << 0x00
02:55:32 [94mTRACE[0m [src/cpu.c:244]: RAM size: 0x00001000 read: 0x000001E0
02:55:32 [94mTRACE[0m [src/cpu.c:465]: Instruction: 0x00000000
02:55:32 [94mTRACE[0m [src/cpu.c:466]: Opcode: 0b00000
02:55:32 [94mTRACE[0m [src/opcodes/shifts.m:3]: [SLL] R0 (0x00000000) = R0 (0x00000000) << 0x00
02:55:32 [94mTRACE[0m [src/cpu.c:244]: RAM size: 0x00001000 read: 0x000001E4
02:55:32 [94mTRACE[0m [src/cpu.c:465]: Instruction: 0x00000000
02:55:32 [94mTRACE[0m [src/cpu.c:466]: Opcode: 0b00000
02:55:32 [94mTRACE[0m [src/opcodes/shifts.m:3]: [SLL] R0 (0x00000000) = R0 (0x00000000) << 0x00
02:55:32 [94mTRACE[0m [src/cpu.c:244]: RAM size: 0x00001000 read: 0x000001E8
02:55:32 [94mTRACE[0m [src/cpu.c:465]: Instruction: 0x00000000
02:55:32 [94mTRACE[0m [src/cpu.c:466]: Opcode: 0b00000
02:55:32 [94mTRACE[0m [src/opcodes/shifts.m:3]: [SLL] R0 (0x00000000) = R0 (0x00000000) << 0x00
02:55:32 [94mTRACE[0m [src/cpu.c:244]: RAM size: 0x00001000 read: 0x000001EC
02:55:32 [94mTRACE[0m [src/cpu.c:465]: Instruction: 0x00000000
02:55:32 [94mTRACE[0m [src/cpu.c:466]: Opcode: 0b00000
02:55:32 [94mTRACE[0m [src/opcodes/shifts.m:3]: [SLL] R0 (0x00000000) = R0 (0x00000000) << 0x00
02:55:32 [94mTRACE[0m [src/cpu.c:244]: RAM size: 0x00001000 read: 0x000001F0
02:55:32 [94mTRACE[0m [src/cpu.c:465]: Instruction: 0x00000000
02:55:32 [94mTRACE[0m [src/cpu.c:466]: Opcode: 0b00000
02:55:32 [94mTRACE[0m [src/opcodes/shifts.m:3]: [SLL] R0 (0x00000000) = R0 (0x00000000) << 0x00
02:55:32 [94mTRACE[0m [src/cpu.c:244]: RAM size: 0x00001000 read: 0x000001F4
02:55:32 [94mTRACE[0m [src/cpu.c:465]: Instruction: 0x00000000
02:55:32 [94mTRACE[0m [src/cpu.c:466]: Opcode: 0b00000
02:55:32 [94mTRACE[0m [src/opcodes/shifts.m:3]: [SLL] R0 (0x00000000) = R0 (0x00000000) << 0x00
02:55:32 [94mTRACE[0m [src/cpu.c:244]: RAM size: 0x00001000 read: 0x000001F8
02:55:32 [94mTRACE[0m [src/cpu.c:465]: Instruction: 0x00000000
02:55:32 [94mTRACE[0m [src/cpu.c:466]: Opcode: 0b00000
02:55:32 [94mTRACE[0m [src/opcodes/shifts.m:3]: [SLL] R0 (0x00000000) = R0 (0x00000000) << 0x00
02:55:32 [94mTRACE[0m [src/cpu.c:244]: RAM size: 0x00001000 read: 0x000001FC
02:55:32 [94mTRACE[0m [src/cpu.c:465]: Instruction: 0x00000000
02:55:32 [94mTRACE[0m [src/cpu.c:466]: Opcode: 0b00000
02:55:32 [94mTRACE[0m [src/opcodes/shifts.m:3]: [SLL] R0 (0x00000000) = R0 (0x00000000) << 0x00
02:55:32 [94mTRACE[0m [src/cpu.c:244]: RAM size: 0x00001000 read: 0x00000200
02:55:32 [94mTRACE[0m [src/cpu.c:465]: Instruction: 0x00000000
02:55:32 [94mTRACE[0m [src/cpu.c:466]: Opcode: 0b00000
02:55:32 [94mTRACE[0m [src/opcodes/shifts.m:3]: [SLL] R0 (0x00000000) = R0 (0x00000000) << 0x00
02:55:32 [94mTRACE[0m [src/cpu.c:244]: RAM size: 0x00001000 read: 0x00000204
02:55:32 [94mTRACE[0m [src/cpu.c:465]: Instruction: 0x00000000
02:55:32 [94mTRACE[0m [src/cpu.c:466]: Opcode: 0b00000
02:55:32 [94mTRACE[0m [src/opcodes/shifts.m:3]: [SLL] R0 (0x00000000) = R0 (0x00000000) << 0x00
02:55:32 [94mTRACE[0m [src/cpu.c:244]: RAM size: 0x00001000 read: 0x00000208
02:55:32 [94mTRACE[0m [src/cpu.c:465]: Instruction: 0x00000000
02:55:32 [94mTRACE[0m [src/cpu.c:466]: Opcode: 0b00000
02:55:32 [94mTRACE[0m [src/opcodes/shifts.m:3]: [SLL] R0 (0x00000000) = R0 (0x00000000) << 0x00
02:55:32 [94mTRACE[0m [src/cpu.c:244]: RAM size: 0x00001000 read: 0x0000020C
02:55:32 [94mTRACE[0m [src/cpu.c:465]: Instruction: 0x00000000
02:55:32 [94mTRACE[0m [src/cpu.c:466]: Opcode: 0b00000
02:55:32 [94mTRACE[0m [src/opcodes/shifts.m:3]: [SLL] R0 (0x00000000) = R0 (0x00000000) << 0x00
02:55:32 [94mTRACE[0m [src/cpu.c:244]: RAM size: 0x00001000 read: 0x00000210
02:55:32 [94mTRACE[0m [src/cpu.c:465]: Instruction: 0x00000000
02:55:32 [94mTRACE[0m [src/cpu.c:466]: Opcode: 0b00000
02:55:32 [94mTRACE[0m [src/opcodes/shifts.m:3]: [SLL] R0 (0x00000000) = R0 (0x00000000) << 0x00
02:55:32 [94mTRACE[0m [src/cpu.c:244]: RAM size: 0x00001000 read: 0x00000214
02:55:32 [94mTRACE[0m [src/cpu.c:465]: Instruction: 0x00000000
02:55:32 [94mTRACE[0m [src/cpu.c:466]: Opcode: 0b00000
02:55:32 [94mTRACE[0m [src/opcodes/shifts.m:3]: [SLL] R0 (0x00000000) = R0 (0x00000000) << 0x00
02:55:32 [94mTRACE[0m [src/cpu.c:244]: RAM size: 0x00001000 read: 0x00000218
02:55:32 [94mTRACE[0m [src/cpu.c:465]: Instruction: 0x00000000
02:55:32 [94mTRACE[0m [src/cpu.c:466]: Opcode: 0b00000
02:55:32 [94mTRACE[0m [src/opcodes/shifts.m:3]: [SLL] R0 (0x00000000) = R0 (0x00000000) << 0x00
02:55:32 [94mTRACE[0m [src/cpu.c:244]: RAM size: 0x00001000 read: 0x0000021C
02:55:32 [94mTRACE[0m [src/cpu.c:465]: Instruction: 0x00000000
02:55:32 [94mTRACE[0m [src/cpu.c:466]: Opcode: 0b00000
02:55:32 [94mTRACE[0m [src/opcodes/shifts.m:3]: [SLL] R0 (0x00000000) = R0 (0x00000000) << 0x00
02:55:32 [94mTRACE[0m [src/cpu.c:244]: RAM size: 0x00001000 read: 0x00000220
02:55:32 [94mTRACE[0m [src/cpu.c:465]: Instruction: 0x00000000
02:55:32 [94mTRACE[0m [src/cpu.c:466]: Opcode: 0b00000
02:55:32 [94mTRACE[0m [src/opcodes/shifts.m:3]: [SLL] R0 (0x00000000) = R0 (0x00000000) << 0x00
02:55:32 [94mTRACE[0m [src/cpu.c:244]: RAM size: 0x00001000 read: 0x00000224
02:55:32 [94mTRACE[0m [src/cpu.c:465]: Instruction: 0x00000000
02:55:32 [94mTRACE[0m [src/cpu.c:466]: Opcode: 0b00000
02:55:32 [94mTRACE[0m [src/opcodes/shifts.m:3]: [SLL] R0 (0x00000000) = R0 (0x00000000) << 0x00
02:55:32 [94mTRACE[0m [src/cpu.c:244]: RAM size: 0x00001000 read: 0x00000228
02:55:32 [94mTRACE[0m [src/cpu.c:465]: Instruction: 0x00000000
02:55:32 [94mTRACE[0m [src/cpu.c:466]: Opcode: 0b00000
02:55:32 [94mTRACE[0m [src/opcodes/shifts.m:3]: [SLL] R0 (0x00000000) = R0 (0x00000000) << 0x00
02:55:32 [94mTRACE[0m [src/cpu.c:244]: RAM size: 0x00001000 read: 0x0000022C
02:55:32 [94mTRACE[0m [src/cpu.c:465]: Instruction: 0x00000000
02:55:32 [94mTRACE[0m [src/cpu.c:466]: Opcode: 0b00000
02:55:32 [94mTRACE[0m [src/opcodes/shifts.m:3]: [SLL] R0 (0x00000000) = R0 (0x00000000) << 0x00
02:55:32 [94mTRACE[0m [src/cpu.c:244]: RAM size: 0x00001000 read: 0x00000230
02:55:32 [94mTRACE[0m [src/cpu.c:465]: Instruction: 0x00000000
02:55:32 [94mTRACE[0m [src/cpu.c:466]: Opcode: 0b00000
02:55:32 [94mTRACE[0m [src/opcodes/shifts.m:3]: [SLL] R0 (0x00000000) = R0 (0x00000000) << 0x00
02:55:32 [94mTRACE[0m [src/cpu.c:244]: RAM size: 0x00001000 read: 0x00000234
02:55:32 [94mTRACE[0m [src/cpu.c:465]: Instruction: 0x00000000
02:55:32 [94mTRACE[0m [src/cpu.c:466]: Opcode: 0b00000
02:55:32 [94mTRACE[0m [src/opcodes/shifts.m:3]: [SLL] R0 (0x00000000) = R0 (0x00000000) << 0x00
02:55:32 [94mTRACE[0m [src/cpu.c:244]: RAM size: 0x00001000 read: 0x00000238
02:55:32 [94mTRACE[0m [src/cpu.c:465]: Instruction: 0x00000000
02:55:32 [94mTRACE[0m [src/cpu.c:466]: Opcode: 0b00000
02:55:32 [94mTRACE[0m [src/opcodes/shifts.m:3]: [SLL] R0 (0x00000000) = R0 (0x00000000) << 0x00
02:55:32 [94mTRACE[0m [src/cpu.c:244]: RAM size: 0x00001000 read: 0x0000023C
02:55:32 [94mTRACE[0m [src/cpu.c:465]: Instruction: 0x00000000
02:55:32 [94mTRACE[0m [src/cpu.c:466]: Opcode: 0b00000
02:55:32 [94mTRACE[0m [src/opcodes/shifts.m:3]: [SLL] R0 (0x00000000) = R0 (0x00000000) << 0x00
02:55:32 [94mTRACE[0m [src/cpu.c:244]: RAM size: 0x00001000 read: 0x00000240
02:55:32 [94mTRACE[0m [src/cpu.c:465]: Instruction: 0x00000000
02:55:32 [94mTRACE[0m [src/cpu.c:466]: Opcode: 0b00000
02:55:32 [94mTRACE[0m [src/opcodes/shifts.m:3]: [SLL] R0 (0x00000000) = R0 (0x00000000) << 0x00
02:55:32 [94mTRACE[0m [src/cpu.c:244]: RAM size: 0x00001000 read: 0x00000244
02:55:32 [94mTRACE[0m [src/cpu.c:465]: Instruction: 0x00000000
02:55:32 [94mTRACE[0m [src/cpu.c:466]: Opcode: 0b00000
02:55:32 [94mTRACE[0m [src/opcodes/shifts.m:3]: [SLL] R0 (0x00000000) = R0 (0x00000000) << 0x00
02:55:32 [94mTRACE[0m [src/cpu.c:244]: RAM size: 0x00001000 read: 0x00000248
02:55:32 [94mTRACE[0m [src/cpu.c:465]: Instruction: 0x00000000
02:55:32 [94mTRACE[0m [src/cpu.c:466]: Opcode: 0b00000
02:55:32 [94mTRACE[0m [src/opcodes/shifts.m:3]: [SLL] R0 (0x00000000) = R0 (0x00000000) << 0x00
02:55:32 [94mTRACE[0m [src/cpu.c:244]: RAM size: 0x00001000 read: 0x0000024C
02:55:32 [94mTRACE[0m [src/cpu.c:465]: Instruction: 0x00000000
02:55:32 [94mTRACE[0m [src/cpu.c:466]: Opcode: 0b00000
02:55:32 [94mTRACE[0m [src/opcodes/shifts.m:3]: [SLL] R0 (0x00000000) = R0 (0x00000000) << 0x00
02:55:32 [94mTRACE[0m [src/cpu.c:244]: RAM size: 0x00001000 read: 0x00000250
02:55:32 [94mTRACE[0m [src/cpu.c:465]: Instruction: 0x00000000
02:55:32 [94mTRACE[0m [src/cpu.c:466]: Opcode: 0b00000
02:55:32 [94mTRACE[0m [src/opcodes/shifts.m:3]: [SLL] R0 (0x00000000) = R0 (0x00000000) << 0x00
02:55:32 [94mTRACE[0m [src/cpu.c:244]: RAM size: 0x00001000 read: 0x00000254
02:55:32 [94mTRACE[0m [src/cpu.c:465]: Instruction: 0x00000000
02:55:32 [94mTRACE[0m [src/cpu.c:466]: Opcode: 0b00000
02:55:32 [94mTRACE[0m [src/opcodes/shifts.m:3]: [SLL] R0 (0x00000000) = R0 (0x00000000) << 0x00
02:55:32 [94mTRACE[0m [src/cpu.c:244]: RAM size: 0x00001000 read: 0x00000258
02:55:32 [94mTRACE[0m [src/cpu.c:465]: Instruction: 0x00000000
02:55:32 [94mTRACE[0m [src/cpu.c:466]: Opcode: 0b00000
02:55:32 [94mTRACE[0m [src/opcodes/shifts.m:3]: [SLL] R0 (0x00000000) = R0 (0x00000000) << 0x00
02:55:32 [94mTRACE[0m [src/cpu.c:244]: RAM size: 0x00001000 read: 0x0000025C
02:55:32 [94mTRACE[0m [src/cpu.c:465]: Instruction: 0x00000000
02:55:32 [94mTRACE[0m [src/cpu.c:466]: Opcode: 0b00000
02:55:32 [94mTRACE[0m [src/opcodes/shifts.m:3]: [SLL] R0 (0x00000000) = R0 (0x00000000) << 0x00
02:55:32 [94mTRACE[0m [src/cpu.c:244]: RAM size: 0x00001000 read: 0x00000260
02:55:32 [94mTRACE[0m [src/cpu.c:465]: Instruction: 0x00000000
02:55:32 [94mTRACE[0m [src/cpu.c:466]: Opcode: 0b00000
02:55:32 [94mTRACE[0m [src/opcodes/shifts.m:3]: [SLL] R0 (0x00000000) = R0 (0x00000000) << 0x00
02:55:32 [94mTRACE[0m [src/cpu.c:244]: RAM size: 0x00001000 read: 0x00000264
02:55:32 [94mTRACE[0m [src/cpu.c:465]: Instruction: 0x00000000
02:55:32 [94mTRACE[0m [src/cpu.c:466]: Opcode: 0b00000
02:55:32 [94mTRACE[0m [src/opcodes/shifts.m:3]: [SLL] R0 (0x00000000) = R0 (0x00000000) << 0x00
02:55:32 [94mTRACE[0m [src/cpu.c:244]: RAM size: 0x00001000 read: 0x00000268
02:55:32 [94mTRACE[0m [src/cpu.c:465]: Instruction: 0x00000000
02:55:32 [94mTRACE[0m [src/cpu.c:466]: Opcode: 0b00000
02:55:32 [94mTRACE[0m [src/opcodes/shifts.m:3]: [SLL] R0 (0x00000000) = R0 (0x00000000) << 0x00
02:55:32 [94mTRACE[0m [src/cpu.c:244]: RAM size: 0x00001000 read: 0x0000026C
02:55:32 [94mTRACE[0m [src/cpu.c:465]: Instruction: 0x00000000
02:55:32 [94mTRACE[0m [src/cpu.c:466]: Opcode: 0b00000
02:55:32 [94mTRACE[0m [src/opcodes/shifts.m:3]: [SLL] R0 (0x00000000) = R0 (0x00000000) << 0x00
02:55:32 [94mTRACE[0m [src/cpu.c:244]: RAM size: 0x00001000 read: 0x00000270
02:55:32 [94mTRACE[0m [src/cpu.c:465]: Instruction: 0x00000000
02:55:32 [94mTRACE[0m [src/cpu.c:466]: Opcode: 0b00000
02:55:32 [94mTRACE[0m [src/opcodes/shifts.m:3]: [SLL] R0 (0x00000000) = R0 (0x00000000) << 0x00
02:55:32 [94mTRACE[0m [src/cpu.c:244]: RAM size: 0x00001000 read: 0x00000274
02:55:32 [94mTRACE[0m [src/cpu.c:465]: Instruction: 0x00000000
02:55:32 [94mTRACE[0m [src/cpu.c:466]: Opcode: 0b00000
02:55:32 [94mTRACE[0m [src/opcodes/shifts.m:3]: [SLL] R0 (0x00000000) = R0 (0x00000000) << 0x00
02:55:32 [94mTRACE[0m [src/cpu.c:244]: RAM size: 0x00001000 read: 0x00000278
02:55:32 [94mTRACE[0m [src/cpu.c:465]: Instruction: 0x00000000
02:55:32 [94mTRACE[0m [src/cpu.c:466]: Opcode: 0b00000
02:55:32 [94mTRACE[0m [src/opcodes/shifts.m:3]: [SLL] R0 (0x00000000) = R0 (0x00000000) << 0x00
02:55:32 [94mTRACE[0m [src/cpu.c:244]: RAM size: 0x00001000 read: 0x0000027C
02:55:32 [94mTRACE[0m [src/cpu.c:465]: Instruction: 0x00000000
02:55:32 [94mTRACE[0m [src/cpu.c:466]: Opcode: 0b00000
02:55:32 [94mTRACE[0m [src/opcodes/shifts.m:3]: [SLL] R0 (0x00000000) = R0 (0x00000000) << 0x00
02:55:32 [94mTRACE[0m [src/cpu.c:244]: RAM size: 0x00001000 read: 0x00000280
02:55:32 [94mTRACE[0m [src/cpu.c:465]: Instruction: 0x00000000
02:55:32 [94mTRACE[0m [src/cpu.c:466]: Opcode: 0b00000
02:55:32 [94mTRACE[0m [src/opcodes/shifts.m:3]: [SLL] R0 (0x00000000) = R0 (0x00000000) << 0x00
02:55:32 [94mTRACE[0m [src/cpu.c:244]: RAM size: 0x00001000 read: 0x00000284
02:55:32 [94mTRACE[0m [src/cpu.c:465]: Instruction: 0x00000000
02:55:32 [94mTRACE[0m [src/cpu.c:466]: Opcode: 0b00000
02:55:32 [94mTRACE[0m [src/opcodes/shifts.m:3]: [SLL] R0 (0x00000000) = R0 (0x00000000) << 0x00
02:55:32 [94mTRACE[0m [src/cpu.c:244]: RAM size: 0x00001000 read: 0x00000288
02:55:32 [94mTRACE[0m [src/cpu.c:465]: Instruction: 0x00000000
02:55:32 [94mTRACE[0m [src/cpu.c:466]: Opcode: 0b00000
02:55:32 [94mTRACE[0m [src/opcodes/shifts.m:3]: [SLL] R0 (0x00000000) = R0 (0x00000000) << 0x00
02:55:32 [94mTRACE[0m [src/cpu.c:244]: RAM size: 0x00001000 read: 0x0000028C
02:55:32 [94mTRACE[0m [src/cpu.c:465]: Instruction: 0x00000000
02:55:32 [94mTRACE[0m [src/cpu.c:466]: Opcode: 0b00000
02:55:32 [94mTRACE[0m [src/opcodes/shifts.m:3]: [SLL] R0 (0x00000000) = R0 (0x00000000) << 0x00
02:55:32 [94mTRACE[0m [src/cpu.c:244]: RAM size: 0x00001000 read: 0x00000290
02:55:32 [94mTRACE[0m [src/cpu.c:465]: Instruction: 0x00000000
02:55:32 [94mTRACE[0m [src/cpu.c:466]: Opcode: 0b00000
02:55:32 [94mTRACE[0m [src/opcodes/shifts.m:3]: [SLL] R0 (0x00000000) = R0 (0x00000000) << 0x00
02:55:32 [94mTRACE[0m [src/cpu.c:244]: RAM size: 0x00001000 read: 0x00000294
02:55:32 [94mTRACE[0m [src/cpu.c:465]: Instruction: 0x00000000
02:55:32 [94mTRACE[0m [src/cpu.c:466]: Opcode: 0b00000
02:55:32 [94mTRACE[0m [src/opcodes/shifts.m:3]: [SLL] R0 (0x00000000) = R0 (0x00000000) << 0x00
02:55:32 [94mTRACE[0m [src/cpu.c:244]: RAM size: 0x00001000 read: 0x00000298
02:55:32 [94mTRACE[0m [src/cpu.c:465]: Instruction: 0x00000000
02:55:32 [94mTRACE[0m [src/cpu.c:466]: Opcode: 0b00000
02:55:32 [94mTRACE[0m [src/opcodes/shifts.m:3]: [SLL] R0 (0x00000000) = R0 (0x00000000) << 0x00
02:55:32 [94mTRACE[0m [src/cpu.c:244]: RAM size: 0x00001000 read: 0x0000029C
02:55:32 [94mTRACE[0m [src/cpu.c:465]: Instruction: 0x00000000
02:55:32 [94mTRACE[0m [src/cpu.c:466]: Opcode: 0b00000
02:55:32 [94mTRACE[0m [src/opcodes/shifts.m:3]: [SLL] R0 (0x00000000) = R0 (0x00000000) << 0x00
02:55:32 [94mTRACE[0m [src/cpu.c:244]: RAM size: 0x00001000 read: 0x000002A0
02:55:32 [94mTRACE[0m [src/cpu.c:465]: Instruction: 0x00000000
02:55:32 [94mTRACE[0m [src/cpu.c:466]: Opcode: 0b00000
02:55:32 [94mTRACE[0m [src/opcodes/shifts.m:3]: [SLL] R0 (0x00000000) = R0 (0x00000000) << 0x00
02:55:32 [94mTRACE[0m [src/cpu.c:244]: RAM size: 0x00001000 read: 0x000002A4
02:55:32 [94mTRACE[0m [src/cpu.c:465]: Instruction: 0x00000000
02:55:32 [94mTRACE[0m [src/cpu.c:466]: Opcode: 0b00000
02:55:32 [94mTRACE[0m [src/opcodes/shifts.m:3]: [SLL] R0 (0x00000000) = R0 (0x00000000) << 0x00
02:55:32 [94mTRACE[0m [src/cpu.c:244]: RAM size: 0x00001000 read: 0x000002A8
02:55:32 [94mTRACE[0m [src/cpu.c:465]: Instruction: 0x00000000
02:55:32 [94mTRACE[0m [src/cpu.c:466]: Opcode: 0b00000
02:55:32 [94mTRACE[0m [src/opcodes/shifts.m:3]: [SLL] R0 (0x00000000) = R0 (0x00000000) << 0x00
02:55:32 [94mTRACE[0m [src/cpu.c:244]: RAM size: 0x00001000 read: 0x000002AC
02:55:32 [94mTRACE[0m [src/cpu.c:465]: Instruction: 0x00000000
02:55:32 [94mTRACE[0m [src/cpu.c:466]: Opcode: 0b00000
02:55:32 [94mTRACE[0m [src/opcodes/shifts.m:3]: [SLL] R0 (0x00000000) = R0 (0x00000000) << 0x00
02:55:32 [94mTRACE[0m [src/cpu.c:244]: RAM size: 0x00001000 read: 0x000002B0
02:55:32 [94mTRACE[0m [src/cpu.c:465]: Instruction: 0x00000000
02:55:32 [94mTRACE[0m [src/cpu.c:466]: Opcode: 0b00000
02:55:32 [94mTRACE[0m [src/opcodes/shifts.m:3]: [SLL] R0 (0x00000000) = R0 (0x00000000) << 0x00
02:55:32 [94mTRACE[0m [src/cpu.c:244]: RAM size: 0x00001000 read: 0x000002B4
02:55:32 [94mTRACE[0m [src/cpu.c:465]: Instruction: 0x00000000
02:55:32 [94mTRACE[0m [src/cpu.c:466]: Opcode: 0b00000
02:55:32 [94mTRACE[0m [src/opcodes/shifts.m:3]: [SLL] R0 (0x00000000) = R0 (0x00000000) << 0x00
02:55:32 [94mTRACE[0m [src/cpu.c:244]: RAM size: 0x00001000 read: 0x000002B8
02:55:32 [94mTRACE[0m [src/cpu.c:465]: Instruction: 0x00000000
02:55:32 [94mTRACE[0m [src/cpu.c:466]: Opcode: 0b00000
02:55:32 [94mTRACE[0m [src/opcodes/shifts.m:3]: [SLL] R0 (0x00000000) = R0 (0x00000000) << 0x00
02:55:32 [94mTRACE[0m [src/cpu.c:244]: RAM size: 0x00001000 read: 0x000002BC
02:55:32 [94mTRACE[0m [src/cpu.c:465]: Instruction: 0x00000000
02:55:32 [94mTRACE[0m [src/cpu.c:466]: Opcode: 0b00000
02:55:32 [94mTRACE[0m [src/opcodes/shifts.m:3]: [SLL] R0 (0x00000000) = R0 (0x00000000) << 0x00
02:55:32 [94mTRACE[0m [src/cpu.c:244]: RAM size: 0x00001000 read: 0x000002C0
02:55:32 [94mTRACE[0m [src/cpu.c:465]: Instruction: 0x00000000
02:55:32 [94mTRACE[0m [src/cpu.c:466]: Opcode: 0b00000
02:55:32 [94mTRACE[0m [src/opcodes/shifts.m:3]: [SLL] R0 (0x00000000) = R0 (0x00000000) << 0x00
02:55:32 [94mTRACE[0m [src/cpu.c:244]: RAM size: 0x00001000 read: 0x000002C4
02:55:32 [94mTRACE[0m [src/cpu.c:465]: Instruction: 0x00000000
02:55:32 [94mTRACE[0m [src/cpu.c:466]: Opcode: 0b00000
02:55:32 [94mTRACE[0m [src/opcodes/shifts.m:3]: [SLL] R0 (0x00000000) = R0 (0x00000000) << 0x00
02:55:32 [94mTRACE[0m [src/cpu.c:244]: RAM size: 0x00001000 read: 0x000002C8
02:55:32 [94mTRACE[0m [src/cpu.c:465]: Instruction: 0x00000000
02:55:32 [94mTRACE[0m [src/cpu.c:466]: Opcode: 0b00000
02:55:32 [94mTRACE[0m [src/opcodes/shifts.m:3]: [SLL] R0 (0x00000000) = R0 (0x00000000) << 0x00
02:55:32 [94mTRACE[0m [src/cpu.c:244]: RAM size: 0x00001000 read: 0x000002CC
02:55:32 [94mTRACE[0m [src/cpu.c:465]: Instruction: 0x00000000
02:55:32 [94mTRACE[0m [src/cpu.c:466]: Opcode: 0b00000
02:55:32 [94mTRACE[0m [src/opcodes/shifts.m:3]: [SLL] R0 (0x00000000) = R0 (0x00000000) << 0x00
02:55:32 [94mTRACE[0m [src/cpu.c:244]: RAM size: 0x00001000 read: 0x000002D0
02:55:32 [94mTRACE[0m [src/cpu.c:465]: Instruction: 0x00000000
02:55:32 [94mTRACE[0m [src/cpu.c:466]: Opcode: 0b00000
02:55:32 [94mTRACE[0m [src/opcodes/shifts.m:3]: [SLL] R0 (0x00000000) = R0 (0x00000000) << 0x00
02:55:32 [94mTRACE[0m [src/cpu.c:244]: RAM size: 0x00001000 read: 0x000002D4
02:55:32 [94mTRACE[0m [src/cpu.c:465]: Instruction: 0x00000000
02:55:32 [94mTRACE[0m [src/cpu.c:466]: Opcode: 0b00000
02:55:32 [94mTRACE[0m [src/opcodes/shifts.m:3]: [SLL] R0 (0x00000000) = R0 (0x00000000) << 0x00
02:55:32 [94mTRACE[0m [src/cpu.c:244]: RAM size: 0x00001000 read: 0x000002D8
02:55:32 [94mTRACE[0m [src/cpu.c:465]: Instruction: 0x00000000
02:55:32 [94mTRACE[0m [src/cpu.c:466]: Opcode: 0b00000
02:55:32 [94mTRACE[0m [src/opcodes/shifts.m:3]: [SLL] R0 (0x00000000) = R0 (0x00000000) << 0x00
02:55:32 [94mTRACE[0m [src/cpu.c:244]: RAM size: 0x00001000 read: 0x000002DC
02:55:32 [94mTRACE[0m [src/cpu.c:465]: Instruction: 0x00000000
02:55:32 [94mTRACE[0m [src/cpu.c:466]: Opcode: 0b00000
02:55:32 [94mTRACE[0m [src/opcodes/shifts.m:3]: [SLL] R0 (0x00000000) = R0 (0x00000000) << 0x00
02:55:32 [94mTRACE[0m [src/cpu.c:244]: RAM size: 0x00001000 read: 0x000002E0
02:55:32 [94mTRACE[0m [src/cpu.c:465]: Instruction: 0x00000000
02:55:32 [94mTRACE[0m [src/cpu.c:466]: Opcode: 0b00000
02:55:32 [94mTRACE[0m [src/opcodes/shifts.m:3]: [SLL] R0 (0x00000000) = R0 (0x00000000) << 0x00
02:55:32 [94mTRACE[0m [src/cpu.c:244]: RAM size: 0x00001000 read: 0x000002E4
02:55:32 [94mTRACE[0m [src/cpu.c:465]: Instruction: 0x00000000
02:55:32 [94mTRACE[0m [src/cpu.c:466]: Opcode: 0b00000
02:55:32 [94mTRACE[0m [src/opcodes/shifts.m:3]: [SLL] R0 (0x00000000) = R0 (0x00000000) << 0x00
02:55:32 [94mTRACE[0m [src/cpu.c:244]: RAM size: 0x00001000 read: 0x000002E8
02:55:32 [94mTRACE[0m [src/cpu.c:465]: Instruction: 0x00000000
02:55:32 [94mTRACE[0m [src/cpu.c:466]: Opcode: 0b00000
02:55:32 [94mTRACE[0m [src/opcodes/shifts.m:3]: [SLL] R0 (0x00000000) = R0 (0x00000000) << 0x00
02:55:32 [94mTRACE[0m [src/cpu.c:244]: RAM size: 0x00001000 read: 0x000002EC
02:55:32 [94mTRACE[0m [src/cpu.c:465]: Instruction: 0x00000000
02:55:32 [94mTRACE[0m [src/cpu.c:466]: Opcode: 0b00000
02:55:32 [94mTRACE[0m [src/opcodes/shifts.m:3]: [SLL] R0 (0x00000000) = R0 (0x00000000) << 0x00
02:55:32 [94mTRACE[0m [src/cpu.c:244]: RAM size: 0x00001000 read: 0x000002F0
02:55:32 [94mTRACE[0m [src/cpu.c:465]: Instruction: 0x00000000
02:55:32 [94mTRACE[0m [src/cpu.c:466]: Opcode: 0b00000
02:55:32 [94mTRACE[0m [src/opcodes/shifts.m:3]: [SLL] R0 (0x00000000) = R0 (0x00000000) << 0x00
02:55:32 [94mTRACE[0m [src/cpu.c:244]: RAM size: 0x00001000 read: 0x000002F4
02:55:32 [94mTRACE[0m [src/cpu.c:465]: Instruction: 0x00000000
02:55:32 [94mTRACE[0m [src/cpu.c:466]: Opcode: 0b00000
02:55:32 [94mTRACE[0m [src/opcodes/shifts.m:3]: [SLL] R0 (0x00000000) = R0 (0x00000000) << 0x00
02:55:32 [94mTRACE[0m [src/cpu.c:244]: RAM size: 0x00001000 read: 0x000002F8
02:55:32 [94mTRACE[0m [src/cpu.c:465]: Instruction: 0x00000000
02:55:32 [94mTRACE[0m [src/cpu.c:466]: Opcode: 0b00000
02:55:32 [94mTRACE[0m [src/opcodes/shifts.m:3]: [SLL] R0 (0x00000000) = R0 (0x00000000) << 0x00
02:55:32 [94mTRACE[0m [src/cpu.c:244]: RAM size: 0x00001000 read: 0x000002FC
02:55:32 [94mTRACE[0m [src/cpu.c:465]: Instruction: 0x00000000
02:55:32 [94mTRACE[0m [src/cpu.c:466]: Opcode: 0b00000
02:55:32 [94mTRACE[0m [src/opcodes/shifts.m:3]: [SLL] R0 (0x00000000) = R0 (0x00000000) << 0x00
02:55:32 [94mTRACE[0m [src/cpu.c:244]: RAM size: 0x00001000 read: 0x00000300
02:55:32 [94mTRACE[0m [src/cpu.c:465]: Instruction: 0x00000000
02:55:32 [94mTRACE[0m [src/cpu.c:466]: Opcode: 0b00000
02:55:32 [94mTRACE[0m [src/opcodes/shifts.m:3]: [SLL] R0 (0x00000000) = R0 (0x00000000) << 0x00
02:55:32 [94mTRACE[0m [src/cpu.c:244]: RAM size: 0x00001000 read: 0x00000304
02:55:32 [94mTRACE[0m [src/cpu.c:465]: Instruction: 0x00000000
02:55:32 [94mTRACE[0m [src/cpu.c:466]: Opcode: 0b00000
02:55:32 [94mTRACE[0m [src/opcodes/shifts.m:3]: [SLL] R0 (0x00000000) = R0 (0x00000000) << 0x00
02:55:32 [94mTRACE[0m [src/cpu.c:244]: RAM size: 0x00001000 read: 0x00000308
02:55:32 [94mTRACE[0m [src/cpu.c:465]: Instruction: 0x00000000
02:55:32 [94mTRACE[0m [src/cpu.c:466]: Opcode: 0b00000
02:55:32 [94mTRACE[0m [src/opcodes/shifts.m:3]: [SLL] R0 (0x00000000) = R0 (0x00000000) << 0x00
02:55:32 [94mTRACE[0m [src/cpu.c:244]: RAM size: 0x00001000 read: 0x0000030C
02:55:32 [94mTRACE[0m [src/cpu.c:465]: Instruction: 0x00000000
02:55:32 [94mTRACE[0m [src/cpu.c:466]: Opcode: 0b00000
02:55:32 [94mTRACE[0m [src/opcodes/shifts.m:3]: [SLL] R0 (0x00000000) = R0 (0x00000000) << 0x00
02:55:32 [94mTRACE[0m [src/cpu.c:244]: RAM size: 0x00001000 read: 0x00000310
02:55:32 [94mTRACE[0m [src/cpu.c:465]: Instruction: 0x00000000
02:55:32 [94mTRACE[0m [src/cpu.c:466]: Opcode: 0b00000
02:55:32 [94mTRACE[0m [src/opcodes/shifts.m:3]: [SLL] R0 (0x00000000) = R0 (0x00000000) << 0x00
02:55:32 [94mTRACE[0m [src/cpu.c:244]: RAM size: 0x00001000 read: 0x00000314
02:55:32 [94mTRACE[0m [src/cpu.c:465]: Instruction: 0x00000000
02:55:32 [94mTRACE[0m [src/cpu.c:466]: Opcode: 0b00000
02:55:32 [94mTRACE[0m [src/opcodes/shifts.m:3]: [SLL] R0 (0x00000000) = R0 (0x00000000) << 0x00
02:55:32 [94mTRACE[0m [src/cpu.c:244]: RAM size: 0x00001000 read: 0x00000318
02:55:32 [94mTRACE[0m [src/cpu.c:465]: Instruction: 0x00000000
02:55:32 [94mTRACE[0m [src/cpu.c:466]: Opcode: 0b00000
02:55:32 [94mTRACE[0m [src/opcodes/shifts.m:3]: [SLL] R0 (0x00000000) = R0 (0x00000000) << 0x00
02:55:32 [94mTRACE[0m [src/cpu.c:244]: RAM size: 0x00001000 read: 0x0000031C
02:55:32 [94mTRACE[0m [src/cpu.c:465]: Instruction: 0x00000000
02:55:32 [94mTRACE[0m [src/cpu.c:466]: Opcode: 0b00000
02:55:32 [94mTRACE[0m [src/opcodes/shifts.m:3]: [SLL] R0 (0x00000000) = R0 (0x00000000) << 0x00
02:55:32 [94mTRACE[0m [src/cpu.c:244]: RAM size: 0x00001000 read: 0x00000320
02:55:32 [94mTRACE[0m [src/cpu.c:465]: Instruction: 0x00000000
02:55:32 [94mTRACE[0m [src/cpu.c:466]: Opcode: 0b00000
02:55:32 [94mTRACE[0m [src/opcodes/shifts.m:3]: [SLL] R0 (0x00000000) = R0 (0x00000000) << 0x00
02:55:32 [94mTRACE[0m [src/cpu.c:244]: RAM size: 0x00001000 read: 0x00000324
02:55:32 [94mTRACE[0m [src/cpu.c:465]: Instruction: 0x00000000
02:55:32 [94mTRACE[0m [src/cpu.c:466]: Opcode: 0b00000
02:55:32 [94mTRACE[0m [src/opcodes/shifts.m:3]: [SLL] R0 (0x00000000) = R0 (0x00000000) << 0x00
02:55:32 [94mTRACE[0m [src/cpu.c:244]: RAM size: 0x00001000 read: 0x00000328
02:55:32 [94mTRACE[0m [src/cpu.c:465]: Instruction: 0x00000000
02:55:32 [94mTRACE[0m [src/cpu.c:466]: Opcode: 0b00000
02:55:32 [94mTRACE[0m [src/opcodes/shifts.m:3]: [SLL] R0 (0x00000000) = R0 (0x00000000) << 0x00
02:55:32 [94mTRACE[0m [src/cpu.c:244]: RAM size: 0x00001000 read: 0x0000032C
02:55:32 [94mTRACE[0m [src/cpu.c:465]: Instruction: 0x00000000
02:55:32 [94mTRACE[0m [src/cpu.c:466]: Opcode: 0b00000
02:55:32 [94mTRACE[0m [src/opcodes/shifts.m:3]: [SLL] R0 (0x00000000) = R0 (0x00000000) << 0x00
02:55:32 [94mTRACE[0m [src/cpu.c:244]: RAM size: 0x00001000 read: 0x00000330
02:55:32 [94mTRACE[0m [src/cpu.c:465]: Instruction: 0x00000000
02:55:32 [94mTRACE[0m [src/cpu.c:466]: Opcode: 0b00000
02:55:32 [94mTRACE[0m [src/opcodes/shifts.m:3]: [SLL] R0 (0x00000000) = R0 (0x00000000) << 0x00
02:55:32 [94mTRACE[0m [src/cpu.c:244]: RAM size: 0x00001000 read: 0x00000334
02:55:32 [94mTRACE[0m [src/cpu.c:465]: Instruction: 0x00000000
02:55:32 [94mTRACE[0m [src/cpu.c:466]: Opcode: 0b00000
02:55:32 [94mTRACE[0m [src/opcodes/shifts.m:3]: [SLL] R0 (0x00000000) = R0 (0x00000000) << 0x00
02:55:32 [94mTRACE[0m [src/cpu.c:244]: RAM size: 0x00001000 read: 0x00000338
02:55:32 [94mTRACE[0m [src/cpu.c:465]: Instruction: 0x00000000
02:55:32 [94mTRACE[0m [src/cpu.c:466]: Opcode: 0b00000
02:55:32 [94mTRACE[0m [src/opcodes/shifts.m:3]: [SLL] R0 (0x00000000) = R0 (0x00000000) << 0x00
02:55:32 [94mTRACE[0m [src/cpu.c:244]: RAM size: 0x00001000 read: 0x0000033C
02:55:32 [94mTRACE[0m [src/cpu.c:465]: Instruction: 0x00000000
02:55:32 [94mTRACE[0m [src/cpu.c:466]: Opcode: 0b00000
02:55:32 [94mTRACE[0m [src/opcodes/shifts.m:3]: [SLL] R0 (0x00000000) = R0 (0x00000000) << 0x00
02:55:32 [94mTRACE[0m [src/cpu.c:244]: RAM size: 0x00001000 read: 0x00000340
02:55:32 [94mTRACE[0m [src/cpu.c:465]: Instruction: 0x00000000
02:55:32 [94mTRACE[0m [src/cpu.c:466]: Opcode: 0b00000
02:55:32 [94mTRACE[0m [src/opcodes/shifts.m:3]: [SLL] R0 (0x00000000) = R0 (0x00000000) << 0x00
02:55:32 [94mTRACE[0m [src/cpu.c:244]: RAM size: 0x00001000 read: 0x00000344
02:55:32 [94mTRACE[0m [src/cpu.c:465]: Instruction: 0x00000000
02:55:32 [94mTRACE[0m [src/cpu.c:466]: Opcode: 0b00000
02:55:32 [94mTRACE[0m [src/opcodes/shifts.m:3]: [SLL] R0 (0x00000000) = R0 (0x00000000) << 0x00
02:55:32 [94mTRACE[0m [src/cpu.c:244]: RAM size: 0x00001000 read: 0x00000348
02:55:32 [94mTRACE[0m [src/cpu.c:465]: Instruction: 0x00000000
02:55:32 [94mTRACE[0m [src/cpu.c:466]: Opcode: 0b00000
02:55:32 [94mTRACE[0m [src/opcodes/shifts.m:3]: [SLL] R0 (0x00000000) = R0 (0x00000000) << 0x00
02:55:32 [94mTRACE[0m [src/cpu.c:244]: RAM size: 0x00001000 read: 0x0000034C
02:55:32 [94mTRACE[0m [src/cpu.c:465]: Instruction: 0x00000000
02:55:32 [94mTRACE[0m [src/cpu.c:466]: Opcode: 0b00000
02:55:32 [94mTRACE[0m [src/opcodes/shifts.m:3]: [SLL] R0 (0x00000000) = R0 (0x00000000) << 0x00
02:55:32 [94mTRACE[0m [src/cpu.c:244]: RAM size: 0x00001000 read: 0x00000350
02:55:32 [94mTRACE[0m [src/cpu.c:465]: Instruction: 0x00000000
02:55:32 [94mTRACE[0m [src/cpu.c:466]: Opcode: 0b00000
02:55:32 [94mTRACE[0m [src/opcodes/shifts.m:3]: [SLL] R0 (0x00000000) = R0 (0x00000000) << 0x00
02:55:32 [94mTRACE[0m [src/cpu.c:244]: RAM size: 0x00001000 read: 0x00000354
02:55:32 [94mTRACE[0m [src/cpu.c:465]: Instruction: 0x00000000
02:55:32 [94mTRACE[0m [src/cpu.c:466]: Opcode: 0b00000
02:55:32 [94mTRACE[0m [src/opcodes/shifts.m:3]: [SLL] R0 (0x00000000) = R0 (0x00000000) << 0x00
02:55:32 [94mTRACE[0m [src/cpu.c:244]: RAM size: 0x00001000 read: 0x00000358
02:55:32 [94mTRACE[0m [src/cpu.c:465]: Instruction: 0x00000000
02:55:32 [94mTRACE[0m [src/cpu.c:466]: Opcode: 0b00000
02:55:32 [94mTRACE[0m [src/opcodes/shifts.m:3]: [SLL] R0 (0x00000000) = R0 (0x00000000) << 0x00
02:55:32 [94mTRACE[0m [src/cpu.c:244]: RAM size: 0x00001000 read: 0x0000035C
02:55:32 [94mTRACE[0m [src/cpu.c:465]: Instruction: 0x00000000
02:55:32 [94mTRACE[0m [src/cpu.c:466]: Opcode: 0b00000
02:55:32 [94mTRACE[0m [src/opcodes/shifts.m:3]: [SLL] R0 (0x00000000) = R0 (0x00000000) << 0x00
02:55:32 [94mTRACE[0m [src/cpu.c:244]: RAM size: 0x00001000 read: 0x00000360
02:55:32 [94mTRACE[0m [src/cpu.c:465]: Instruction: 0x00000000
02:55:32 [94mTRACE[0m [src/cpu.c:466]: Opcode: 0b00000
02:55:32 [94mTRACE[0m [src/opcodes/shifts.m:3]: [SLL] R0 (0x00000000) = R0 (0x00000000) << 0x00
02:55:32 [94mTRACE[0m [src/cpu.c:244]: RAM size: 0x00001000 read: 0x00000364
02:55:32 [94mTRACE[0m [src/cpu.c:465]: Instruction: 0x00000000
02:55:32 [94mTRACE[0m [src/cpu.c:466]: Opcode: 0b00000
02:55:32 [94mTRACE[0m [src/opcodes/shifts.m:3]: [SLL] R0 (0x00000000) = R0 (0x00000000) << 0x00
02:55:32 [94mTRACE[0m [src/cpu.c:244]: RAM size: 0x00001000 read: 0x00000368
02:55:32 [94mTRACE[0m [src/cpu.c:465]: Instruction: 0x00000000
02:55:32 [94mTRACE[0m [src/cpu.c:466]: Opcode: 0b00000
02:55:32 [94mTRACE[0m [src/opcodes/shifts.m:3]: [SLL] R0 (0x00000000) = R0 (0x00000000) << 0x00
02:55:32 [94mTRACE[0m [src/cpu.c:244]: RAM size: 0x00001000 read: 0x0000036C
02:55:32 [94mTRACE[0m [src/cpu.c:465]: Instruction: 0x00000000
02:55:32 [94mTRACE[0m [src/cpu.c:466]: Opcode: 0b00000
02:55:32 [94mTRACE[0m [src/opcodes/shifts.m:3]: [SLL] R0 (0x00000000) = R0 (0x00000000) << 0x00
02:55:32 [94mTRACE[0m [src/cpu.c:244]: RAM size: 0x00001000 read: 0x00000370
02:55:32 [94mTRACE[0m [src/cpu.c:465]: Instruction: 0x00000000
02:55:32 [94mTRACE[0m [src/cpu.c:466]: Opcode: 0b00000
02:55:32 [94mTRACE[0m [src/opcodes/shifts.m:3]: [SLL] R0 (0x00000000) = R0 (0x00000000) << 0x00
02:55:32 [94mTRACE[0m [src/cpu.c:244]: RAM size: 0x00001000 read: 0x00000374
02:55:32 [94mTRACE[0m [src/cpu.c:465]: Instruction: 0x00000000
02:55:32 [94mTRACE[0m [src/cpu.c:466]: Opcode: 0b00000
02:55:32 [94mTRACE[0m [src/opcodes/shifts.m:3]: [SLL] R0 (0x00000000) = R0 (0x00000000) << 0x00
02:55:32 [94mTRACE[0m [src/cpu.c:244]: RAM size: 0x00001000 read: 0x00000378
02:55:32 [94mTRACE[0m [src/cpu.c:465]: Instruction: 0x00000000
02:55:32 [94mTRACE[0m [src/cpu.c:466]: Opcode: 0b00000
02:55:32 [94mTRACE[0m [src/opcodes/shifts.m:3]: [SLL] R0 (0x00000000) = R0 (0x00000000) << 0x00
02:55:32 [94mTRACE[0m [src/cpu.c:244]: RAM size: 0x00001000 read: 0x0000037C
02:55:32 [94mTRACE[0m [src/cpu.c:465]: Instruction: 0x00000000
02:55:32 [94mTRACE[0m [src/cpu.c:466]: Opcode: 0b00000
02:55:32 [94mTRACE[0m [src/opcodes/shifts.m:3]: [SLL] R0 (0x00000000) = R0 (0x00000000) << 0x00
02:55:32 [94mTRACE[0m [src/cpu.c:244]: RAM size: 0x00001000 read: 0x00000380
02:55:32 [94mTRACE[0m [src/cpu.c:465]: Instruction: 0x00000000
02:55:32 [94mTRACE[0m [src/cpu.c:466]: Opcode: 0b00000
02:55:32 [94mTRACE[0m [src/opcodes/shifts.m:3]: [SLL] R0 (0x00000000) = R0 (0x00000000) << 0x00
02:55:32 [94mTRACE[0m [src/cpu.c:244]: RAM size: 0x00001000 read: 0x00000384
02:55:32 [94mTRACE[0m [src/cpu.c:465]: Instruction: 0x00000000
02:55:32 [94mTRACE[0m [src/cpu.c:466]: Opcode: 0b00000
02:55:32 [94mTRACE[0m [src/opcodes/shifts.m:3]: [SLL] R0 (0x00000000) = R0 (0x00000000) << 0x00
02:55:32 [94mTRACE[0m [src/cpu.c:244]: RAM size: 0x00001000 read: 0x00000388
02:55:32 [94mTRACE[0m [src/cpu.c:465]: Instruction: 0x00000000
02:55:32 [94mTRACE[0m [src/cpu.c:466]: Opcode: 0b00000
02:55:32 [94mTRACE[0m [src/opcodes/shifts.m:3]: [SLL] R0 (0x00000000) = R0 (0x00000000) << 0x00
02:55:32 [94mTRACE[0m [src/cpu.c:244]: RAM size: 0x00001000 read: 0x0000038C
02:55:32 [94mTRACE[0m [src/cpu.c:465]: Instruction: 0x00000000
02:55:32 [94mTRACE[0m [src/cpu.c:466]: Opcode: 0b00000
02:55:32 [94mTRACE[0m [src/opcodes/shifts.m:3]: [SLL] R0 (0x00000000) = R0 (0x00000000) << 0x00
02:55:32 [94mTRACE[0m [src/cpu.c:244]: RAM size: 0x00001000 read: 0x00000390
02:55:32 [94mTRACE[0m [src/cpu.c:465]: Instruction: 0x00000000
02:55:32 [94mTRACE[0m [src/cpu.c:466]: Opcode: 0b00000
02:55:32 [94mTRACE[0m [src/opcodes/shifts.m:3]: [SLL] R0 (0x00000000) = R0 (0x00000000) << 0x00
02:55:32 [94mTRACE[0m [src/cpu.c:244]: RAM size: 0x00001000 read: 0x00000394
02:55:32 [94mTRACE[0m [src/cpu.c:465]: Instruction: 0x00000000
02:55:32 [94mTRACE[0m [src/cpu.c:466]: Opcode: 0b00000
02:55:32 [94mTRACE[0m [src/opcodes/shifts.m:3]: [SLL] R0 (0x00000000) = R0 (0x00000000) << 0x00
02:55:32 [94mTRACE[0m [src/cpu.c:244]: RAM size: 0x00001000 read: 0x00000398
02:55:32 [94mTRACE[0m [src/cpu.c:465]: Instruction: 0x00000000
02:55:32 [94mTRACE[0m [src/cpu.c:466]: Opcode: 0b00000
02:55:32 [94mTRACE[0m [src/opcodes/shifts.m:3]: [SLL] R0 (0x00000000) = R0 (0x00000000) << 0x00
02:55:32 [94mTRACE[0m [src/cpu.c:244]: RAM size: 0x00001000 read: 0x0000039C
02:55:32 [94mTRACE[0m [src/cpu.c:465]: Instruction: 0x00000000
02:55:32 [94mTRACE[0m [src/cpu.c:466]: Opcode: 0b00000
02:55:32 [94mTRACE[0m [src/opcodes/shifts.m:3]: [SLL] R0 (0x00000000) = R0 (0x00000000) << 0x00
02:55:32 [94mTRACE[0m [src/cpu.c:244]: RAM size: 0x00001000 read: 0x000003A0
02:55:32 [94mTRACE[0m [src/cpu.c:465]: Instruction: 0x00000000
02:55:32 [94mTRACE[0m [src/cpu.c:466]: Opcode: 0b00000
02:55:32 [94mTRACE[0m [src/opcodes/shifts.m:3]: [SLL] R0 (0x00000000) = R0 (0x00000000) << 0x00
02:55:32 [94mTRACE[0m [src/cpu.c:244]: RAM size: 0x00001000 read: 0x000003A4
02:55:32 [94mTRACE[0m [src/cpu.c:465]: Instruction: 0x00000000
02:55:32 [94mTRACE[0m [src/cpu.c:466]: Opcode: 0b00000
02:55:32 [94mTRACE[0m [src/opcodes/shifts.m:3]: [SLL] R0 (0x00000000) = R0 (0x00000000) << 0x00
02:55:32 [94mTRACE[0m [src/cpu.c:244]: RAM size: 0x00001000 read: 0x000003A8
02:55:32 [94mTRACE[0m [src/cpu.c:465]: Instruction: 0x00000000
02:55:32 [94mTRACE[0m [src/cpu.c:466]: Opcode: 0b00000
02:55:32 [94mTRACE[0m [src/opcodes/shifts.m:3]: [SLL] R0 (0x00000000) = R0 (0x00000000) << 0x00
02:55:32 [94mTRACE[0m [src/cpu.c:244]: RAM size: 0x00001000 read: 0x000003AC
02:55:32 [94mTRACE[0m [src/cpu.c:465]: Instruction: 0x00000000
02:55:32 [94mTRACE[0m [src/cpu.c:466]: Opcode: 0b00000
02:55:32 [94mTRACE[0m [src/opcodes/shifts.m:3]: [SLL] R0 (0x00000000) = R0 (0x00000000) << 0x00
02:55:32 [94mTRACE[0m [src/cpu.c:244]: RAM size: 0x00001000 read: 0x000003B0
02:55:32 [94mTRACE[0m [src/cpu.c:465]: Instruction: 0x00000000
02:55:32 [94mTRACE[0m [src/cpu.c:466]: Opcode: 0b00000
02:55:32 [94mTRACE[0m [src/opcodes/shifts.m:3]: [SLL] R0 (0x00000000) = R0 (0x00000000) << 0x00
02:55:32 [94mTRACE[0m [src/cpu.c:244]: RAM size: 0x00001000 read: 0x000003B4
02:55:32 [94mTRACE[0m [src/cpu.c:465]: Instruction: 0x00000000
02:55:32 [94mTRACE[0m [src/cpu.c:466]: Opcode: 0b00000
02:55:32 [94mTRACE[0m [src/opcodes/shifts.m:3]: [SLL] R0 (0x00000000) = R0 (0x00000000) << 0x00
02:55:32 [94mTRACE[0m [src/cpu.c:244]: RAM size: 0x00001000 read: 0x000003B8
02:55:32 [94mTRACE[0m [src/cpu.c:465]: Instruction: 0x00000000
02:55:32 [94mTRACE[0m [src/cpu.c:466]: Opcode: 0b00000
02:55:32 [94mTRACE[0m [src/opcodes/shifts.m:3]: [SLL] R0 (0x00000000) = R0 (0x00000000) << 0x00
02:55:32 [94mTRACE[0m [src/cpu.c:244]: RAM size: 0x00001000 read: 0x000003BC
02:55:32 [94mTRACE[0m [src/cpu.c:465]: Instruction: 0x00000000
02:55:32 [94mTRACE[0m [src/cpu.c:466]: Opcode: 0b00000
02:55:32 [94mTRACE[0m [src/opcodes/shifts.m:3]: [SLL] R0 (0x00000000) = R0 (0x00000000) << 0x00
02:55:32 [94mTRACE[0m [src/cpu.c:244]: RAM size: 0x00001000 read: 0x000003C0
02:55:32 [94mTRACE[0m [src/cpu.c:465]: Instruction: 0x00000000
02:55:32 [94mTRACE[0m [src/cpu.c:466]: Opcode: 0b00000
02:55:32 [94mTRACE[0m [src/opcodes/shifts.m:3]: [SLL] R0 (0x00000000) = R0 (0x00000000) << 0x00
02:55:32 [94mTRACE[0m [src/cpu.c:244]: RAM size: 0x00001000 read: 0x000003C4
02:55:32 [94mTRACE[0m [src/cpu.c:465]: Instruction: 0x00000000
02:55:32 [94mTRACE[0m [src/cpu.c:466]: Opcode: 0b00000
02:55:32 [94mTRACE[0m [src/opcodes/shifts.m:3]: [SLL] R0 (0x00000000) = R0 (0x00000000) << 0x00
02:55:32 [94mTRACE[0m [src/cpu.c:244]: RAM size: 0x00001000 read: 0x000003C8
02:55:32 [94mTRACE[0m [src/cpu.c:465]: Instruction: 0x00000000
02:55:32 [94mTRACE[0m [src/cpu.c:466]: Opcode: 0b00000
02:55:32 [94mTRACE[0m [src/opcodes/shifts.m:3]: [SLL] R0 (0x00000000) = R0 (0x00000000) << 0x00
02:55:32 [94mTRACE[0m [src/cpu.c:244]: RAM size: 0x00001000 read: 0x000003CC
02:55:32 [94mTRACE[0m [src/cpu.c:465]: Instruction: 0x00000000
02:55:32 [94mTRACE[0m [src/cpu.c:466]: Opcode: 0b00000
02:55:32 [94mTRACE[0m [src/opcodes/shifts.m:3]: [SLL] R0 (0x00000000) = R0 (0x00000000) << 0x00
02:55:32 [94mTRACE[0m [src/cpu.c:244]: RAM size: 0x00001000 read: 0x000003D0
02:55:32 [94mTRACE[0m [src/cpu.c:465]: Instruction: 0x00000000
02:55:32 [94mTRACE[0m [src/cpu.c:466]: Opcode: 0b00000
02:55:32 [94mTRACE[0m [src/opcodes/shifts.m:3]: [SLL] R0 (0x00000000) = R0 (0x00000000) << 0x00
02:55:32 [94mTRACE[0m [src/cpu.c:244]: RAM size: 0x00001000 read: 0x000003D4
02:55:32 [94mTRACE[0m [src/cpu.c:465]: Instruction: 0x00000000
02:55:32 [94mTRACE[0m [src/cpu.c:466]: Opcode: 0b00000
02:55:32 [94mTRACE[0m [src/opcodes/shifts.m:3]: [SLL] R0 (0x00000000) = R0 (0x00000000) << 0x00
02:55:32 [94mTRACE[0m [src/cpu.c:244]: RAM size: 0x00001000 read: 0x000003D8
02:55:32 [94mTRACE[0m [src/cpu.c:465]: Instruction: 0x00000000
02:55:32 [94mTRACE[0m [src/cpu.c:466]: Opcode: 0b00000
02:55:32 [94mTRACE[0m [src/opcodes/shifts.m:3]: [SLL] R0 (0x00000000) = R0 (0x00000000) << 0x00
02:55:32 [94mTRACE[0m [src/cpu.c:244]: RAM size: 0x00001000 read: 0x000003DC
02:55:32 [94mTRACE[0m [src/cpu.c:465]: Instruction: 0x00000000
02:55:32 [94mTRACE[0m [src/cpu.c:466]: Opcode: 0b00000
02:55:32 [94mTRACE[0m [src/opcodes/shifts.m:3]: [SLL] R0 (0x00000000) = R0 (0x00000000) << 0x00
02:55:32 [94mTRACE[0m [src/cpu.c:244]: RAM size: 0x00001000 read: 0x000003E0
02:55:32 [94mTRACE[0m [src/cpu.c:465]: Instruction: 0x00000000
02:55:32 [94mTRACE[0m [src/cpu.c:466]: Opcode: 0b00000
02:55:32 [94mTRACE[0m [src/opcodes/shifts.m:3]: [SLL] R0 (0x00000000) = R0 (0x00000000) << 0x00
02:55:32 [94mTRACE[0m [src/cpu.c:244]: RAM size: 0x00001000 read: 0x000003E4
02:55:32 [94mTRACE[0m [src/cpu.c:465]: Instruction: 0x00000000
02:55:32 [94mTRACE[0m [src/cpu.c:466]: Opcode: 0b00000
02:55:32 [94mTRACE[0m [src/opcodes/shifts.m:3]: [SLL] R0 (0x00000000) = R0 (0x00000000) << 0x00
02:55:32 [94mTRACE[0m [src/cpu.c:244]: RAM size: 0x00001000 read: 0x000003E8
02:55:32 [94mTRACE[0m [src/cpu.c:465]: Instruction: 0x00000000
02:55:32 [94mTRACE[0m [src/cpu.c:466]: Opcode: 0b00000
02:55:32 [94mTRACE[0m [src/opcodes/shifts.m:3]: [SLL] R0 (0x00000000) = R0 (0x00000000) << 0x00
02:55:32 [94mTRACE[0m [src/cpu.c:244]: RAM size: 0x00001000 read: 0x000003EC
02:55:32 [94mTRACE[0m [src/cpu.c:465]: Instruction: 0x00000000
02:55:32 [94mTRACE[0m [src/cpu.c:466]: Opcode: 0b00000
02:55:32 [94mTRACE[0m [src/opcodes/shifts.m:3]: [SLL] R0 (0x00000000) = R0 (0x00000000) << 0x00
02:55:32 [94mTRACE[0m [src/cpu.c:244]: RAM size: 0x00001000 read: 0x000003F0
02:55:32 [94mTRACE[0m [src/cpu.c:465]: Instruction: 0x00000000
02:55:32 [94mTRACE[0m [src/cpu.c:466]: Opcode: 0b00000
02:55:32 [94mTRACE[0m [src/opcodes/shifts.m:3]: [SLL] R0 (0x00000000) = R0 (0x00000000) << 0x00
02:55:32 [94mTRACE[0m [src/cpu.c:244]: RAM size: 0x00001000 read: 0x000003F4
02:55:32 [94mTRACE[0m [src/cpu.c:465]: Instruction: 0x00000000
02:55:32 [94mTRACE[0m [src/cpu.c:466]: Opcode: 0b00000
02:55:32 [94mTRACE[0m [src/opcodes/shifts.m:3]: [SLL] R0 (0x00000000) = R0 (0x00000000) << 0x00
02:55:32 [94mTRACE[0m [src/cpu.c:244]: RAM size: 0x00001000 read: 0x000003F8
02:55:32 [94mTRACE[0m [src/cpu.c:465]: Instruction: 0x00000000
02:55:32 [94mTRACE[0m [src/cpu.c:466]: Opcode: 0b00000
02:55:32 [94mTRACE[0m [src/opcodes/shifts.m:3]: [SLL] R0 (0x00000000) = R0 (0x00000000) << 0x00
02:55:32 [94mTRACE[0m [src/cpu.c:244]: RAM size: 0x00001000 read: 0x000003FC
02:55:32 [94mTRACE[0m [src/cpu.c:465]: Instruction: 0x00000000
02:55:32 [94mTRACE[0m [src/cpu.c:466]: Opcode: 0b00000
02:55:32 [94mTRACE[0m [src/opcodes/shifts.m:3]: [SLL] R0 (0x00000000) = R0 (0x00000000) << 0x00
02:55:32 [94mTRACE[0m [src/cpu.c:244]: RAM size: 0x00001000 read: 0x00000400
02:55:32 [94mTRACE[0m [src/cpu.c:465]: Instruction: 0x00000000
02:55:32 [94mTRACE[0m [src/cpu.c:466]: Opcode: 0b00000
02:55:32 [94mTRACE[0m [src/opcodes/shifts.m:3]: [SLL] R0 (0x00000000) = R0 (0x00000000) << 0x00
02:55:32 [94mTRACE[0m [src/cpu.c:244]: RAM size: 0x00001000 read: 0x00000404
02:55:32 [94mTRACE[0m [src/cpu.c:465]: Instruction: 0x00000000
02:55:32 [94mTRACE[0m [src/cpu.c:466]: Opcode: 0b00000
02:55:32 [94mTRACE[0m [src/opcodes/shifts.m:3]: [SLL] R0 (0x00000000) = R0 (0x00000000) << 0x00
02:55:32 [94mTRACE[0m [src/cpu.c:244]: RAM size: 0x00001000 read: 0x00000408
02:55:32 [94mTRACE[0m [src/cpu.c:465]: Instruction: 0x00000000
02:55:32 [94mTRACE[0m [src/cpu.c:466]: Opcode: 0b00000
02:55:32 [94mTRACE[0m [src/opcodes/shifts.m:3]: [SLL] R0 (0x00000000) = R0 (0x00000000) << 0x00
02:55:32 [94mTRACE[0m [src/cpu.c:244]: RAM size: 0x00001000 read: 0x0000040C
02:55:32 [94mTRACE[0m [src/cpu.c:465]: Instruction: 0x00000000
02:55:32 [94mTRACE[0m [src/cpu.c:466]: Opcode: 0b00000
02:55:32 [94mTRACE[0m [src/opcodes/shifts.m:3]: [SLL] R0 (0x00000000) = R0 (0x00000000) << 0x00
02:55:32 [94mTRACE[0m [src/cpu.c:244]: RAM size: 0x00001000 read: 0x00000410
02:55:32 [94mTRACE[0m [src/cpu.c:465]: Instruction: 0x00000000
02:55:32 [94mTRACE[0m [src/cpu.c:466]: Opcode: 0b00000
02:55:32 [94mTRACE[0m [src/opcodes/shifts.m:3]: [SLL] R0 (0x00000000) = R0 (0x00000000) << 0x00
02:55:32 [94mTRACE[0m [src/cpu.c:244]: RAM size: 0x00001000 read: 0x00000414
02:55:32 [94mTRACE[0m [src/cpu.c:465]: Instruction: 0x00000000
02:55:32 [94mTRACE[0m [src/cpu.c:466]: Opcode: 0b00000
02:55:32 [94mTRACE[0m [src/opcodes/shifts.m:3]: [SLL] R0 (0x00000000) = R0 (0x00000000) << 0x00
02:55:32 [94mTRACE[0m [src/cpu.c:244]: RAM size: 0x00001000 read: 0x00000418
02:55:32 [94mTRACE[0m [src/cpu.c:465]: Instruction: 0x00000000
02:55:32 [94mTRACE[0m [src/cpu.c:466]: Opcode: 0b00000
02:55:32 [94mTRACE[0m [src/opcodes/shifts.m:3]: [SLL] R0 (0x00000000) = R0 (0x00000000) << 0x00
02:55:32 [94mTRACE[0m [src/cpu.c:244]: RAM size: 0x00001000 read: 0x0000041C
02:55:32 [94mTRACE[0m [src/cpu.c:465]: Instruction: 0x00000000
02:55:32 [94mTRACE[0m [src/cpu.c:466]: Opcode: 0b00000
02:55:32 [94mTRACE[0m [src/opcodes/shifts.m:3]: [SLL] R0 (0x00000000) = R0 (0x00000000) << 0x00
02:55:32 [94mTRACE[0m [src/cpu.c:244]: RAM size: 0x00001000 read: 0x00000420
02:55:32 [94mTRACE[0m [src/cpu.c:465]: Instruction: 0x00000000
02:55:32 [94mTRACE[0m [src/cpu.c:466]: Opcode: 0b00000
02:55:32 [94mTRACE[0m [src/opcodes/shifts.m:3]: [SLL] R0 (0x00000000) = R0 (0x00000000) << 0x00
02:55:32 [94mTRACE[0m [src/cpu.c:244]: RAM size: 0x00001000 read: 0x00000424
02:55:32 [94mTRACE[0m [src/cpu.c:465]: Instruction: 0x00000000
02:55:32 [94mTRACE[0m [src/cpu.c:466]: Opcode: 0b00000
02:55:32 [94mTRACE[0m [src/opcodes/shifts.m:3]: [SLL] R0 (0x00000000) = R0 (0x00000000) << 0x00
02:55:32 [94mTRACE[0m [src/cpu.c:244]: RAM size: 0x00001000 read: 0x00000428
02:55:32 [94mTRACE[0m [src/cpu.c:465]: Instruction: 0x00000000
02:55:32 [94mTRACE[0m [src/cpu.c:466]: Opcode: 0b00000
02:55:32 [94mTRACE[0m [src/opcodes/shifts.m:3]: [SLL] R0 (0x00000000) = R0 (0x00000000) << 0x00
02:55:32 [94mTRACE[0m [src/cpu.c:244]: RAM size: 0x00001000 read: 0x0000042C
02:55:32 [94mTRACE[0m [src/cpu.c:465]: Instruction: 0x00000000
02:55:32 [94mTRACE[0m [src/cpu.c:466]: Opcode: 0b00000
02:55:32 [94mTRACE[0m [src/opcodes/shifts.m:3]: [SLL] R0 (0x00000000) = R0 (0x00000000) << 0x00
02:55:32 [94mTRACE[0m [src/cpu.c:244]: RAM size: 0x00001000 read: 0x00000430
02:55:32 [94mTRACE[0m [src/cpu.c:465]: Instruction: 0x00000000
02:55:32 [94mTRACE[0m [src/cpu.c:466]: Opcode: 0b00000
02:55:32 [94mTRACE[0m [src/opcodes/shifts.m:3]: [SLL] R0 (0x00000000) = R0 (0x00000000) << 0x00
02:55:32 [94mTRACE[0m [src/cpu.c:244]: RAM size: 0x00001000 read: 0x00000434
02:55:32 [94mTRACE[0m [src/cpu.c:465]: Instruction: 0x00000000
02:55:32 [94mTRACE[0m [src/cpu.c:466]: Opcode: 0b00000
02:55:32 [94mTRACE[0m [src/opcodes/shifts.m:3]: [SLL] R0 (0x00000000) = R0 (0x00000000) << 0x00
02:55:32 [94mTRACE[0m [src/cpu.c:244]: RAM size: 0x00001000 read: 0x00000438
02:55:32 [94mTRACE[0m [src/cpu.c:465]: Instruction: 0x00000000
02:55:32 [94mTRACE[0m [src/cpu.c:466]: Opcode: 0b00000
02:55:32 [94mTRACE[0m [src/opcodes/shifts.m:3]: [SLL] R0 (0x00000000) = R0 (0x00000000) << 0x00
02:55:32 [94mTRACE[0m [src/cpu.c:244]: RAM size: 0x00001000 read: 0x0000043C
02:55:32 [94mTRACE[0m [src/cpu.c:465]: Instruction: 0x00000000
02:55:32 [94mTRACE[0m [src/cpu.c:466]: Opcode: 0b00000
02:55:32 [94mTRACE[0m [src/opcodes/shifts.m:3]: [SLL] R0 (0x00000000) = R0 (0x00000000) << 0x00
02:55:32 [94mTRACE[0m [src/cpu.c:244]: RAM size: 0x00001000 read: 0x00000440
02:55:32 [94mTRACE[0m [src/cpu.c:465]: Instruction: 0x00000000
02:55:32 [94mTRACE[0m [src/cpu.c:466]: Opcode: 0b00000
02:55:32 [94mTRACE[0m [src/opcodes/shifts.m:3]: [SLL] R0 (0x00000000) = R0 (0x00000000) << 0x00
02:55:32 [94mTRACE[0m [src/cpu.c:244]: RAM size: 0x00001000 read: 0x00000444
02:55:32 [94mTRACE[0m [src/cpu.c:465]: Instruction: 0x00000000
02:55:32 [94mTRACE[0m [src/cpu.c:466]: Opcode: 0b00000
02:55:32 [94mTRACE[0m [src/opcodes/shifts.m:3]: [SLL] R0 (0x00000000) = R0 (0x00000000) << 0x00
02:55:32 [94mTRACE[0m [src/cpu.c:244]: RAM size: 0x00001000 read: 0x00000448
02:55:32 [94mTRACE[0m [src/cpu.c:465]: Instruction: 0x00000000
02:55:32 [94mTRACE[0m [src/cpu.c:466]: Opcode: 0b00000
02:55:32 [94mTRACE[0m [src/opcodes/shifts.m:3]: [SLL] R0 (0x00000000) = R0 (0x00000000) << 0x00
02:55:32 [94mTRACE[0m [src/cpu.c:244]: RAM size: 0x00001000 read: 0x0000044C
02:55:32 [94mTRACE[0m [src/cpu.c:465]: Instruction: 0x00000000
02:55:32 [94mTRACE[0m [src/cpu.c:466]: Opcode: 0b00000
02:55:32 [94mTRACE[0m [src/opcodes/shifts.m:3]: [SLL] R0 (0x00000000) = R0 (0x00000000) << 0x00
02:55:32 [94mTRACE[0m [src/cpu.c:244]: RAM size: 0x00001000 read: 0x00000450
02:55:32 [94mTRACE[0m [src/cpu.c:465]: Instruction: 0x00000000
02:55:32 [94mTRACE[0m [src/cpu.c:466]: Opcode: 0b00000
02:55:32 [94mTRACE[0m [src/opcodes/shifts.m:3]: [SLL] R0 (0x00000000) = R0 (0x00000000) << 0x00
02:55:32 [94mTRACE[0m [src/cpu.c:244]: RAM size: 0x00001000 read: 0x00000454
02:55:32 [94mTRACE[0m [src/cpu.c:465]: Instruction: 0x00000000
02:55:32 [94mTRACE[0m [src/cpu.c:466]: Opcode: 0b00000
02:55:32 [94mTRACE[0m [src/opcodes/shifts.m:3]: [SLL] R0 (0x00000000) = R0 (0x00000000) << 0x00
02:55:32 [94mTRACE[0m [src/cpu.c:244]: RAM size: 0x00001000 read: 0x00000458
02:55:32 [94mTRACE[0m [src/cpu.c:465]: Instruction: 0x00000000
02:55:32 [94mTRACE[0m [src/cpu.c:466]: Opcode: 0b00000
02:55:32 [94mTRACE[0m [src/opcodes/shifts.m:3]: [SLL] R0 (0x00000000) = R0 (0x00000000) << 0x00
02:55:32 [94mTRACE[0m [src/cpu.c:244]: RAM size: 0x00001000 read: 0x0000045C
02:55:32 [94mTRACE[0m [src/cpu.c:465]: Instruction: 0x00000000
02:55:32 [94mTRACE[0m [src/cpu.c:466]: Opcode: 0b00000
02:55:32 [94mTRACE[0m [src/opcodes/shifts.m:3]: [SLL] R0 (0x00000000) = R0 (0x00000000) << 0x00
02:55:32 [94mTRACE[0m [src/cpu.c:244]: RAM size: 0x00001000 read: 0x00000460
02:55:32 [94mTRACE[0m [src/cpu.c:465]: Instruction: 0x00000000
02:55:32 [94mTRACE[0m [src/cpu.c:466]: Opcode: 0b00000
02:55:32 [94mTRACE[0m [src/opcodes/shifts.m:3]: [SLL] R0 (0x00000000) = R0 (0x00000000) << 0x00
02:55:32 [94mTRACE[0m [src/cpu.c:244]: RAM size: 0x00001000 read: 0x00000464
02:55:32 [94mTRACE[0m [src/cpu.c:465]: Instruction: 0x00000000
02:55:32 [94mTRACE[0m [src/cpu.c:466]: Opcode: 0b00000
02:55:32 [94mTRACE[0m [src/opcodes/shifts.m:3]: [SLL] R0 (0x00000000) = R0 (0x00000000) << 0x00
02:55:32 [94mTRACE[0m [src/cpu.c:244]: RAM size: 0x00001000 read: 0x00000468
02:55:32 [94mTRACE[0m [src/cpu.c:465]: Instruction: 0x00000000
02:55:32 [94mTRACE[0m [src/cpu.c:466]: Opcode: 0b00000
02:55:32 [94mTRACE[0m [src/opcodes/shifts.m:3]: [SLL] R0 (0x00000000) = R0 (0x00000000) << 0x00
02:55:32 [94mTRACE[0m [src/cpu.c:244]: RAM size: 0x00001000 read: 0x0000046C
02:55:32 [94mTRACE[0m [src/cpu.c:465]: Instruction: 0x00000000
02:55:32 [94mTRACE[0m [src/cpu.c:466]: Opcode: 0b00000
02:55:32 [94mTRACE[0m [src/opcodes/shifts.m:3]: [SLL] R0 (0x00000000) = R0 (0x00000000) << 0x00
02:55:32 [94mTRACE[0m [src/cpu.c:244]: RAM size: 0x00001000 read: 0x00000470
02:55:32 [94mTRACE[0m [src/cpu.c:465]: Instruction: 0x00000000
02:55:32 [94mTRACE[0m [src/cpu.c:466]: Opcode: 0b00000
02:55:32 [94mTRACE[0m [src/opcodes/shifts.m:3]: [SLL] R0 (0x00000000) = R0 (0x00000000) << 0x00
02:55:32 [94mTRACE[0m [src/cpu.c:244]: RAM size: 0x00001000 read: 0x00000474
02:55:32 [94mTRACE[0m [src/cpu.c:465]: Instruction: 0x00000000
02:55:32 [94mTRACE[0m [src/cpu.c:466]: Opcode: 0b00000
02:55:32 [94mTRACE[0m [src/opcodes/shifts.m:3]: [SLL] R0 (0x00000000) = R0 (0x00000000) << 0x00
02:55:32 [94mTRACE[0m [src/cpu.c:244]: RAM size: 0x00001000 read: 0x00000478
02:55:32 [94mTRACE[0m [src/cpu.c:465]: Instruction: 0x00000000
02:55:32 [94mTRACE[0m [src/cpu.c:466]: Opcode: 0b00000
02:55:32 [94mTRACE[0m [src/opcodes/shifts.m:3]: [SLL] R0 (0x00000000) = R0 (0x00000000) << 0x00
02:55:32 [94mTRACE[0m [src/cpu.c:244]: RAM size: 0x00001000 read: 0x0000047C
02:55:32 [94mTRACE[0m [src/cpu.c:465]: Instruction: 0x00000000
02:55:32 [94mTRACE[0m [src/cpu.c:466]: Opcode: 0b00000
02:55:32 [94mTRACE[0m [src/opcodes/shifts.m:3]: [SLL] R0 (0x00000000) = R0 (0x00000000) << 0x00
02:55:32 [94mTRACE[0m [src/cpu.c:244]: RAM size: 0x00001000 read: 0x00000480
02:55:32 [94mTRACE[0m [src/cpu.c:465]: Instruction: 0x00000000
02:55:32 [94mTRACE[0m [src/cpu.c:466]: Opcode: 0b00000
02:55:32 [94mTRACE[0m [src/opcodes/shifts.m:3]: [SLL] R0 (0x00000000) = R0 (0x00000000) << 0x00
02:55:32 [94mTRACE[0m [src/cpu.c:244]: RAM size: 0x00001000 read: 0x00000484
02:55:32 [94mTRACE[0m [src/cpu.c:465]: Instruction: 0x00000000
02:55:32 [94mTRACE[0m [src/cpu.c:466]: Opcode: 0b00000
02:55:32 [94mTRACE[0m [src/opcodes/shifts.m:3]: [SLL] R0 (0x00000000) = R0 (0x00000000) << 0x00
02:55:32 [94mTRACE[0m [src/cpu.c:244]: RAM size: 0x00001000 read: 0x00000488
02:55:32 [94mTRACE[0m [src/cpu.c:465]: Instruction: 0x00000000
02:55:32 [94mTRACE[0m [src/cpu.c:466]: Opcode: 0b00000
02:55:32 [94mTRACE[0m [src/opcodes/shifts.m:3]: [SLL] R0 (0x00000000) = R0 (0x00000000) << 0x00
02:55:32 [94mTRACE[0m [src/cpu.c:244]: RAM size: 0x00001000 read: 0x0000048C
02:55:32 [94mTRACE[0m [src/cpu.c:465]: Instruction: 0x00000000
02:55:32 [94mTRACE[0m [src/cpu.c:466]: Opcode: 0b00000
02:55:32 [94mTRACE[0m [src/opcodes/shifts.m:3]: [SLL] R0 (0x00000000) = R0 (0x00000000) << 0x00
02:55:32 [94mTRACE[0m [src/cpu.c:244]: RAM size: 0x00001000 read: 0x00000490
02:55:32 [94mTRACE[0m [src/cpu.c:465]: Instruction: 0x00000000
02:55:32 [94mTRACE[0m [src/cpu.c:466]: Opcode: 0b00000
02:55:32 [94mTRACE[0m [src/opcodes/shifts.m:3]: [SLL] R0 (0x00000000) = R0 (0x00000000) << 0x00
02:55:32 [94mTRACE[0m [src/cpu.c:244]: RAM size: 0x00001000 read: 0x00000494
02:55:32 [94mTRACE[0m [src/cpu.c:465]: Instruction: 0x00000000
02:55:32 [94mTRACE[0m [src/cpu.c:466]: Opcode: 0b00000
02:55:32 [94mTRACE[0m [src/opcodes/shifts.m:3]: [SLL] R0 (0x00000000) = R0 (0x00000000) << 0x00
02:55:32 [94mTRACE[0m [src/cpu.c:244]: RAM size: 0x00001000 read: 0x00000498
02:55:32 [94mTRACE[0m [src/cpu.c:465]: Instruction: 0x00000000
02:55:32 [94mTRACE[0m [src/cpu.c:466]: Opcode: 0b00000
02:55:32 [94mTRACE[0m [src/opcodes/shifts.m:3]: [SLL] R0 (0x00000000) = R0 (0x00000000) << 0x00
02:55:32 [94mTRACE[0m [src/cpu.c:244]: RAM size: 0x00001000 read: 0x0000049C
02:55:32 [94mTRACE[0m [src/cpu.c:465]: Instruction: 0x00000000
02:55:32 [94mTRACE[0m [src/cpu.c:466]: Opcode: 0b00000
02:55:32 [94mTRACE[0m [src/opcodes/shifts.m:3]: [SLL] R0 (0x00000000) = R0 (0x00000000) << 0x00
02:55:32 [94mTRACE[0m [src/cpu.c:244]: RAM size: 0x00001000 read: 0x000004A0
02:55:32 [94mTRACE[0m [src/cpu.c:465]: Instruction: 0x00000000
02:55:32 [94mTRACE[0m [src/cpu.c:466]: Opcode: 0b00000
02:55:32 [94mTRACE[0m [src/opcodes/shifts.m:3]: [SLL] R0 (0x00000000) = R0 (0x00000000) << 0x00
02:55:32 [94mTRACE[0m [src/cpu.c:244]: RAM size: 0x00001000 read: 0x000004A4
02:55:32 [94mTRACE[0m [src/cpu.c:465]: Instruction: 0x00000000
02:55:32 [94mTRACE[0m [src/cpu.c:466]: Opcode: 0b00000
02:55:32 [94mTRACE[0m [src/opcodes/shifts.m:3]: [SLL] R0 (0x00000000) = R0 (0x00000000) << 0x00
02:55:32 [94mTRACE[0m [src/cpu.c:244]: RAM size: 0x00001000 read: 0x000004A8
02:55:32 [94mTRACE[0m [src/cpu.c:465]: Instruction: 0x00000000
02:55:32 [94mTRACE[0m [src/cpu.c:466]: Opcode: 0b00000
02:55:32 [94mTRACE[0m [src/opcodes/shifts.m:3]: [SLL] R0 (0x00000000) = R0 (0x00000000) << 0x00
02:55:32 [94mTRACE[0m [src/cpu.c:244]: RAM size: 0x00001000 read: 0x000004AC
02:55:32 [94mTRACE[0m [src/cpu.c:465]: Instruction: 0x00000000
02:55:32 [94mTRACE[0m [src/cpu.c:466]: Opcode: 0b00000
02:55:32 [94mTRACE[0m [src/opcodes/shifts.m:3]: [SLL] R0 (0x00000000) = R0 (0x00000000) << 0x00
02:55:32 [94mTRACE[0m [src/cpu.c:244]: RAM size: 0x00001000 read: 0x000004B0
02:55:32 [94mTRACE[0m [src/cpu.c:465]: Instruction: 0x00000000
02:55:32 [94mTRACE[0m [src/cpu.c:466]: Opcode: 0b00000
02:55:32 [94mTRACE[0m [src/opcodes/shifts.m:3]: [SLL] R0 (0x00000000) = R0 (0x00000000) << 0x00
02:55:32 [94mTRACE[0m [src/cpu.c:244]: RAM size: 0x00001000 read: 0x000004B4
02:55:32 [94mTRACE[0m [src/cpu.c:465]: Instruction: 0x00000000
02:55:32 [94mTRACE[0m [src/cpu.c:466]: Opcode: 0b00000
02:55:32 [94mTRACE[0m [src/opcodes/shifts.m:3]: [SLL] R0 (0x00000000) = R0 (0x00000000) << 0x00
02:55:32 [94mTRACE[0m [src/cpu.c:244]: RAM size: 0x00001000 read: 0x000004B8
02:55:32 [94mTRACE[0m [src/cpu.c:465]: Instruction: 0x00000000
02:55:32 [94mTRACE[0m [src/cpu.c:466]: Opcode: 0b00000
02:55:32 [94mTRACE[0m [src/opcodes/shifts.m:3]: [SLL] R0 (0x00000000) = R0 (0x00000000) << 0x00
02:55:32 [94mTRACE[0m [src/cpu.c:244]: RAM size: 0x00001000 read: 0x000004BC
02:55:32 [94mTRACE[0m [src/cpu.c:465]: Instruction: 0x00000000
02:55:32 [94mTRACE[0m [src/cpu.c:466]: Opcode: 0b00000
02:55:32 [94mTRACE[0m [src/opcodes/shifts.m:3]: [SLL] R0 (0x00000000) = R0 (0x00000000) << 0x00
02:55:32 [94mTRACE[0m [src/cpu.c:244]: RAM size: 0x00001000 read: 0x000004C0
02:55:32 [94mTRACE[0m [src/cpu.c:465]: Instruction: 0x00000000
02:55:32 [94mTRACE[0m [src/cpu.c:466]: Opcode: 0b00000
02:55:32 [94mTRACE[0m [src/opcodes/shifts.m:3]: [SLL] R0 (0x00000000) = R0 (0x00000000) << 0x00
02:55:32 [94mTRACE[0m [src/cpu.c:244]: RAM size: 0x00001000 read: 0x000004C4
02:55:32 [94mTRACE[0m [src/cpu.c:465]: Instruction: 0x00000000
02:55:32 [94mTRACE[0m [src/cpu.c:466]: Opcode: 0b00000
02:55:32 [94mTRACE[0m [src/opcodes/shifts.m:3]: [SLL] R0 (0x00000000) = R0 (0x00000000) << 0x00
02:55:32 [94mTRACE[0m [src/cpu.c:244]: RAM size: 0x00001000 read: 0x000004C8
02:55:32 [94mTRACE[0m [src/cpu.c:465]: Instruction: 0x00000000
02:55:32 [94mTRACE[0m [src/cpu.c:466]: Opcode: 0b00000
02:55:32 [94mTRACE[0m [src/opcodes/shifts.m:3]: [SLL] R0 (0x00000000) = R0 (0x00000000) << 0x00
02:55:32 [94mTRACE[0m [src/cpu.c:244]: RAM size: 0x00001000 read: 0x000004CC
02:55:32 [94mTRACE[0m [src/cpu.c:465]: Instruction: 0x00000000
02:55:32 [94mTRACE[0m [src/cpu.c:466]: Opcode: 0b00000
02:55:32 [94mTRACE[0m [src/opcodes/shifts.m:3]: [SLL] R0 (0x00000000) = R0 (0x00000000) << 0x00
02:55:32 [94mTRACE[0m [src/cpu.c:244]: RAM size: 0x00001000 read: 0x000004D0
02:55:32 [94mTRACE[0m [src/cpu.c:465]: Instruction: 0x00000000
02:55:32 [94mTRACE[0m [src/cpu.c:466]: Opcode: 0b00000
02:55:32 [94mTRACE[0m [src/opcodes/shifts.m:3]: [SLL] R0 (0x00000000) = R0 (0x00000000) << 0x00
02:55:32 [94mTRACE[0m [src/cpu.c:244]: RAM size: 0x00001000 read: 0x000004D4
02:55:32 [94mTRACE[0m [src/cpu.c:465]: Instruction: 0x00000000
02:55:32 [94mTRACE[0m [src/cpu.c:466]: Opcode: 0b00000
02:55:32 [94mTRACE[0m [src/opcodes/shifts.m:3]: [SLL] R0 (0x00000000) = R0 (0x00000000) << 0x00
02:55:32 [94mTRACE[0m [src/cpu.c:244]: RAM size: 0x00001000 read: 0x000004D8
02:55:32 [94mTRACE[0m [src/cpu.c:465]: Instruction: 0x00000000
02:55:32 [94mTRACE[0m [src/cpu.c:466]: Opcode: 0b00000
02:55:32 [94mTRACE[0m [src/opcodes/shifts.m:3]: [SLL] R0 (0x00000000) = R0 (0x00000000) << 0x00
02:55:32 [94mTRACE[0m [src/cpu.c:244]: RAM size: 0x00001000 read: 0x000004DC
02:55:32 [94mTRACE[0m [src/cpu.c:465]: Instruction: 0x00000000
02:55:32 [94mTRACE[0m [src/cpu.c:466]: Opcode: 0b00000
02:55:32 [94mTRACE[0m [src/opcodes/shifts.m:3]: [SLL] R0 (0x00000000) = R0 (0x00000000) << 0x00
02:55:32 [94mTRACE[0m [src/cpu.c:244]: RAM size: 0x00001000 read: 0x000004E0
02:55:32 [94mTRACE[0m [src/cpu.c:465]: Instruction: 0x00000000
02:55:32 [94mTRACE[0m [src/cpu.c:466]: Opcode: 0b00000
02:55:32 [94mTRACE[0m [src/opcodes/shifts.m:3]: [SLL] R0 (0x00000000) = R0 (0x00000000) << 0x00
02:55:32 [94mTRACE[0m [src/cpu.c:244]: RAM size: 0x00001000 read: 0x000004E4
02:55:32 [94mTRACE[0m [src/cpu.c:465]: Instruction: 0x00000000
02:55:32 [94mTRACE[0m [src/cpu.c:466]: Opcode: 0b00000
02:55:32 [94mTRACE[0m [src/opcodes/shifts.m:3]: [SLL] R0 (0x00000000) = R0 (0x00000000) << 0x00
02:55:32 [94mTRACE[0m [src/cpu.c:244]: RAM size: 0x00001000 read: 0x000004E8
02:55:32 [94mTRACE[0m [src/cpu.c:465]: Instruction: 0x00000000
02:55:32 [94mTRACE[0m [src/cpu.c:466]: Opcode: 0b00000
02:55:32 [94mTRACE[0m [src/opcodes/shifts.m:3]: [SLL] R0 (0x00000000) = R0 (0x00000000) << 0x00
02:55:32 [94mTRACE[0m [src/cpu.c:244]: RAM size: 0x00001000 read: 0x000004EC
02:55:32 [94mTRACE[0m [src/cpu.c:465]: Instruction: 0x00000000
02:55:32 [94mTRACE[0m [src/cpu.c:466]: Opcode: 0b00000
02:55:32 [94mTRACE[0m [src/opcodes/shifts.m:3]: [SLL] R0 (0x00000000) = R0 (0x00000000) << 0x00
02:55:32 [94mTRACE[0m [src/cpu.c:244]: RAM size: 0x00001000 read: 0x000004F0
02:55:32 [94mTRACE[0m [src/cpu.c:465]: Instruction: 0x00000000
02:55:32 [94mTRACE[0m [src/cpu.c:466]: Opcode: 0b00000
02:55:32 [94mTRACE[0m [src/opcodes/shifts.m:3]: [SLL] R0 (0x00000000) = R0 (0x00000000) << 0x00
02:55:32 [94mTRACE[0m [src/cpu.c:244]: RAM size: 0x00001000 read: 0x000004F4
02:55:32 [94mTRACE[0m [src/cpu.c:465]: Instruction: 0x00000000
02:55:32 [94mTRACE[0m [src/cpu.c:466]: Opcode: 0b00000
02:55:32 [94mTRACE[0m [src/opcodes/shifts.m:3]: [SLL] R0 (0x00000000) = R0 (0x00000000) << 0x00
02:55:32 [94mTRACE[0m [src/cpu.c:244]: RAM size: 0x00001000 read: 0x000004F8
02:55:32 [94mTRACE[0m [src/cpu.c:465]: Instruction: 0x00000000
02:55:32 [94mTRACE[0m [src/cpu.c:466]: Opcode: 0b00000
02:55:32 [94mTRACE[0m [src/opcodes/shifts.m:3]: [SLL] R0 (0x00000000) = R0 (0x00000000) << 0x00
02:55:32 [94mTRACE[0m [src/cpu.c:244]: RAM size: 0x00001000 read: 0x000004FC
02:55:32 [94mTRACE[0m [src/cpu.c:465]: Instruction: 0x00000000
02:55:32 [94mTRACE[0m [src/cpu.c:466]: Opcode: 0b00000
02:55:32 [94mTRACE[0m [src/opcodes/shifts.m:3]: [SLL] R0 (0x00000000) = R0 (0x00000000) << 0x00
02:55:32 [94mTRACE[0m [src/cpu.c:244]: RAM size: 0x00001000 read: 0x00000500
02:55:32 [94mTRACE[0m [src/cpu.c:465]: Instruction: 0x00000000
02:55:32 [94mTRACE[0m [src/cpu.c:466]: Opcode: 0b00000
02:55:32 [94mTRACE[0m [src/opcodes/shifts.m:3]: [SLL] R0 (0x00000000) = R0 (0x00000000) << 0x00
02:55:32 [94mTRACE[0m [src/cpu.c:244]: RAM size: 0x00001000 read: 0x00000504
02:55:32 [94mTRACE[0m [src/cpu.c:465]: Instruction: 0x00000000
02:55:32 [94mTRACE[0m [src/cpu.c:466]: Opcode: 0b00000
02:55:32 [94mTRACE[0m [src/opcodes/shifts.m:3]: [SLL] R0 (0x00000000) = R0 (0x00000000) << 0x00
02:55:32 [94mTRACE[0m [src/cpu.c:244]: RAM size: 0x00001000 read: 0x00000508
02:55:32 [94mTRACE[0m [src/cpu.c:465]: Instruction: 0x00000000
02:55:32 [94mTRACE[0m [src/cpu.c:466]: Opcode: 0b00000
02:55:32 [94mTRACE[0m [src/opcodes/shifts.m:3]: [SLL] R0 (0x00000000) = R0 (0x00000000) << 0x00
02:55:32 [94mTRACE[0m [src/cpu.c:244]: RAM size: 0x00001000 read: 0x0000050C
02:55:32 [94mTRACE[0m [src/cpu.c:465]: Instruction: 0x00000000
02:55:32 [94mTRACE[0m [src/cpu.c:466]: Opcode: 0b00000
02:55:32 [94mTRACE[0m [src/opcodes/shifts.m:3]: [SLL] R0 (0x00000000) = R0 (0x00000000) << 0x00
02:55:32 [94mTRACE[0m [src/cpu.c:244]: RAM size: 0x00001000 read: 0x00000510
02:55:32 [94mTRACE[0m [src/cpu.c:465]: Instruction: 0x00000000
02:55:32 [94mTRACE[0m [src/cpu.c:466]: Opcode: 0b00000
02:55:32 [94mTRACE[0m [src/opcodes/shifts.m:3]: [SLL] R0 (0x00000000) = R0 (0x00000000) << 0x00
02:55:32 [94mTRACE[0m [src/cpu.c:244]: RAM size: 0x00001000 read: 0x00000514
02:55:32 [94mTRACE[0m [src/cpu.c:465]: Instruction: 0x00000000
02:55:32 [94mTRACE[0m [src/cpu.c:466]: Opcode: 0b00000
02:55:32 [94mTRACE[0m [src/opcodes/shifts.m:3]: [SLL] R0 (0x00000000) = R0 (0x00000000) << 0x00
02:55:32 [94mTRACE[0m [src/cpu.c:244]: RAM size: 0x00001000 read: 0x00000518
02:55:32 [94mTRACE[0m [src/cpu.c:465]: Instruction: 0x00000000
02:55:32 [94mTRACE[0m [src/cpu.c:466]: Opcode: 0b00000
02:55:32 [94mTRACE[0m [src/opcodes/shifts.m:3]: [SLL] R0 (0x00000000) = R0 (0x00000000) << 0x00
02:55:32 [94mTRACE[0m [src/cpu.c:244]: RAM size: 0x00001000 read: 0x0000051C
02:55:32 [94mTRACE[0m [src/cpu.c:465]: Instruction: 0x00000000
02:55:32 [94mTRACE[0m [src/cpu.c:466]: Opcode: 0b00000
02:55:32 [94mTRACE[0m [src/opcodes/shifts.m:3]: [SLL] R0 (0x00000000) = R0 (0x00000000) << 0x00
02:55:32 [94mTRACE[0m [src/cpu.c:244]: RAM size: 0x00001000 read: 0x00000520
02:55:32 [94mTRACE[0m [src/cpu.c:465]: Instruction: 0x00000000
02:55:32 [94mTRACE[0m [src/cpu.c:466]: Opcode: 0b00000
02:55:32 [94mTRACE[0m [src/opcodes/shifts.m:3]: [SLL] R0 (0x00000000) = R0 (0x00000000) << 0x00
02:55:32 [94mTRACE[0m [src/cpu.c:244]: RAM size: 0x00001000 read: 0x00000524
02:55:32 [94mTRACE[0m [src/cpu.c:465]: Instruction: 0x00000000
02:55:32 [94mTRACE[0m [src/cpu.c:466]: Opcode: 0b00000
02:55:32 [94mTRACE[0m [src/opcodes/shifts.m:3]: [SLL] R0 (0x00000000) = R0 (0x00000000) << 0x00
02:55:32 [94mTRACE[0m [src/cpu.c:244]: RAM size: 0x00001000 read: 0x00000528
02:55:32 [94mTRACE[0m [src/cpu.c:465]: Instruction: 0x00000000
02:55:32 [94mTRACE[0m [src/cpu.c:466]: Opcode: 0b00000
02:55:32 [94mTRACE[0m [src/opcodes/shifts.m:3]: [SLL] R0 (0x00000000) = R0 (0x00000000) << 0x00
02:55:32 [94mTRACE[0m [src/cpu.c:244]: RAM size: 0x00001000 read: 0x0000052C
02:55:32 [94mTRACE[0m [src/cpu.c:465]: Instruction: 0x00000000
02:55:32 [94mTRACE[0m [src/cpu.c:466]: Opcode: 0b00000
02:55:32 [94mTRACE[0m [src/opcodes/shifts.m:3]: [SLL] R0 (0x00000000) = R0 (0x00000000) << 0x00
02:55:32 [94mTRACE[0m [src/cpu.c:244]: RAM size: 0x00001000 read: 0x00000530
02:55:32 [94mTRACE[0m [src/cpu.c:465]: Instruction: 0x00000000
02:55:32 [94mTRACE[0m [src/cpu.c:466]: Opcode: 0b00000
02:55:32 [94mTRACE[0m [src/opcodes/shifts.m:3]: [SLL] R0 (0x00000000) = R0 (0x00000000) << 0x00
02:55:32 [94mTRACE[0m [src/cpu.c:244]: RAM size: 0x00001000 read: 0x00000534
02:55:32 [94mTRACE[0m [src/cpu.c:465]: Instruction: 0x00000000
02:55:32 [94mTRACE[0m [src/cpu.c:466]: Opcode: 0b00000
02:55:32 [94mTRACE[0m [src/opcodes/shifts.m:3]: [SLL] R0 (0x00000000) = R0 (0x00000000) << 0x00
02:55:32 [94mTRACE[0m [src/cpu.c:244]: RAM size: 0x00001000 read: 0x00000538
02:55:32 [94mTRACE[0m [src/cpu.c:465]: Instruction: 0x00000000
02:55:32 [94mTRACE[0m [src/cpu.c:466]: Opcode: 0b00000
02:55:32 [94mTRACE[0m [src/opcodes/shifts.m:3]: [SLL] R0 (0x00000000) = R0 (0x00000000) << 0x00
02:55:32 [94mTRACE[0m [src/cpu.c:244]: RAM size: 0x00001000 read: 0x0000053C
02:55:32 [94mTRACE[0m [src/cpu.c:465]: Instruction: 0x00000000
02:55:32 [94mTRACE[0m [src/cpu.c:466]: Opcode: 0b00000
02:55:32 [94mTRACE[0m [src/opcodes/shifts.m:3]: [SLL] R0 (0x00000000) = R0 (0x00000000) << 0x00
02:55:32 [94mTRACE[0m [src/cpu.c:244]: RAM size: 0x00001000 read: 0x00000540
02:55:32 [94mTRACE[0m [src/cpu.c:465]: Instruction: 0x00000000
02:55:32 [94mTRACE[0m [src/cpu.c:466]: Opcode: 0b00000
02:55:32 [94mTRACE[0m [src/opcodes/shifts.m:3]: [SLL] R0 (0x00000000) = R0 (0x00000000) << 0x00
02:55:32 [94mTRACE[0m [src/cpu.c:244]: RAM size: 0x00001000 read: 0x00000544
02:55:32 [94mTRACE[0m [src/cpu.c:465]: Instruction: 0x00000000
02:55:32 [94mTRACE[0m [src/cpu.c:466]: Opcode: 0b00000
02:55:32 [94mTRACE[0m [src/opcodes/shifts.m:3]: [SLL] R0 (0x00000000) = R0 (0x00000000) << 0x00
02:55:32 [94mTRACE[0m [src/cpu.c:244]: RAM size: 0x00001000 read: 0x00000548
02:55:32 [94mTRACE[0m [src/cpu.c:465]: Instruction: 0x00000000
02:55:32 [94mTRACE[0m [src/cpu.c:466]: Opcode: 0b00000
02:55:32 [94mTRACE[0m [src/opcodes/shifts.m:3]: [SLL] R0 (0x00000000) = R0 (0x00000000) << 0x00
02:55:32 [94mTRACE[0m [src/cpu.c:244]: RAM size: 0x00001000 read: 0x0000054C
02:55:32 [94mTRACE[0m [src/cpu.c:465]: Instruction: 0x00000000
02:55:32 [94mTRACE[0m [src/cpu.c:466]: Opcode: 0b00000
02:55:32 [94mTRACE[0m [src/opcodes/shifts.m:3]: [SLL] R0 (0x00000000) = R0 (0x00000000) << 0x00
02:55:32 [94mTRACE[0m [src/cpu.c:244]: RAM size: 0x00001000 read: 0x00000550
02:55:32 [94mTRACE[0m [src/cpu.c:465]: Instruction: 0x00000000
02:55:32 [94mTRACE[0m [src/cpu.c:466]: Opcode: 0b00000
02:55:32 [94mTRACE[0m [src/opcodes/shifts.m:3]: [SLL] R0 (0x00000000) = R0 (0x00000000) << 0x00
02:55:32 [94mTRACE[0m [src/cpu.c:244]: RAM size: 0x00001000 read: 0x00000554
02:55:32 [94mTRACE[0m [src/cpu.c:465]: Instruction: 0x00000000
02:55:32 [94mTRACE[0m [src/cpu.c:466]: Opcode: 0b00000
02:55:32 [94mTRACE[0m [src/opcodes/shifts.m:3]: [SLL] R0 (0x00000000) = R0 (0x00000000) << 0x00
02:55:32 [94mTRACE[0m [src/cpu.c:244]: RAM size: 0x00001000 read: 0x00000558
02:55:32 [94mTRACE[0m [src/cpu.c:465]: Instruction: 0x00000000
02:55:32 [94mTRACE[0m [src/cpu.c:466]: Opcode: 0b00000
02:55:32 [94mTRACE[0m [src/opcodes/shifts.m:3]: [SLL] R0 (0x00000000) = R0 (0x00000000) << 0x00
02:55:32 [94mTRACE[0m [src/cpu.c:244]: RAM size: 0x00001000 read: 0x0000055C
02:55:32 [94mTRACE[0m [src/cpu.c:465]: Instruction: 0x00000000
02:55:32 [94mTRACE[0m [src/cpu.c:466]: Opcode: 0b00000
02:55:32 [94mTRACE[0m [src/opcodes/shifts.m:3]: [SLL] R0 (0x00000000) = R0 (0x00000000) << 0x00
02:55:32 [94mTRACE[0m [src/cpu.c:244]: RAM size: 0x00001000 read: 0x00000560
02:55:32 [94mTRACE[0m [src/cpu.c:465]: Instruction: 0x00000000
02:55:32 [94mTRACE[0m [src/cpu.c:466]: Opcode: 0b00000
02:55:32 [94mTRACE[0m [src/opcodes/shifts.m:3]: [SLL] R0 (0x00000000) = R0 (0x00000000) << 0x00
02:55:32 [94mTRACE[0m [src/cpu.c:244]: RAM size: 0x00001000 read: 0x00000564
02:55:32 [94mTRACE[0m [src/cpu.c:465]: Instruction: 0x00000000
02:55:32 [94mTRACE[0m [src/cpu.c:466]: Opcode: 0b00000
02:55:32 [94mTRACE[0m [src/opcodes/shifts.m:3]: [SLL] R0 (0x00000000) = R0 (0x00000000) << 0x00
02:55:32 [94mTRACE[0m [src/cpu.c:244]: RAM size: 0x00001000 read: 0x00000568
02:55:32 [94mTRACE[0m [src/cpu.c:465]: Instruction: 0x00000000
02:55:32 [94mTRACE[0m [src/cpu.c:466]: Opcode: 0b00000
02:55:32 [94mTRACE[0m [src/opcodes/shifts.m:3]: [SLL] R0 (0x00000000) = R0 (0x00000000) << 0x00
02:55:32 [94mTRACE[0m [src/cpu.c:244]: RAM size: 0x00001000 read: 0x0000056C
02:55:32 [94mTRACE[0m [src/cpu.c:465]: Instruction: 0x00000000
02:55:32 [94mTRACE[0m [src/cpu.c:466]: Opcode: 0b00000
02:55:32 [94mTRACE[0m [src/opcodes/shifts.m:3]: [SLL] R0 (0x00000000) = R0 (0x00000000) << 0x00
02:55:32 [94mTRACE[0m [src/cpu.c:244]: RAM size: 0x00001000 read: 0x00000570
02:55:32 [94mTRACE[0m [src/cpu.c:465]: Instruction: 0x00000000
02:55:32 [94mTRACE[0m [src/cpu.c:466]: Opcode: 0b00000
02:55:32 [94mTRACE[0m [src/opcodes/shifts.m:3]: [SLL] R0 (0x00000000) = R0 (0x00000000) << 0x00
02:55:32 [94mTRACE[0m [src/cpu.c:244]: RAM size: 0x00001000 read: 0x00000574
02:55:32 [94mTRACE[0m [src/cpu.c:465]: Instruction: 0x00000000
02:55:32 [94mTRACE[0m [src/cpu.c:466]: Opcode: 0b00000
02:55:32 [94mTRACE[0m [src/opcodes/shifts.m:3]: [SLL] R0 (0x00000000) = R0 (0x00000000) << 0x00
02:55:32 [94mTRACE[0m [src/cpu.c:244]: RAM size: 0x00001000 read: 0x00000578
02:55:32 [94mTRACE[0m [src/cpu.c:465]: Instruction: 0x00000000
02:55:32 [94mTRACE[0m [src/cpu.c:466]: Opcode: 0b00000
02:55:32 [94mTRACE[0m [src/opcodes/shifts.m:3]: [SLL] R0 (0x00000000) = R0 (0x00000000) << 0x00
02:55:32 [94mTRACE[0m [src/cpu.c:244]: RAM size: 0x00001000 read: 0x0000057C
02:55:32 [94mTRACE[0m [src/cpu.c:465]: Instruction: 0x00000000
02:55:32 [94mTRACE[0m [src/cpu.c:466]: Opcode: 0b00000
02:55:32 [94mTRACE[0m [src/opcodes/shifts.m:3]: [SLL] R0 (0x00000000) = R0 (0x00000000) << 0x00
02:55:32 [94mTRACE[0m [src/cpu.c:244]: RAM size: 0x00001000 read: 0x00000580
02:55:32 [94mTRACE[0m [src/cpu.c:465]: Instruction: 0x00000000
02:55:32 [94mTRACE[0m [src/cpu.c:466]: Opcode: 0b00000
02:55:32 [94mTRACE[0m [src/opcodes/shifts.m:3]: [SLL] R0 (0x00000000) = R0 (0x00000000) << 0x00
02:55:32 [94mTRACE[0m [src/cpu.c:244]: RAM size: 0x00001000 read: 0x00000584
02:55:32 [94mTRACE[0m [src/cpu.c:465]: Instruction: 0x00000000
02:55:32 [94mTRACE[0m [src/cpu.c:466]: Opcode: 0b00000
02:55:32 [94mTRACE[0m [src/opcodes/shifts.m:3]: [SLL] R0 (0x00000000) = R0 (0x00000000) << 0x00
02:55:32 [94mTRACE[0m [src/cpu.c:244]: RAM size: 0x00001000 read: 0x00000588
02:55:32 [94mTRACE[0m [src/cpu.c:465]: Instruction: 0x00000000
02:55:32 [94mTRACE[0m [src/cpu.c:466]: Opcode: 0b00000
02:55:32 [94mTRACE[0m [src/opcodes/shifts.m:3]: [SLL] R0 (0x00000000) = R0 (0x00000000) << 0x00
02:55:32 [94mTRACE[0m [src/cpu.c:244]: RAM size: 0x00001000 read: 0x0000058C
02:55:32 [94mTRACE[0m [src/cpu.c:465]: Instruction: 0x00000000
02:55:32 [94mTRACE[0m [src/cpu.c:466]: Opcode: 0b00000
02:55:32 [94mTRACE[0m [src/opcodes/shifts.m:3]: [SLL] R0 (0x00000000) = R0 (0x00000000) << 0x00
02:55:32 [94mTRACE[0m [src/cpu.c:244]: RAM size: 0x00001000 read: 0x00000590
02:55:32 [94mTRACE[0m [src/cpu.c:465]: Instruction: 0x00000000
02:55:32 [94mTRACE[0m [src/cpu.c:466]: Opcode: 0b00000
02:55:32 [94mTRACE[0m [src/opcodes/shifts.m:3]: [SLL] R0 (0x00000000) = R0 (0x00000000) << 0x00
02:55:32 [94mTRACE[0m [src/cpu.c:244]: RAM size: 0x00001000 read: 0x00000594
02:55:32 [94mTRACE[0m [src/cpu.c:465]: Instruction: 0x00000000
02:55:32 [94mTRACE[0m [src/cpu.c:466]: Opcode: 0b00000
02:55:32 [94mTRACE[0m [src/opcodes/shifts.m:3]: [SLL] R0 (0x00000000) = R0 (0x00000000) << 0x00
02:55:32 [94mTRACE[0m [src/cpu.c:244]: RAM size: 0x00001000 read: 0x00000598
02:55:32 [94mTRACE[0m [src/cpu.c:465]: Instruction: 0x00000000
02:55:32 [94mTRACE[0m [src/cpu.c:466]: Opcode: 0b00000
02:55:32 [94mTRACE[0m [src/opcodes/shifts.m:3]: [SLL] R0 (0x00000000) = R0 (0x00000000) << 0x00
02:55:32 [94mTRACE[0m [src/cpu.c:244]: RAM size: 0x00001000 read: 0x0000059C
02:55:32 [94mTRACE[0m [src/cpu.c:465]: Instruction: 0x00000000
02:55:32 [94mTRACE[0m [src/cpu.c:466]: Opcode: 0b00000
02:55:32 [94mTRACE[0m [src/opcodes/shifts.m:3]: [SLL] R0 (0x00000000) = R0 (0x00000000) << 0x00
02:55:32 [94mTRACE[0m [src/cpu.c:244]: RAM size: 0x00001000 read: 0x000005A0
02:55:32 [94mTRACE[0m [src/cpu.c:465]: Instruction: 0x00000000
02:55:32 [94mTRACE[0m [src/cpu.c:466]: Opcode: 0b00000
02:55:32 [94mTRACE[0m [src/opcodes/shifts.m:3]: [SLL] R0 (0x00000000) = R0 (0x00000000) << 0x00
02:55:32 [94mTRACE[0m [src/cpu.c:244]: RAM size: 0x00001000 read: 0x000005A4
02:55:32 [94mTRACE[0m [src/cpu.c:465]: Instruction: 0x00000000
02:55:32 [94mTRACE[0m [src/cpu.c:466]: Opcode: 0b00000
02:55:32 [94mTRACE[0m [src/opcodes/shifts.m:3]: [SLL] R0 (0x00000000) = R0 (0x00000000) << 0x00
02:55:32 [94mTRACE[0m [src/cpu.c:244]: RAM size: 0x00001000 read: 0x000005A8
02:55:32 [94mTRACE[0m [src/cpu.c:465]: Instruction: 0x00000000
02:55:32 [94mTRACE[0m [src/cpu.c:466]: Opcode: 0b00000
02:55:32 [94mTRACE[0m [src/opcodes/shifts.m:3]: [SLL] R0 (0x00000000) = R0 (0x00000000) << 0x00
02:55:32 [94mTRACE[0m [src/cpu.c:244]: RAM size: 0x00001000 read: 0x000005AC
02:55:32 [94mTRACE[0m [src/cpu.c:465]: Instruction: 0x00000000
02:55:32 [94mTRACE[0m [src/cpu.c:466]: Opcode: 0b00000
02:55:32 [94mTRACE[0m [src/opcodes/shifts.m:3]: [SLL] R0 (0x00000000) = R0 (0x00000000) << 0x00
02:55:32 [94mTRACE[0m [src/cpu.c:244]: RAM size: 0x00001000 read: 0x000005B0
02:55:32 [94mTRACE[0m [src/cpu.c:465]: Instruction: 0x00000000
02:55:32 [94mTRACE[0m [src/cpu.c:466]: Opcode: 0b00000
02:55:32 [94mTRACE[0m [src/opcodes/shifts.m:3]: [SLL] R0 (0x00000000) = R0 (0x00000000) << 0x00
02:55:32 [94mTRACE[0m [src/cpu.c:244]: RAM size: 0x00001000 read: 0x000005B4
02:55:32 [94mTRACE[0m [src/cpu.c:465]: Instruction: 0x00000000
02:55:32 [94mTRACE[0m [src/cpu.c:466]: Opcode: 0b00000
02:55:32 [94mTRACE[0m [src/opcodes/shifts.m:3]: [SLL] R0 (0x00000000) = R0 (0x00000000) << 0x00
02:55:32 [94mTRACE[0m [src/cpu.c:244]: RAM size: 0x00001000 read: 0x000005B8
02:55:32 [94mTRACE[0m [src/cpu.c:465]: Instruction: 0x00000000
02:55:32 [94mTRACE[0m [src/cpu.c:466]: Opcode: 0b00000
02:55:32 [94mTRACE[0m [src/opcodes/shifts.m:3]: [SLL] R0 (0x00000000) = R0 (0x00000000) << 0x00
02:55:32 [94mTRACE[0m [src/cpu.c:244]: RAM size: 0x00001000 read: 0x000005BC
02:55:32 [94mTRACE[0m [src/cpu.c:465]: Instruction: 0x00000000
02:55:32 [94mTRACE[0m [src/cpu.c:466]: Opcode: 0b00000
02:55:32 [94mTRACE[0m [src/opcodes/shifts.m:3]: [SLL] R0 (0x00000000) = R0 (0x00000000) << 0x00
02:55:32 [94mTRACE[0m [src/cpu.c:244]: RAM size: 0x00001000 read: 0x000005C0
02:55:32 [94mTRACE[0m [src/cpu.c:465]: Instruction: 0x00000000
02:55:32 [94mTRACE[0m [src/cpu.c:466]: Opcode: 0b00000
02:55:32 [94mTRACE[0m [src/opcodes/shifts.m:3]: [SLL] R0 (0x00000000) = R0 (0x00000000) << 0x00
02:55:32 [94mTRACE[0m [src/cpu.c:244]: RAM size: 0x00001000 read: 0x000005C4
02:55:32 [94mTRACE[0m [src/cpu.c:465]: Instruction: 0x00000000
02:55:32 [94mTRACE[0m [src/cpu.c:466]: Opcode: 0b00000
02:55:32 [94mTRACE[0m [src/opcodes/shifts.m:3]: [SLL] R0 (0x00000000) = R0 (0x00000000) << 0x00
02:55:32 [94mTRACE[0m [src/cpu.c:244]: RAM size: 0x00001000 read: 0x000005C8
02:55:32 [94mTRACE[0m [src/cpu.c:465]: Instruction: 0x00000000
02:55:32 [94mTRACE[0m [src/cpu.c:466]: Opcode: 0b00000
02:55:32 [94mTRACE[0m [src/opcodes/shifts.m:3]: [SLL] R0 (0x00000000) = R0 (0x00000000) << 0x00
02:55:32 [94mTRACE[0m [src/cpu.c:244]: RAM size: 0x00001000 read: 0x000005CC
02:55:32 [94mTRACE[0m [src/cpu.c:465]: Instruction: 0x00000000
02:55:32 [94mTRACE[0m [src/cpu.c:466]: Opcode: 0b00000
02:55:32 [94mTRACE[0m [src/opcodes/shifts.m:3]: [SLL] R0 (0x00000000) = R0 (0x00000000) << 0x00
02:55:32 [94mTRACE[0m [src/cpu.c:244]: RAM size: 0x00001000 read: 0x000005D0
02:55:32 [94mTRACE[0m [src/cpu.c:465]: Instruction: 0x00000000
02:55:32 [94mTRACE[0m [src/cpu.c:466]: Opcode: 0b00000
02:55:32 [94mTRACE[0m [src/opcodes/shifts.m:3]: [SLL] R0 (0x00000000) = R0 (0x00000000) << 0x00
02:55:32 [94mTRACE[0m [src/cpu.c:244]: RAM size: 0x00001000 read: 0x000005D4
02:55:32 [94mTRACE[0m [src/cpu.c:465]: Instruction: 0x00000000
02:55:32 [94mTRACE[0m [src/cpu.c:466]: Opcode: 0b00000
02:55:32 [94mTRACE[0m [src/opcodes/shifts.m:3]: [SLL] R0 (0x00000000) = R0 (0x00000000) << 0x00
02:55:32 [94mTRACE[0m [src/cpu.c:244]: RAM size: 0x00001000 read: 0x000005D8
02:55:32 [94mTRACE[0m [src/cpu.c:465]: Instruction: 0x00000000
02:55:32 [94mTRACE[0m [src/cpu.c:466]: Opcode: 0b00000
02:55:32 [94mTRACE[0m [src/opcodes/shifts.m:3]: [SLL] R0 (0x00000000) = R0 (0x00000000) << 0x00
02:55:32 [94mTRACE[0m [src/cpu.c:244]: RAM size: 0x00001000 read: 0x000005DC
02:55:32 [94mTRACE[0m [src/cpu.c:465]: Instruction: 0x00000000
02:55:32 [94mTRACE[0m [src/cpu.c:466]: Opcode: 0b00000
02:55:32 [94mTRACE[0m [src/opcodes/shifts.m:3]: [SLL] R0 (0x00000000) = R0 (0x00000000) << 0x00
02:55:32 [94mTRACE[0m [src/cpu.c:244]: RAM size: 0x00001000 read: 0x000005E0
02:55:32 [94mTRACE[0m [src/cpu.c:465]: Instruction: 0x00000000
02:55:32 [94mTRACE[0m [src/cpu.c:466]: Opcode: 0b00000
02:55:32 [94mTRACE[0m [src/opcodes/shifts.m:3]: [SLL] R0 (0x00000000) = R0 (0x00000000) << 0x00
02:55:32 [94mTRACE[0m [src/cpu.c:244]: RAM size: 0x00001000 read: 0x000005E4
02:55:32 [94mTRACE[0m [src/cpu.c:465]: Instruction: 0x00000000
02:55:32 [94mTRACE[0m [src/cpu.c:466]: Opcode: 0b00000
02:55:32 [94mTRACE[0m [src/opcodes/shifts.m:3]: [SLL] R0 (0x00000000) = R0 (0x00000000) << 0x00
02:55:32 [94mTRACE[0m [src/cpu.c:244]: RAM size: 0x00001000 read: 0x000005E8
02:55:32 [94mTRACE[0m [src/cpu.c:465]: Instruction: 0x00000000
02:55:32 [94mTRACE[0m [src/cpu.c:466]: Opcode: 0b00000
02:55:32 [94mTRACE[0m [src/opcodes/shifts.m:3]: [SLL] R0 (0x00000000) = R0 (0x00000000) << 0x00
02:55:32 [94mTRACE[0m [src/cpu.c:244]: RAM size: 0x00001000 read: 0x000005EC
02:55:32 [94mTRACE[0m [src/cpu.c:465]: Instruction: 0x00000000
02:55:32 [94mTRACE[0m [src/cpu.c:466]: Opcode: 0b00000
02:55:32 [94mTRACE[0m [src/opcodes/shifts.m:3]: [SLL] R0 (0x00000000) = R0 (0x00000000) << 0x00
02:55:32 [94mTRACE[0m [src/cpu.c:244]: RAM size: 0x00001000 read: 0x000005F0
02:55:32 [94mTRACE[0m [src/cpu.c:465]: Instruction: 0x00000000
02:55:32 [94mTRACE[0m [src/cpu.c:466]: Opcode: 0b00000
02:55:32 [94mTRACE[0m [src/opcodes/shifts.m:3]: [SLL] R0 (0x00000000) = R0 (0x00000000) << 0x00
02:55:32 [94mTRACE[0m [src/cpu.c:244]: RAM size: 0x00001000 read: 0x000005F4
02:55:32 [94mTRACE[0m [src/cpu.c:465]: Instruction: 0x00000000
02:55:32 [94mTRACE[0m [src/cpu.c:466]: Opcode: 0b00000
02:55:32 [94mTRACE[0m [src/opcodes/shifts.m:3]: [SLL] R0 (0x00000000) = R0 (0x00000000) << 0x00
02:55:32 [94mTRACE[0m [src/cpu.c:244]: RAM size: 0x00001000 read: 0x000005F8
02:55:32 [94mTRACE[0m [src/cpu.c:465]: Instruction: 0x00000000
02:55:32 [94mTRACE[0m [src/cpu.c:466]: Opcode: 0b00000
02:55:32 [94mTRACE[0m [src/opcodes/shifts.m:3]: [SLL] R0 (0x00000000) = R0 (0x00000000) << 0x00
02:55:32 [94mTRACE[0m [src/cpu.c:244]: RAM size: 0x00001000 read: 0x000005FC
02:55:32 [94mTRACE[0m [src/cpu.c:465]: Instruction: 0x00000000
02:55:32 [94mTRACE[0m [src/cpu.c:466]: Opcode: 0b00000
02:55:32 [94mTRACE[0m [src/opcodes/shifts.m:3]: [SLL] R0 (0x00000000) = R0 (0x00000000) << 0x00
02:55:32 [94mTRACE[0m [src/cpu.c:244]: RAM size: 0x00001000 read: 0x00000600
02:55:32 [94mTRACE[0m [src/cpu.c:465]: Instruction: 0x00000000
02:55:32 [94mTRACE[0m [src/cpu.c:466]: Opcode: 0b00000
02:55:32 [94mTRACE[0m [src/opcodes/shifts.m:3]: [SLL] R0 (0x00000000) = R0 (0x00000000) << 0x00
02:55:32 [94mTRACE[0m [src/cpu.c:244]: RAM size: 0x00001000 read: 0x00000604
02:55:32 [94mTRACE[0m [src/cpu.c:465]: Instruction: 0x00000000
02:55:32 [94mTRACE[0m [src/cpu.c:466]: Opcode: 0b00000
02:55:32 [94mTRACE[0m [src/opcodes/shifts.m:3]: [SLL] R0 (0x00000000) = R0 (0x00000000) << 0x00
02:55:32 [94mTRACE[0m [src/cpu.c:244]: RAM size: 0x00001000 read: 0x00000608
02:55:32 [94mTRACE[0m [src/cpu.c:465]: Instruction: 0x00000000
02:55:32 [94mTRACE[0m [src/cpu.c:466]: Opcode: 0b00000
02:55:32 [94mTRACE[0m [src/opcodes/shifts.m:3]: [SLL] R0 (0x00000000) = R0 (0x00000000) << 0x00
02:55:32 [94mTRACE[0m [src/cpu.c:244]: RAM size: 0x00001000 read: 0x0000060C
02:55:32 [94mTRACE[0m [src/cpu.c:465]: Instruction: 0x00000000
02:55:32 [94mTRACE[0m [src/cpu.c:466]: Opcode: 0b00000
02:55:32 [94mTRACE[0m [src/opcodes/shifts.m:3]: [SLL] R0 (0x00000000) = R0 (0x00000000) << 0x00
02:55:32 [94mTRACE[0m [src/cpu.c:244]: RAM size: 0x00001000 read: 0x00000610
02:55:32 [94mTRACE[0m [src/cpu.c:465]: Instruction: 0x00000000
02:55:32 [94mTRACE[0m [src/cpu.c:466]: Opcode: 0b00000
02:55:32 [94mTRACE[0m [src/opcodes/shifts.m:3]: [SLL] R0 (0x00000000) = R0 (0x00000000) << 0x00
02:55:32 [94mTRACE[0m [src/cpu.c:244]: RAM size: 0x00001000 read: 0x00000614
02:55:32 [94mTRACE[0m [src/cpu.c:465]: Instruction: 0x00000000
02:55:32 [94mTRACE[0m [src/cpu.c:466]: Opcode: 0b00000
02:55:32 [94mTRACE[0m [src/opcodes/shifts.m:3]: [SLL] R0 (0x00000000) = R0 (0x00000000) << 0x00
02:55:32 [94mTRACE[0m [src/cpu.c:244]: RAM size: 0x00001000 read: 0x00000618
02:55:32 [94mTRACE[0m [src/cpu.c:465]: Instruction: 0x00000000
02:55:32 [94mTRACE[0m [src/cpu.c:466]: Opcode: 0b00000
02:55:32 [94mTRACE[0m [src/opcodes/shifts.m:3]: [SLL] R0 (0x00000000) = R0 (0x00000000) << 0x00
02:55:32 [94mTRACE[0m [src/cpu.c:244]: RAM size: 0x00001000 read: 0x0000061C
02:55:32 [94mTRACE[0m [src/cpu.c:465]: Instruction: 0x00000000
02:55:32 [94mTRACE[0m [src/cpu.c:466]: Opcode: 0b00000
02:55:32 [94mTRACE[0m [src/opcodes/shifts.m:3]: [SLL] R0 (0x00000000) = R0 (0x00000000) << 0x00
02:55:32 [94mTRACE[0m [src/cpu.c:244]: RAM size: 0x00001000 read: 0x00000620
02:55:32 [94mTRACE[0m [src/cpu.c:465]: Instruction: 0x00000000
02:55:32 [94mTRACE[0m [src/cpu.c:466]: Opcode: 0b00000
02:55:32 [94mTRACE[0m [src/opcodes/shifts.m:3]: [SLL] R0 (0x00000000) = R0 (0x00000000) << 0x00
02:55:32 [94mTRACE[0m [src/cpu.c:244]: RAM size: 0x00001000 read: 0x00000624
02:55:32 [94mTRACE[0m [src/cpu.c:465]: Instruction: 0x00000000
02:55:32 [94mTRACE[0m [src/cpu.c:466]: Opcode: 0b00000
02:55:32 [94mTRACE[0m [src/opcodes/shifts.m:3]: [SLL] R0 (0x00000000) = R0 (0x00000000) << 0x00
02:55:32 [94mTRACE[0m [src/cpu.c:244]: RAM size: 0x00001000 read: 0x00000628
02:55:32 [94mTRACE[0m [src/cpu.c:465]: Instruction: 0x00000000
02:55:32 [94mTRACE[0m [src/cpu.c:466]: Opcode: 0b00000
02:55:32 [94mTRACE[0m [src/opcodes/shifts.m:3]: [SLL] R0 (0x00000000) = R0 (0x00000000) << 0x00
02:55:32 [94mTRACE[0m [src/cpu.c:244]: RAM size: 0x00001000 read: 0x0000062C
02:55:32 [94mTRACE[0m [src/cpu.c:465]: Instruction: 0x00000000
02:55:32 [94mTRACE[0m [src/cpu.c:466]: Opcode: 0b00000
02:55:32 [94mTRACE[0m [src/opcodes/shifts.m:3]: [SLL] R0 (0x00000000) = R0 (0x00000000) << 0x00
02:55:32 [94mTRACE[0m [src/cpu.c:244]: RAM size: 0x00001000 read: 0x00000630
02:55:32 [94mTRACE[0m [src/cpu.c:465]: Instruction: 0x00000000
02:55:32 [94mTRACE[0m [src/cpu.c:466]: Opcode: 0b00000
02:55:32 [94mTRACE[0m [src/opcodes/shifts.m:3]: [SLL] R0 (0x00000000) = R0 (0x00000000) << 0x00
02:55:32 [94mTRACE[0m [src/cpu.c:244]: RAM size: 0x00001000 read: 0x00000634
02:55:32 [94mTRACE[0m [src/cpu.c:465]: Instruction: 0x00000000
02:55:32 [94mTRACE[0m [src/cpu.c:466]: Opcode: 0b00000
02:55:32 [94mTRACE[0m [src/opcodes/shifts.m:3]: [SLL] R0 (0x00000000) = R0 (0x00000000) << 0x00
02:55:32 [94mTRACE[0m [src/cpu.c:244]: RAM size: 0x00001000 read: 0x00000638
02:55:32 [94mTRACE[0m [src/cpu.c:465]: Instruction: 0x00000000
02:55:32 [94mTRACE[0m [src/cpu.c:466]: Opcode: 0b00000
02:55:32 [94mTRACE[0m [src/opcodes/shifts.m:3]: [SLL] R0 (0x00000000) = R0 (0x00000000) << 0x00
02:55:32 [94mTRACE[0m [src/cpu.c:244]: RAM size: 0x00001000 read: 0x0000063C
02:55:32 [94mTRACE[0m [src/cpu.c:465]: Instruction: 0x00000000
02:55:32 [94mTRACE[0m [src/cpu.c:466]: Opcode: 0b00000
02:55:32 [94mTRACE[0m [src/opcodes/shifts.m:3]: [SLL] R0 (0x00000000) = R0 (0x00000000) << 0x00
02:55:32 [94mTRACE[0m [src/cpu.c:244]: RAM size: 0x00001000 read: 0x00000640
02:55:32 [94mTRACE[0m [src/cpu.c:465]: Instruction: 0x00000000
02:55:32 [94mTRACE[0m [src/cpu.c:466]: Opcode: 0b00000
02:55:32 [94mTRACE[0m [src/opcodes/shifts.m:3]: [SLL] R0 (0x00000000) = R0 (0x00000000) << 0x00
02:55:32 [94mTRACE[0m [src/cpu.c:244]: RAM size: 0x00001000 read: 0x00000644
02:55:32 [94mTRACE[0m [src/cpu.c:465]: Instruction: 0x00000000
02:55:32 [94mTRACE[0m [src/cpu.c:466]: Opcode: 0b00000
02:55:32 [94mTRACE[0m [src/opcodes/shifts.m:3]: [SLL] R0 (0x00000000) = R0 (0x00000000) << 0x00
02:55:32 [94mTRACE[0m [src/cpu.c:244]: RAM size: 0x00001000 read: 0x00000648
02:55:32 [94mTRACE[0m [src/cpu.c:465]: Instruction: 0x00000000
02:55:32 [94mTRACE[0m [src/cpu.c:466]: Opcode: 0b00000
02:55:32 [94mTRACE[0m [src/opcodes/shifts.m:3]: [SLL] R0 (0x00000000) = R0 (0x00000000) << 0x00
02:55:32 [94mTRACE[0m [src/cpu.c:244]: RAM size: 0x00001000 read: 0x0000064C
02:55:32 [94mTRACE[0m [src/cpu.c:465]: Instruction: 0x00000000
02:55:32 [94mTRACE[0m [src/cpu.c:466]: Opcode: 0b00000
02:55:32 [94mTRACE[0m [src/opcodes/shifts.m:3]: [SLL] R0 (0x00000000) = R0 (0x00000000) << 0x00
02:55:32 [94mTRACE[0m [src/cpu.c:244]: RAM size: 0x00001000 read: 0x00000650
02:55:32 [94mTRACE[0m [src/cpu.c:465]: Instruction: 0x00000000
02:55:32 [94mTRACE[0m [src/cpu.c:466]: Opcode: 0b00000
02:55:32 [94mTRACE[0m [src/opcodes/shifts.m:3]: [SLL] R0 (0x00000000) = R0 (0x00000000) << 0x00
02:55:32 [94mTRACE[0m [src/cpu.c:244]: RAM size: 0x00001000 read: 0x00000654
02:55:32 [94mTRACE[0m [src/cpu.c:465]: Instruction: 0x00000000
02:55:32 [94mTRACE[0m [src/cpu.c:466]: Opcode: 0b00000
02:55:32 [94mTRACE[0m [src/opcodes/shifts.m:3]: [SLL] R0 (0x00000000) = R0 (0x00000000) << 0x00
02:55:32 [94mTRACE[0m [src/cpu.c:244]: RAM size: 0x00001000 read: 0x00000658
02:55:32 [94mTRACE[0m [src/cpu.c:465]: Instruction: 0x00000000
02:55:32 [94mTRACE[0m [src/cpu.c:466]: Opcode: 0b00000
02:55:32 [94mTRACE[0m [src/opcodes/shifts.m:3]: [SLL] R0 (0x00000000) = R0 (0x00000000) << 0x00
02:55:32 [94mTRACE[0m [src/cpu.c:244]: RAM size: 0x00001000 read: 0x0000065C
02:55:32 [94mTRACE[0m [src/cpu.c:465]: Instruction: 0x00000000
02:55:32 [94mTRACE[0m [src/cpu.c:466]: Opcode: 0b00000
02:55:32 [94mTRACE[0m [src/opcodes/shifts.m:3]: [SLL] R0 (0x00000000) = R0 (0x00000000) << 0x00
02:55:32 [94mTRACE[0m [src/cpu.c:244]: RAM size: 0x00001000 read: 0x00000660
02:55:32 [94mTRACE[0m [src/cpu.c:465]: Instruction: 0x00000000
02:55:32 [94mTRACE[0m [src/cpu.c:466]: Opcode: 0b00000
02:55:32 [94mTRACE[0m [src/opcodes/shifts.m:3]: [SLL] R0 (0x00000000) = R0 (0x00000000) << 0x00
02:55:32 [94mTRACE[0m [src/cpu.c:244]: RAM size: 0x00001000 read: 0x00000664
02:55:32 [94mTRACE[0m [src/cpu.c:465]: Instruction: 0x00000000
02:55:32 [94mTRACE[0m [src/cpu.c:466]: Opcode: 0b00000
02:55:32 [94mTRACE[0m [src/opcodes/shifts.m:3]: [SLL] R0 (0x00000000) = R0 (0x00000000) << 0x00
02:55:32 [94mTRACE[0m [src/cpu.c:244]: RAM size: 0x00001000 read: 0x00000668
02:55:32 [94mTRACE[0m [src/cpu.c:465]: Instruction: 0x00000000
02:55:32 [94mTRACE[0m [src/cpu.c:466]: Opcode: 0b00000
02:55:32 [94mTRACE[0m [src/opcodes/shifts.m:3]: [SLL] R0 (0x00000000) = R0 (0x00000000) << 0x00
02:55:32 [94mTRACE[0m [src/cpu.c:244]: RAM size: 0x00001000 read: 0x0000066C
02:55:32 [94mTRACE[0m [src/cpu.c:465]: Instruction: 0x00000000
02:55:32 [94mTRACE[0m [src/cpu.c:466]: Opcode: 0b00000
02:55:32 [94mTRACE[0m [src/opcodes/shifts.m:3]: [SLL] R0 (0x00000000) = R0 (0x00000000) << 0x00
02:55:32 [94mTRACE[0m [src/cpu.c:244]: RAM size: 0x00001000 read: 0x00000670
02:55:32 [94mTRACE[0m [src/cpu.c:465]: Instruction: 0x00000000
02:55:32 [94mTRACE[0m [src/cpu.c:466]: Opcode: 0b00000
02:55:32 [94mTRACE[0m [src/opcodes/shifts.m:3]: [SLL] R0 (0x00000000) = R0 (0x00000000) << 0x00
02:55:32 [94mTRACE[0m [src/cpu.c:244]: RAM size: 0x00001000 read: 0x00000674
02:55:32 [94mTRACE[0m [src/cpu.c:465]: Instruction: 0x00000000
02:55:32 [94mTRACE[0m [src/cpu.c:466]: Opcode: 0b00000
02:55:32 [94mTRACE[0m [src/opcodes/shifts.m:3]: [SLL] R0 (0x00000000) = R0 (0x00000000) << 0x00
02:55:32 [94mTRACE[0m [src/cpu.c:244]: RAM size: 0x00001000 read: 0x00000678
02:55:32 [94mTRACE[0m [src/cpu.c:465]: Instruction: 0x00000000
02:55:32 [94mTRACE[0m [src/cpu.c:466]: Opcode: 0b00000
02:55:32 [94mTRACE[0m [src/opcodes/shifts.m:3]: [SLL] R0 (0x00000000) = R0 (0x00000000) << 0x00
02:55:32 [94mTRACE[0m [src/cpu.c:244]: RAM size: 0x00001000 read: 0x0000067C
02:55:32 [94mTRACE[0m [src/cpu.c:465]: Instruction: 0x00000000
02:55:32 [94mTRACE[0m [src/cpu.c:466]: Opcode: 0b00000
02:55:32 [94mTRACE[0m [src/opcodes/shifts.m:3]: [SLL] R0 (0x00000000) = R0 (0x00000000) << 0x00
02:55:32 [94mTRACE[0m [src/cpu.c:244]: RAM size: 0x00001000 read: 0x00000680
02:55:32 [94mTRACE[0m [src/cpu.c:465]: Instruction: 0x00000000
02:55:32 [94mTRACE[0m [src/cpu.c:466]: Opcode: 0b00000
02:55:32 [94mTRACE[0m [src/opcodes/shifts.m:3]: [SLL] R0 (0x00000000) = R0 (0x00000000) << 0x00
02:55:32 [94mTRACE[0m [src/cpu.c:244]: RAM size: 0x00001000 read: 0x00000684
02:55:32 [94mTRACE[0m [src/cpu.c:465]: Instruction: 0x00000000
02:55:32 [94mTRACE[0m [src/cpu.c:466]: Opcode: 0b00000
02:55:32 [94mTRACE[0m [src/opcodes/shifts.m:3]: [SLL] R0 (0x00000000) = R0 (0x00000000) << 0x00
02:55:32 [94mTRACE[0m [src/cpu.c:244]: RAM size: 0x00001000 read: 0x00000688
02:55:32 [94mTRACE[0m [src/cpu.c:465]: Instruction: 0x00000000
02:55:32 [94mTRACE[0m [src/cpu.c:466]: Opcode: 0b00000
02:55:32 [94mTRACE[0m [src/opcodes/shifts.m:3]: [SLL] R0 (0x00000000) = R0 (0x00000000) << 0x00
02:55:32 [94mTRACE[0m [src/cpu.c:244]: RAM size: 0x00001000 read: 0x0000068C
02:55:32 [94mTRACE[0m [src/cpu.c:465]: Instruction: 0x00000000
02:55:32 [94mTRACE[0m [src/cpu.c:466]: Opcode: 0b00000
02:55:32 [94mTRACE[0m [src/opcodes/shifts.m:3]: [SLL] R0 (0x00000000) = R0 (0x00000000) << 0x00
02:55:32 [94mTRACE[0m [src/cpu.c:244]: RAM size: 0x00001000 read: 0x00000690
02:55:32 [94mTRACE[0m [src/cpu.c:465]: Instruction: 0x00000000
02:55:32 [94mTRACE[0m [src/cpu.c:466]: Opcode: 0b00000
02:55:32 [94mTRACE[0m [src/opcodes/shifts.m:3]: [SLL] R0 (0x00000000) = R0 (0x00000000) << 0x00
02:55:32 [94mTRACE[0m [src/cpu.c:244]: RAM size: 0x00001000 read: 0x00000694
02:55:32 [94mTRACE[0m [src/cpu.c:465]: Instruction: 0x00000000
02:55:32 [94mTRACE[0m [src/cpu.c:466]: Opcode: 0b00000
02:55:32 [94mTRACE[0m [src/opcodes/shifts.m:3]: [SLL] R0 (0x00000000) = R0 (0x00000000) << 0x00
02:55:32 [94mTRACE[0m [src/cpu.c:244]: RAM size: 0x00001000 read: 0x00000698
02:55:32 [94mTRACE[0m [src/cpu.c:465]: Instruction: 0x00000000
02:55:32 [94mTRACE[0m [src/cpu.c:466]: Opcode: 0b00000
02:55:32 [94mTRACE[0m [src/opcodes/shifts.m:3]: [SLL] R0 (0x00000000) = R0 (0x00000000) << 0x00
02:55:32 [94mTRACE[0m [src/cpu.c:244]: RAM size: 0x00001000 read: 0x0000069C
02:55:32 [94mTRACE[0m [src/cpu.c:465]: Instruction: 0x00000000
02:55:32 [94mTRACE[0m [src/cpu.c:466]: Opcode: 0b00000
02:55:32 [94mTRACE[0m [src/opcodes/shifts.m:3]: [SLL] R0 (0x00000000) = R0 (0x00000000) << 0x00
02:55:32 [94mTRACE[0m [src/cpu.c:244]: RAM size: 0x00001000 read: 0x000006A0
02:55:32 [94mTRACE[0m [src/cpu.c:465]: Instruction: 0x00000000
02:55:32 [94mTRACE[0m [src/cpu.c:466]: Opcode: 0b00000
02:55:32 [94mTRACE[0m [src/opcodes/shifts.m:3]: [SLL] R0 (0x00000000) = R0 (0x00000000) << 0x00
02:55:32 [94mTRACE[0m [src/cpu.c:244]: RAM size: 0x00001000 read: 0x000006A4
02:55:32 [94mTRACE[0m [src/cpu.c:465]: Instruction: 0x00000000
02:55:32 [94mTRACE[0m [src/cpu.c:466]: Opcode: 0b00000
02:55:32 [94mTRACE[0m [src/opcodes/shifts.m:3]: [SLL] R0 (0x00000000) = R0 (0x00000000) << 0x00
02:55:32 [94mTRACE[0m [src/cpu.c:244]: RAM size: 0x00001000 read: 0x000006A8
02:55:32 [94mTRACE[0m [src/cpu.c:465]: Instruction: 0x00000000
02:55:32 [94mTRACE[0m [src/cpu.c:466]: Opcode: 0b00000
02:55:32 [94mTRACE[0m [src/opcodes/shifts.m:3]: [SLL] R0 (0x00000000) = R0 (0x00000000) << 0x00
02:55:32 [94mTRACE[0m [src/cpu.c:244]: RAM size: 0x00001000 read: 0x000006AC
02:55:32 [94mTRACE[0m [src/cpu.c:465]: Instruction: 0x00000000
02:55:32 [94mTRACE[0m [src/cpu.c:466]: Opcode: 0b00000
02:55:32 [94mTRACE[0m [src/opcodes/shifts.m:3]: [SLL] R0 (0x00000000) = R0 (0x00000000) << 0x00
02:55:32 [94mTRACE[0m [src/cpu.c:244]: RAM size: 0x00001000 read: 0x000006B0
02:55:32 [94mTRACE[0m [src/cpu.c:465]: Instruction: 0x00000000
02:55:32 [94mTRACE[0m [src/cpu.c:466]: Opcode: 0b00000
02:55:32 [94mTRACE[0m [src/opcodes/shifts.m:3]: [SLL] R0 (0x00000000) = R0 (0x00000000) << 0x00
02:55:32 [94mTRACE[0m [src/cpu.c:244]: RAM size: 0x00001000 read: 0x000006B4
02:55:32 [94mTRACE[0m [src/cpu.c:465]: Instruction: 0x00000000
02:55:32 [94mTRACE[0m [src/cpu.c:466]: Opcode: 0b00000
02:55:32 [94mTRACE[0m [src/opcodes/shifts.m:3]: [SLL] R0 (0x00000000) = R0 (0x00000000) << 0x00
02:55:32 [94mTRACE[0m [src/cpu.c:244]: RAM size: 0x00001000 read: 0x000006B8
02:55:32 [94mTRACE[0m [src/cpu.c:465]: Instruction: 0x00000000
02:55:32 [94mTRACE[0m [src/cpu.c:466]: Opcode: 0b00000
02:55:32 [94mTRACE[0m [src/opcodes/shifts.m:3]: [SLL] R0 (0x00000000) = R0 (0x00000000) << 0x00
02:55:32 [94mTRACE[0m [src/cpu.c:244]: RAM size: 0x00001000 read: 0x000006BC
02:55:32 [94mTRACE[0m [src/cpu.c:465]: Instruction: 0x00000000
02:55:32 [94mTRACE[0m [src/cpu.c:466]: Opcode: 0b00000
02:55:32 [94mTRACE[0m [src/opcodes/shifts.m:3]: [SLL] R0 (0x00000000) = R0 (0x00000000) << 0x00
02:55:32 [94mTRACE[0m [src/cpu.c:244]: RAM size: 0x00001000 read: 0x000006C0
02:55:32 [94mTRACE[0m [src/cpu.c:465]: Instruction: 0x00000000
02:55:32 [94mTRACE[0m [src/cpu.c:466]: Opcode: 0b00000
02:55:32 [94mTRACE[0m [src/opcodes/shifts.m:3]: [SLL] R0 (0x00000000) = R0 (0x00000000) << 0x00
02:55:32 [94mTRACE[0m [src/cpu.c:244]: RAM size: 0x00001000 read: 0x000006C4
02:55:32 [94mTRACE[0m [src/cpu.c:465]: Instruction: 0x00000000
02:55:32 [94mTRACE[0m [src/cpu.c:466]: Opcode: 0b00000
02:55:32 [94mTRACE[0m [src/opcodes/shifts.m:3]: [SLL] R0 (0x00000000) = R0 (0x00000000) << 0x00
02:55:32 [94mTRACE[0m [src/cpu.c:244]: RAM size: 0x00001000 read: 0x000006C8
02:55:32 [94mTRACE[0m [src/cpu.c:465]: Instruction: 0x00000000
02:55:32 [94mTRACE[0m [src/cpu.c:466]: Opcode: 0b00000
02:55:32 [94mTRACE[0m [src/opcodes/shifts.m:3]: [SLL] R0 (0x00000000) = R0 (0x00000000) << 0x00
02:55:32 [94mTRACE[0m [src/cpu.c:244]: RAM size: 0x00001000 read: 0x000006CC
02:55:32 [94mTRACE[0m [src/cpu.c:465]: Instruction: 0x00000000
02:55:32 [94mTRACE[0m [src/cpu.c:466]: Opcode: 0b00000
02:55:32 [94mTRACE[0m [src/opcodes/shifts.m:3]: [SLL] R0 (0x00000000) = R0 (0x00000000) << 0x00
02:55:32 [94mTRACE[0m [src/cpu.c:244]: RAM size: 0x00001000 read: 0x000006D0
02:55:32 [94mTRACE[0m [src/cpu.c:465]: Instruction: 0x00000000
02:55:32 [94mTRACE[0m [src/cpu.c:466]: Opcode: 0b00000
02:55:32 [94mTRACE[0m [src/opcodes/shifts.m:3]: [SLL] R0 (0x00000000) = R0 (0x00000000) << 0x00
02:55:32 [94mTRACE[0m [src/cpu.c:244]: RAM size: 0x00001000 read: 0x000006D4
02:55:32 [94mTRACE[0m [src/cpu.c:465]: Instruction: 0x00000000
02:55:32 [94mTRACE[0m [src/cpu.c:466]: Opcode: 0b00000
02:55:32 [94mTRACE[0m [src/opcodes/shifts.m:3]: [SLL] R0 (0x00000000) = R0 (0x00000000) << 0x00
02:55:32 [94mTRACE[0m [src/cpu.c:244]: RAM size: 0x00001000 read: 0x000006D8
02:55:32 [94mTRACE[0m [src/cpu.c:465]: Instruction: 0x00000000
02:55:32 [94mTRACE[0m [src/cpu.c:466]: Opcode: 0b00000
02:55:32 [94mTRACE[0m [src/opcodes/shifts.m:3]: [SLL] R0 (0x00000000) = R0 (0x00000000) << 0x00
02:55:32 [94mTRACE[0m [src/cpu.c:244]: RAM size: 0x00001000 read: 0x000006DC
02:55:32 [94mTRACE[0m [src/cpu.c:465]: Instruction: 0x00000000
02:55:32 [94mTRACE[0m [src/cpu.c:466]: Opcode: 0b00000
02:55:32 [94mTRACE[0m [src/opcodes/shifts.m:3]: [SLL] R0 (0x00000000) = R0 (0x00000000) << 0x00
02:55:32 [94mTRACE[0m [src/cpu.c:244]: RAM size: 0x00001000 read: 0x000006E0
02:55:32 [94mTRACE[0m [src/cpu.c:465]: Instruction: 0x00000000
02:55:32 [94mTRACE[0m [src/cpu.c:466]: Opcode: 0b00000
02:55:32 [94mTRACE[0m [src/opcodes/shifts.m:3]: [SLL] R0 (0x00000000) = R0 (0x00000000) << 0x00
02:55:32 [94mTRACE[0m [src/cpu.c:244]: RAM size: 0x00001000 read: 0x000006E4
02:55:32 [94mTRACE[0m [src/cpu.c:465]: Instruction: 0x00000000
02:55:32 [94mTRACE[0m [src/cpu.c:466]: Opcode: 0b00000
02:55:32 [94mTRACE[0m [src/opcodes/shifts.m:3]: [SLL] R0 (0x00000000) = R0 (0x00000000) << 0x00
02:55:32 [94mTRACE[0m [src/cpu.c:244]: RAM size: 0x00001000 read: 0x000006E8
02:55:32 [94mTRACE[0m [src/cpu.c:465]: Instruction: 0x00000000
02:55:32 [94mTRACE[0m [src/cpu.c:466]: Opcode: 0b00000
02:55:32 [94mTRACE[0m [src/opcodes/shifts.m:3]: [SLL] R0 (0x00000000) = R0 (0x00000000) << 0x00
02:55:32 [94mTRACE[0m [src/cpu.c:244]: RAM size: 0x00001000 read: 0x000006EC
02:55:32 [94mTRACE[0m [src/cpu.c:465]: Instruction: 0x00000000
02:55:32 [94mTRACE[0m [src/cpu.c:466]: Opcode: 0b00000
02:55:32 [94mTRACE[0m [src/opcodes/shifts.m:3]: [SLL] R0 (0x00000000) = R0 (0x00000000) << 0x00
02:55:32 [94mTRACE[0m [src/cpu.c:244]: RAM size: 0x00001000 read: 0x000006F0
02:55:32 [94mTRACE[0m [src/cpu.c:465]: Instruction: 0x00000000
02:55:32 [94mTRACE[0m [src/cpu.c:466]: Opcode: 0b00000
02:55:32 [94mTRACE[0m [src/opcodes/shifts.m:3]: [SLL] R0 (0x00000000) = R0 (0x00000000) << 0x00
02:55:32 [94mTRACE[0m [src/cpu.c:244]: RAM size: 0x00001000 read: 0x000006F4
02:55:32 [94mTRACE[0m [src/cpu.c:465]: Instruction: 0x00000000
02:55:32 [94mTRACE[0m [src/cpu.c:466]: Opcode: 0b00000
02:55:32 [94mTRACE[0m [src/opcodes/shifts.m:3]: [SLL] R0 (0x00000000) = R0 (0x00000000) << 0x00
02:55:32 [94mTRACE[0m [src/cpu.c:244]: RAM size: 0x00001000 read: 0x000006F8
02:55:32 [94mTRACE[0m [src/cpu.c:465]: Instruction: 0x00000000
02:55:32 [94mTRACE[0m [src/cpu.c:466]: Opcode: 0b00000
02:55:32 [94mTRACE[0m [src/opcodes/shifts.m:3]: [SLL] R0 (0x00000000) = R0 (0x00000000) << 0x00
02:55:32 [94mTRACE[0m [src/cpu.c:244]: RAM size: 0x00001000 read: 0x000006FC
02:55:32 [94mTRACE[0m [src/cpu.c:465]: Instruction: 0x00000000
02:55:32 [94mTRACE[0m [src/cpu.c:466]: Opcode: 0b00000
02:55:32 [94mTRACE[0m [src/opcodes/shifts.m:3]: [SLL] R0 (0x00000000) = R0 (0x00000000) << 0x00
02:55:32 [94mTRACE[0m [src/cpu.c:244]: RAM size: 0x00001000 read: 0x00000700
02:55:32 [94mTRACE[0m [src/cpu.c:465]: Instruction: 0x00000000
02:55:32 [94mTRACE[0m [src/cpu.c:466]: Opcode: 0b00000
02:55:32 [94mTRACE[0m [src/opcodes/shifts.m:3]: [SLL] R0 (0x00000000) = R0 (0x00000000) << 0x00
02:55:32 [94mTRACE[0m [src/cpu.c:244]: RAM size: 0x00001000 read: 0x00000704
02:55:32 [94mTRACE[0m [src/cpu.c:465]: Instruction: 0x00000000
02:55:32 [94mTRACE[0m [src/cpu.c:466]: Opcode: 0b00000
02:55:32 [94mTRACE[0m [src/opcodes/shifts.m:3]: [SLL] R0 (0x00000000) = R0 (0x00000000) << 0x00
02:55:32 [94mTRACE[0m [src/cpu.c:244]: RAM size: 0x00001000 read: 0x00000708
02:55:32 [94mTRACE[0m [src/cpu.c:465]: Instruction: 0x00000000
02:55:32 [94mTRACE[0m [src/cpu.c:466]: Opcode: 0b00000
02:55:32 [94mTRACE[0m [src/opcodes/shifts.m:3]: [SLL] R0 (0x00000000) = R0 (0x00000000) << 0x00
02:55:32 [94mTRACE[0m [src/cpu.c:244]: RAM size: 0x00001000 read: 0x0000070C
02:55:32 [94mTRACE[0m [src/cpu.c:465]: Instruction: 0x00000000
02:55:32 [94mTRACE[0m [src/cpu.c:466]: Opcode: 0b00000
02:55:32 [94mTRACE[0m [src/opcodes/shifts.m:3]: [SLL] R0 (0x00000000) = R0 (0x00000000) << 0x00
02:55:32 [94mTRACE[0m [src/cpu.c:244]: RAM size: 0x00001000 read: 0x00000710
02:55:32 [94mTRACE[0m [src/cpu.c:465]: Instruction: 0x00000000
02:55:32 [94mTRACE[0m [src/cpu.c:466]: Opcode: 0b00000
02:55:32 [94mTRACE[0m [src/opcodes/shifts.m:3]: [SLL] R0 (0x00000000) = R0 (0x00000000) << 0x00
02:55:32 [94mTRACE[0m [src/cpu.c:244]: RAM size: 0x00001000 read: 0x00000714
02:55:32 [94mTRACE[0m [src/cpu.c:465]: Instruction: 0x00000000
02:55:32 [94mTRACE[0m [src/cpu.c:466]: Opcode: 0b00000
02:55:32 [94mTRACE[0m [src/opcodes/shifts.m:3]: [SLL] R0 (0x00000000) = R0 (0x00000000) << 0x00
02:55:32 [94mTRACE[0m [src/cpu.c:244]: RAM size: 0x00001000 read: 0x00000718
02:55:32 [94mTRACE[0m [src/cpu.c:465]: Instruction: 0x00000000
02:55:32 [94mTRACE[0m [src/cpu.c:466]: Opcode: 0b00000
02:55:32 [94mTRACE[0m [src/opcodes/shifts.m:3]: [SLL] R0 (0x00000000) = R0 (0x00000000) << 0x00
02:55:32 [94mTRACE[0m [src/cpu.c:244]: RAM size: 0x00001000 read: 0x0000071C
02:55:32 [94mTRACE[0m [src/cpu.c:465]: Instruction: 0x00000000
02:55:32 [94mTRACE[0m [src/cpu.c:466]: Opcode: 0b00000
02:55:32 [94mTRACE[0m [src/opcodes/shifts.m:3]: [SLL] R0 (0x00000000) = R0 (0x00000000) << 0x00
02:55:32 [94mTRACE[0m [src/cpu.c:244]: RAM size: 0x00001000 read: 0x00000720
02:55:32 [94mTRACE[0m [src/cpu.c:465]: Instruction: 0x00000000
02:55:32 [94mTRACE[0m [src/cpu.c:466]: Opcode: 0b00000
02:55:32 [94mTRACE[0m [src/opcodes/shifts.m:3]: [SLL] R0 (0x00000000) = R0 (0x00000000) << 0x00
02:55:32 [94mTRACE[0m [src/cpu.c:244]: RAM size: 0x00001000 read: 0x00000724
02:55:32 [94mTRACE[0m [src/cpu.c:465]: Instruction: 0x00000000
02:55:32 [94mTRACE[0m [src/cpu.c:466]: Opcode: 0b00000
02:55:32 [94mTRACE[0m [src/opcodes/shifts.m:3]: [SLL] R0 (0x00000000) = R0 (0x00000000) << 0x00
02:55:32 [94mTRACE[0m [src/cpu.c:244]: RAM size: 0x00001000 read: 0x00000728
02:55:32 [94mTRACE[0m [src/cpu.c:465]: Instruction: 0x00000000
02:55:32 [94mTRACE[0m [src/cpu.c:466]: Opcode: 0b00000
02:55:32 [94mTRACE[0m [src/opcodes/shifts.m:3]: [SLL] R0 (0x00000000) = R0 (0x00000000) << 0x00
02:55:32 [94mTRACE[0m [src/cpu.c:244]: RAM size: 0x00001000 read: 0x0000072C
02:55:32 [94mTRACE[0m [src/cpu.c:465]: Instruction: 0x00000000
02:55:32 [94mTRACE[0m [src/cpu.c:466]: Opcode: 0b00000
02:55:32 [94mTRACE[0m [src/opcodes/shifts.m:3]: [SLL] R0 (0x00000000) = R0 (0x00000000) << 0x00
02:55:32 [94mTRACE[0m [src/cpu.c:244]: RAM size: 0x00001000 read: 0x00000730
02:55:32 [94mTRACE[0m [src/cpu.c:465]: Instruction: 0x00000000
02:55:32 [94mTRACE[0m [src/cpu.c:466]: Opcode: 0b00000
02:55:32 [94mTRACE[0m [src/opcodes/shifts.m:3]: [SLL] R0 (0x00000000) = R0 (0x00000000) << 0x00
02:55:32 [94mTRACE[0m [src/cpu.c:244]: RAM size: 0x00001000 read: 0x00000734
02:55:32 [94mTRACE[0m [src/cpu.c:465]: Instruction: 0x00000000
02:55:32 [94mTRACE[0m [src/cpu.c:466]: Opcode: 0b00000
02:55:32 [94mTRACE[0m [src/opcodes/shifts.m:3]: [SLL] R0 (0x00000000) = R0 (0x00000000) << 0x00
02:55:32 [94mTRACE[0m [src/cpu.c:244]: RAM size: 0x00001000 read: 0x00000738
02:55:32 [94mTRACE[0m [src/cpu.c:465]: Instruction: 0x00000000
02:55:32 [94mTRACE[0m [src/cpu.c:466]: Opcode: 0b00000
02:55:32 [94mTRACE[0m [src/opcodes/shifts.m:3]: [SLL] R0 (0x00000000) = R0 (0x00000000) << 0x00
02:55:32 [94mTRACE[0m [src/cpu.c:244]: RAM size: 0x00001000 read: 0x0000073C
02:55:32 [94mTRACE[0m [src/cpu.c:465]: Instruction: 0x00000000
02:55:32 [94mTRACE[0m [src/cpu.c:466]: Opcode: 0b00000
02:55:32 [94mTRACE[0m [src/opcodes/shifts.m:3]: [SLL] R0 (0x00000000) = R0 (0x00000000) << 0x00
02:55:32 [94mTRACE[0m [src/cpu.c:244]: RAM size: 0x00001000 read: 0x00000740
02:55:32 [94mTRACE[0m [src/cpu.c:465]: Instruction: 0x00000000
02:55:32 [94mTRACE[0m [src/cpu.c:466]: Opcode: 0b00000
02:55:32 [94mTRACE[0m [src/opcodes/shifts.m:3]: [SLL] R0 (0x00000000) = R0 (0x00000000) << 0x00
02:55:32 [94mTRACE[0m [src/cpu.c:244]: RAM size: 0x00001000 read: 0x00000744
02:55:32 [94mTRACE[0m [src/cpu.c:465]: Instruction: 0x00000000
02:55:32 [94mTRACE[0m [src/cpu.c:466]: Opcode: 0b00000
02:55:32 [94mTRACE[0m [src/opcodes/shifts.m:3]: [SLL] R0 (0x00000000) = R0 (0x00000000) << 0x00
02:55:32 [94mTRACE[0m [src/cpu.c:244]: RAM size: 0x00001000 read: 0x00000748
02:55:32 [94mTRACE[0m [src/cpu.c:465]: Instruction: 0x00000000
02:55:32 [94mTRACE[0m [src/cpu.c:466]: Opcode: 0b00000
02:55:32 [94mTRACE[0m [src/opcodes/shifts.m:3]: [SLL] R0 (0x00000000) = R0 (0x00000000) << 0x00
02:55:32 [94mTRACE[0m [src/cpu.c:244]: RAM size: 0x00001000 read: 0x0000074C
02:55:32 [94mTRACE[0m [src/cpu.c:465]: Instruction: 0x00000000
02:55:32 [94mTRACE[0m [src/cpu.c:466]: Opcode: 0b00000
02:55:32 [94mTRACE[0m [src/opcodes/shifts.m:3]: [SLL] R0 (0x00000000) = R0 (0x00000000) << 0x00
02:55:32 [94mTRACE[0m [src/cpu.c:244]: RAM size: 0x00001000 read: 0x00000750
02:55:32 [94mTRACE[0m [src/cpu.c:465]: Instruction: 0x00000000
02:55:32 [94mTRACE[0m [src/cpu.c:466]: Opcode: 0b00000
02:55:32 [94mTRACE[0m [src/opcodes/shifts.m:3]: [SLL] R0 (0x00000000) = R0 (0x00000000) << 0x00
02:55:32 [94mTRACE[0m [src/cpu.c:244]: RAM size: 0x00001000 read: 0x00000754
02:55:32 [94mTRACE[0m [src/cpu.c:465]: Instruction: 0x00000000
02:55:32 [94mTRACE[0m [src/cpu.c:466]: Opcode: 0b00000
02:55:32 [94mTRACE[0m [src/opcodes/shifts.m:3]: [SLL] R0 (0x00000000) = R0 (0x00000000) << 0x00
02:55:32 [94mTRACE[0m [src/cpu.c:244]: RAM size: 0x00001000 read: 0x00000758
02:55:32 [94mTRACE[0m [src/cpu.c:465]: Instruction: 0x00000000
02:55:32 [94mTRACE[0m [src/cpu.c:466]: Opcode: 0b00000
02:55:32 [94mTRACE[0m [src/opcodes/shifts.m:3]: [SLL] R0 (0x00000000) = R0 (0x00000000) << 0x00
02:55:32 [94mTRACE[0m [src/cpu.c:244]: RAM size: 0x00001000 read: 0x0000075C
02:55:32 [94mTRACE[0m [src/cpu.c:465]: Instruction: 0x00000000
02:55:32 [94mTRACE[0m [src/cpu.c:466]: Opcode: 0b00000
02:55:32 [94mTRACE[0m [src/opcodes/shifts.m:3]: [SLL] R0 (0x00000000) = R0 (0x00000000) << 0x00
02:55:32 [94mTRACE[0m [src/cpu.c:244]: RAM size: 0x00001000 read: 0x00000760
02:55:32 [94mTRACE[0m [src/cpu.c:465]: Instruction: 0x00000000
02:55:32 [94mTRACE[0m [src/cpu.c:466]: Opcode: 0b00000
02:55:32 [94mTRACE[0m [src/opcodes/shifts.m:3]: [SLL] R0 (0x00000000) = R0 (0x00000000) << 0x00
02:55:32 [94mTRACE[0m [src/cpu.c:244]: RAM size: 0x00001000 read: 0x00000764
02:55:32 [94mTRACE[0m [src/cpu.c:465]: Instruction: 0x00000000
02:55:32 [94mTRACE[0m [src/cpu.c:466]: Opcode: 0b00000
02:55:32 [94mTRACE[0m [src/opcodes/shifts.m:3]: [SLL] R0 (0x00000000) = R0 (0x00000000) << 0x00
02:55:32 [94mTRACE[0m [src/cpu.c:244]: RAM size: 0x00001000 read: 0x00000768
02:55:32 [94mTRACE[0m [src/cpu.c:465]: Instruction: 0x00000000
02:55:32 [94mTRACE[0m [src/cpu.c:466]: Opcode: 0b00000
02:55:32 [94mTRACE[0m [src/opcodes/shifts.m:3]: [SLL] R0 (0x00000000) = R0 (0x00000000) << 0x00
02:55:32 [94mTRACE[0m [src/cpu.c:244]: RAM size: 0x00001000 read: 0x0000076C
02:55:32 [94mTRACE[0m [src/cpu.c:465]: Instruction: 0x00000000
02:55:32 [94mTRACE[0m [src/cpu.c:466]: Opcode: 0b00000
02:55:32 [94mTRACE[0m [src/opcodes/shifts.m:3]: [SLL] R0 (0x00000000) = R0 (0x00000000) << 0x00
02:55:32 [94mTRACE[0m [src/cpu.c:244]: RAM size: 0x00001000 read: 0x00000770
02:55:32 [94mTRACE[0m [src/cpu.c:465]: Instruction: 0x00000000
02:55:32 [94mTRACE[0m [src/cpu.c:466]: Opcode: 0b00000
02:55:32 [94mTRACE[0m [src/opcodes/shifts.m:3]: [SLL] R0 (0x00000000) = R0 (0x00000000) << 0x00
02:55:32 [94mTRACE[0m [src/cpu.c:244]: RAM size: 0x00001000 read: 0x00000774
02:55:32 [94mTRACE[0m [src/cpu.c:465]: Instruction: 0x00000000
02:55:32 [94mTRACE[0m [src/cpu.c:466]: Opcode: 0b00000
02:55:32 [94mTRACE[0m [src/opcodes/shifts.m:3]: [SLL] R0 (0x00000000) = R0 (0x00000000) << 0x00
02:55:32 [94mTRACE[0m [src/cpu.c:244]: RAM size: 0x00001000 read: 0x00000778
02:55:32 [94mTRACE[0m [src/cpu.c:465]: Instruction: 0x00000000
02:55:32 [94mTRACE[0m [src/cpu.c:466]: Opcode: 0b00000
02:55:32 [94mTRACE[0m [src/opcodes/shifts.m:3]: [SLL] R0 (0x00000000) = R0 (0x00000000) << 0x00
02:55:32 [94mTRACE[0m [src/cpu.c:244]: RAM size: 0x00001000 read: 0x0000077C
02:55:32 [94mTRACE[0m [src/cpu.c:465]: Instruction: 0x00000000
02:55:32 [94mTRACE[0m [src/cpu.c:466]: Opcode: 0b00000
02:55:32 [94mTRACE[0m [src/opcodes/shifts.m:3]: [SLL] R0 (0x00000000) = R0 (0x00000000) << 0x00
02:55:32 [94mTRACE[0m [src/cpu.c:244]: RAM size: 0x00001000 read: 0x00000780
02:55:32 [94mTRACE[0m [src/cpu.c:465]: Instruction: 0x00000000
02:55:32 [94mTRACE[0m [src/cpu.c:466]: Opcode: 0b00000
02:55:32 [94mTRACE[0m [src/opcodes/shifts.m:3]: [SLL] R0 (0x00000000) = R0 (0x00000000) << 0x00
02:55:32 [94mTRACE[0m [src/cpu.c:244]: RAM size: 0x00001000 read: 0x00000784
02:55:32 [94mTRACE[0m [src/cpu.c:465]: Instruction: 0x00000000
02:55:32 [94mTRACE[0m [src/cpu.c:466]: Opcode: 0b00000
02:55:32 [94mTRACE[0m [src/opcodes/shifts.m:3]: [SLL] R0 (0x00000000) = R0 (0x00000000) << 0x00
02:55:32 [94mTRACE[0m [src/cpu.c:244]: RAM size: 0x00001000 read: 0x00000788
02:55:32 [94mTRACE[0m [src/cpu.c:465]: Instruction: 0x00000000
02:55:32 [94mTRACE[0m [src/cpu.c:466]: Opcode: 0b00000
02:55:32 [94mTRACE[0m [src/opcodes/shifts.m:3]: [SLL] R0 (0x00000000) = R0 (0x00000000) << 0x00
02:55:32 [94mTRACE[0m [src/cpu.c:244]: RAM size: 0x00001000 read: 0x0000078C
02:55:32 [94mTRACE[0m [src/cpu.c:465]: Instruction: 0x00000000
02:55:32 [94mTRACE[0m [src/cpu.c:466]: Opcode: 0b00000
02:55:32 [94mTRACE[0m [src/opcodes/shifts.m:3]: [SLL] R0 (0x00000000) = R0 (0x00000000) << 0x00
02:55:32 [94mTRACE[0m [src/cpu.c:244]: RAM size: 0x00001000 read: 0x00000790
02:55:32 [94mTRACE[0m [src/cpu.c:465]: Instruction: 0x00000000
02:55:32 [94mTRACE[0m [src/cpu.c:466]: Opcode: 0b00000
02:55:32 [94mTRACE[0m [src/opcodes/shifts.m:3]: [SLL] R0 (0x00000000) = R0 (0x00000000) << 0x00
02:55:32 [94mTRACE[0m [src/cpu.c:244]: RAM size: 0x00001000 read: 0x00000794
02:55:32 [94mTRACE[0m [src/cpu.c:465]: Instruction: 0x00000000
02:55:32 [94mTRACE[0m [src/cpu.c:466]: Opcode: 0b00000
02:55:32 [94mTRACE[0m [src/opcodes/shifts.m:3]: [SLL] R0 (0x00000000) = R0 (0x00000000) << 0x00
02:55:32 [94mTRACE[0m [src/cpu.c:244]: RAM size: 0x00001000 read: 0x00000798
02:55:32 [94mTRACE[0m [src/cpu.c:465]: Instruction: 0x00000000
02:55:32 [94mTRACE[0m [src/cpu.c:466]: Opcode: 0b00000
02:55:32 [94mTRACE[0m [src/opcodes/shifts.m:3]: [SLL] R0 (0x00000000) = R0 (0x00000000) << 0x00
02:55:32 [94mTRACE[0m [src/cpu.c:244]: RAM size: 0x00001000 read: 0x0000079C
02:55:32 [94mTRACE[0m [src/cpu.c:465]: Instruction: 0x00000000
02:55:32 [94mTRACE[0m [src/cpu.c:466]: Opcode: 0b00000
02:55:32 [94mTRACE[0m [src/opcodes/shifts.m:3]: [SLL] R0 (0x00000000) = R0 (0x00000000) << 0x00
02:55:32 [94mTRACE[0m [src/cpu.c:244]: RAM size: 0x00001000 read: 0x000007A0
02:55:32 [94mTRACE[0m [src/cpu.c:465]: Instruction: 0x00000000
02:55:32 [94mTRACE[0m [src/cpu.c:466]: Opcode: 0b00000
02:55:32 [94mTRACE[0m [src/opcodes/shifts.m:3]: [SLL] R0 (0x00000000) = R0 (0x00000000) << 0x00
02:55:32 [94mTRACE[0m [src/cpu.c:244]: RAM size: 0x00001000 read: 0x000007A4
02:55:32 [94mTRACE[0m [src/cpu.c:465]: Instruction: 0x00000000
02:55:32 [94mTRACE[0m [src/cpu.c:466]: Opcode: 0b00000
02:55:32 [94mTRACE[0m [src/opcodes/shifts.m:3]: [SLL] R0 (0x00000000) = R0 (0x00000000) << 0x00
02:55:32 [94mTRACE[0m [src/cpu.c:244]: RAM size: 0x00001000 read: 0x000007A8
02:55:32 [94mTRACE[0m [src/cpu.c:465]: Instruction: 0x00000000
02:55:32 [94mTRACE[0m [src/cpu.c:466]: Opcode: 0b00000
02:55:32 [94mTRACE[0m [src/opcodes/shifts.m:3]: [SLL] R0 (0x00000000) = R0 (0x00000000) << 0x00
02:55:32 [94mTRACE[0m [src/cpu.c:244]: RAM size: 0x00001000 read: 0x000007AC
02:55:32 [94mTRACE[0m [src/cpu.c:465]: Instruction: 0x00000000
02:55:32 [94mTRACE[0m [src/cpu.c:466]: Opcode: 0b00000
02:55:32 [94mTRACE[0m [src/opcodes/shifts.m:3]: [SLL] R0 (0x00000000) = R0 (0x00000000) << 0x00
02:55:32 [94mTRACE[0m [src/cpu.c:244]: RAM size: 0x00001000 read: 0x000007B0
02:55:32 [94mTRACE[0m [src/cpu.c:465]: Instruction: 0x00000000
02:55:32 [94mTRACE[0m [src/cpu.c:466]: Opcode: 0b00000
02:55:32 [94mTRACE[0m [src/opcodes/shifts.m:3]: [SLL] R0 (0x00000000) = R0 (0x00000000) << 0x00
02:55:32 [94mTRACE[0m [src/cpu.c:244]: RAM size: 0x00001000 read: 0x000007B4
02:55:32 [94mTRACE[0m [src/cpu.c:465]: Instruction: 0x00000000
02:55:32 [94mTRACE[0m [src/cpu.c:466]: Opcode: 0b00000
02:55:32 [94mTRACE[0m [src/opcodes/shifts.m:3]: [SLL] R0 (0x00000000) = R0 (0x00000000) << 0x00
02:55:32 [94mTRACE[0m [src/cpu.c:244]: RAM size: 0x00001000 read: 0x000007B8
02:55:32 [94mTRACE[0m [src/cpu.c:465]: Instruction: 0x00000000
02:55:32 [94mTRACE[0m [src/cpu.c:466]: Opcode: 0b00000
02:55:32 [94mTRACE[0m [src/opcodes/shifts.m:3]: [SLL] R0 (0x00000000) = R0 (0x00000000) << 0x00
02:55:32 [94mTRACE[0m [src/cpu.c:244]: RAM size: 0x00001000 read: 0x000007BC
02:55:32 [94mTRACE[0m [src/cpu.c:465]: Instruction: 0x00000000
02:55:32 [94mTRACE[0m [src/cpu.c:466]: Opcode: 0b00000
02:55:32 [94mTRACE[0m [src/opcodes/shifts.m:3]: [SLL] R0 (0x00000000) = R0 (0x00000000) << 0x00
02:55:32 [94mTRACE[0m [src/cpu.c:244]: RAM size: 0x00001000 read: 0x000007C0
02:55:32 [94mTRACE[0m [src/cpu.c:465]: Instruction: 0x00000000
02:55:32 [94mTRACE[0m [src/cpu.c:466]: Opcode: 0b00000
02:55:32 [94mTRACE[0m [src/opcodes/shifts.m:3]: [SLL] R0 (0x00000000) = R0 (0x00000000) << 0x00
02:55:32 [94mTRACE[0m [src/cpu.c:244]: RAM size: 0x00001000 read: 0x000007C4
02:55:32 [94mTRACE[0m [src/cpu.c:465]: Instruction: 0x00000000
02:55:32 [94mTRACE[0m [src/cpu.c:466]: Opcode: 0b00000
02:55:32 [94mTRACE[0m [src/opcodes/shifts.m:3]: [SLL] R0 (0x00000000) = R0 (0x00000000) << 0x00
02:55:32 [94mTRACE[0m [src/cpu.c:244]: RAM size: 0x00001000 read: 0x000007C8
02:55:32 [94mTRACE[0m [src/cpu.c:465]: Instruction: 0x00000000
02:55:32 [94mTRACE[0m [src/cpu.c:466]: Opcode: 0b00000
02:55:32 [94mTRACE[0m [src/opcodes/shifts.m:3]: [SLL] R0 (0x00000000) = R0 (0x00000000) << 0x00
02:55:32 [94mTRACE[0m [src/cpu.c:244]: RAM size: 0x00001000 read: 0x000007CC
02:55:32 [94mTRACE[0m [src/cpu.c:465]: Instruction: 0x00000000
02:55:32 [94mTRACE[0m [src/cpu.c:466]: Opcode: 0b00000
02:55:32 [94mTRACE[0m [src/opcodes/shifts.m:3]: [SLL] R0 (0x00000000) = R0 (0x00000000) << 0x00
02:55:32 [94mTRACE[0m [src/cpu.c:244]: RAM size: 0x00001000 read: 0x000007D0
02:55:32 [94mTRACE[0m [src/cpu.c:465]: Instruction: 0x00000000
02:55:32 [94mTRACE[0m [src/cpu.c:466]: Opcode: 0b00000
02:55:32 [94mTRACE[0m [src/opcodes/shifts.m:3]: [SLL] R0 (0x00000000) = R0 (0x00000000) << 0x00
02:55:32 [94mTRACE[0m [src/cpu.c:244]: RAM size: 0x00001000 read: 0x000007D4
02:55:32 [94mTRACE[0m [src/cpu.c:465]: Instruction: 0x00000000
02:55:32 [94mTRACE[0m [src/cpu.c:466]: Opcode: 0b00000
02:55:32 [94mTRACE[0m [src/opcodes/shifts.m:3]: [SLL] R0 (0x00000000) = R0 (0x00000000) << 0x00
02:55:32 [94mTRACE[0m [src/cpu.c:244]: RAM size: 0x00001000 read: 0x000007D8
02:55:32 [94mTRACE[0m [src/cpu.c:465]: Instruction: 0x00000000
02:55:32 [94mTRACE[0m [src/cpu.c:466]: Opcode: 0b00000
02:55:32 [94mTRACE[0m [src/opcodes/shifts.m:3]: [SLL] R0 (0x00000000) = R0 (0x00000000) << 0x00
02:55:32 [94mTRACE[0m [src/cpu.c:244]: RAM size: 0x00001000 read: 0x000007DC
02:55:32 [94mTRACE[0m [src/cpu.c:465]: Instruction: 0x00000000
02:55:32 [94mTRACE[0m [src/cpu.c:466]: Opcode: 0b00000
02:55:32 [94mTRACE[0m [src/opcodes/shifts.m:3]: [SLL] R0 (0x00000000) = R0 (0x00000000) << 0x00
02:55:32 [94mTRACE[0m [src/cpu.c:244]: RAM size: 0x00001000 read: 0x000007E0
02:55:32 [94mTRACE[0m [src/cpu.c:465]: Instruction: 0x00000000
02:55:32 [94mTRACE[0m [src/cpu.c:466]: Opcode: 0b00000
02:55:32 [94mTRACE[0m [src/opcodes/shifts.m:3]: [SLL] R0 (0x00000000) = R0 (0x00000000) << 0x00
02:55:32 [94mTRACE[0m [src/cpu.c:244]: RAM size: 0x00001000 read: 0x000007E4
02:55:32 [94mTRACE[0m [src/cpu.c:465]: Instruction: 0x00000000
02:55:32 [94mTRACE[0m [src/cpu.c:466]: Opcode: 0b00000
02:55:32 [94mTRACE[0m [src/opcodes/shifts.m:3]: [SLL] R0 (0x00000000) = R0 (0x00000000) << 0x00
02:55:32 [94mTRACE[0m [src/cpu.c:244]: RAM size: 0x00001000 read: 0x000007E8
02:55:32 [94mTRACE[0m [src/cpu.c:465]: Instruction: 0x00000000
02:55:32 [94mTRACE[0m [src/cpu.c:466]: Opcode: 0b00000
02:55:32 [94mTRACE[0m [src/opcodes/shifts.m:3]: [SLL] R0 (0x00000000) = R0 (0x00000000) << 0x00
02:55:32 [94mTRACE[0m [src/cpu.c:244]: RAM size: 0x00001000 read: 0x000007EC
02:55:32 [94mTRACE[0m [src/cpu.c:465]: Instruction: 0x00000000
02:55:32 [94mTRACE[0m [src/cpu.c:466]: Opcode: 0b00000
02:55:32 [94mTRACE[0m [src/opcodes/shifts.m:3]: [SLL] R0 (0x00000000) = R0 (0x00000000) << 0x00
02:55:32 [94mTRACE[0m [src/cpu.c:244]: RAM size: 0x00001000 read: 0x000007F0
02:55:32 [94mTRACE[0m [src/cpu.c:465]: Instruction: 0x00000000
02:55:32 [94mTRACE[0m [src/cpu.c:466]: Opcode: 0b00000
02:55:32 [94mTRACE[0m [src/opcodes/shifts.m:3]: [SLL] R0 (0x00000000) = R0 (0x00000000) << 0x00
02:55:32 [94mTRACE[0m [src/cpu.c:244]: RAM size: 0x00001000 read: 0x000007F4
02:55:32 [94mTRACE[0m [src/cpu.c:465]: Instruction: 0x00000000
02:55:32 [94mTRACE[0m [src/cpu.c:466]: Opcode: 0b00000
02:55:32 [94mTRACE[0m [src/opcodes/shifts.m:3]: [SLL] R0 (0x00000000) = R0 (0x00000000) << 0x00
02:55:32 [94mTRACE[0m [src/cpu.c:244]: RAM size: 0x00001000 read: 0x000007F8
02:55:32 [94mTRACE[0m [src/cpu.c:465]: Instruction: 0x00000000
02:55:32 [94mTRACE[0m [src/cpu.c:466]: Opcode: 0b00000
02:55:32 [94mTRACE[0m [src/opcodes/shifts.m:3]: [SLL] R0 (0x00000000) = R0 (0x00000000) << 0x00
02:55:32 [94mTRACE[0m [src/cpu.c:244]: RAM size: 0x00001000 read: 0x000007FC
02:55:32 [94mTRACE[0m [src/cpu.c:465]: Instruction: 0x00000000
02:55:32 [94mTRACE[0m [src/cpu.c:466]: Opcode: 0b00000
02:55:32 [94mTRACE[0m [src/opcodes/shifts.m:3]: [SLL] R0 (0x00000000) = R0 (0x00000000) << 0x00
02:55:32 [94mTRACE[0m [src/cpu.c:244]: RAM size: 0x00001000 read: 0x00000800
02:55:32 [94mTRACE[0m [src/cpu.c:465]: Instruction: 0x00000000
02:55:32 [94mTRACE[0m [src/cpu.c:466]: Opcode: 0b00000
02:55:32 [94mTRACE[0m [src/opcodes/shifts.m:3]: [SLL] R0 (0x00000000) = R0 (0x00000000) << 0x00
02:55:32 [94mTRACE[0m [src/cpu.c:244]: RAM size: 0x00001000 read: 0x00000804
02:55:32 [94mTRACE[0m [src/cpu.c:465]: Instruction: 0x00000000
02:55:32 [94mTRACE[0m [src/cpu.c:466]: Opcode: 0b00000
02:55:32 [94mTRACE[0m [src/opcodes/shifts.m:3]: [SLL] R0 (0x00000000) = R0 (0x00000000) << 0x00
02:55:32 [94mTRACE[0m [src/cpu.c:244]: RAM size: 0x00001000 read: 0x00000808
02:55:32 [94mTRACE[0m [src/cpu.c:465]: Instruction: 0x00000000
02:55:32 [94mTRACE[0m [src/cpu.c:466]: Opcode: 0b00000
02:55:32 [94mTRACE[0m [src/opcodes/shifts.m:3]: [SLL] R0 (0x00000000) = R0 (0x00000000) << 0x00
02:55:32 [94mTRACE[0m [src/cpu.c:244]: RAM size: 0x00001000 read: 0x0000080C
02:55:32 [94mTRACE[0m [src/cpu.c:465]: Instruction: 0x00000000
02:55:32 [94mTRACE[0m [src/cpu.c:466]: Opcode: 0b00000
02:55:32 [94mTRACE[0m [src/opcodes/shifts.m:3]: [SLL] R0 (0x00000000) = R0 (0x00000000) << 0x00
02:55:32 [94mTRACE[0m [src/cpu.c:244]: RAM size: 0x00001000 read: 0x00000810
02:55:32 [94mTRACE[0m [src/cpu.c:465]: Instruction: 0x00000000
02:55:32 [94mTRACE[0m [src/cpu.c:466]: Opcode: 0b00000
02:55:32 [94mTRACE[0m [src/opcodes/shifts.m:3]: [SLL] R0 (0x00000000) = R0 (0x00000000) << 0x00
02:55:32 [94mTRACE[0m [src/cpu.c:244]: RAM size: 0x00001000 read: 0x00000814
02:55:32 [94mTRACE[0m [src/cpu.c:465]: Instruction: 0x00000000
02:55:32 [94mTRACE[0m [src/cpu.c:466]: Opcode: 0b00000
02:55:32 [94mTRACE[0m [src/opcodes/shifts.m:3]: [SLL] R0 (0x00000000) = R0 (0x00000000) << 0x00
02:55:32 [94mTRACE[0m [src/cpu.c:244]: RAM size: 0x00001000 read: 0x00000818
02:55:32 [94mTRACE[0m [src/cpu.c:465]: Instruction: 0x00000000
02:55:32 [94mTRACE[0m [src/cpu.c:466]: Opcode: 0b00000
02:55:32 [94mTRACE[0m [src/opcodes/shifts.m:3]: [SLL] R0 (0x00000000) = R0 (0x00000000) << 0x00
02:55:32 [94mTRACE[0m [src/cpu.c:244]: RAM size: 0x00001000 read: 0x0000081C
02:55:32 [94mTRACE[0m [src/cpu.c:465]: Instruction: 0x00000000
02:55:32 [94mTRACE[0m [src/cpu.c:466]: Opcode: 0b00000
02:55:32 [94mTRACE[0m [src/opcodes/shifts.m:3]: [SLL] R0 (0x00000000) = R0 (0x00000000) << 0x00
02:55:32 [94mTRACE[0m [src/cpu.c:244]: RAM size: 0x00001000 read: 0x00000820
02:55:32 [94mTRACE[0m [src/cpu.c:465]: Instruction: 0x00000000
02:55:32 [94mTRACE[0m [src/cpu.c:466]: Opcode: 0b00000
02:55:32 [94mTRACE[0m [src/opcodes/shifts.m:3]: [SLL] R0 (0x00000000) = R0 (0x00000000) << 0x00
02:55:32 [94mTRACE[0m [src/cpu.c:244]: RAM size: 0x00001000 read: 0x00000824
02:55:32 [94mTRACE[0m [src/cpu.c:465]: Instruction: 0x00000000
02:55:32 [94mTRACE[0m [src/cpu.c:466]: Opcode: 0b00000
02:55:32 [94mTRACE[0m [src/opcodes/shifts.m:3]: [SLL] R0 (0x00000000) = R0 (0x00000000) << 0x00
02:55:32 [94mTRACE[0m [src/cpu.c:244]: RAM size: 0x00001000 read: 0x00000828
02:55:32 [94mTRACE[0m [src/cpu.c:465]: Instruction: 0x00000000
02:55:32 [94mTRACE[0m [src/cpu.c:466]: Opcode: 0b00000
02:55:32 [94mTRACE[0m [src/opcodes/shifts.m:3]: [SLL] R0 (0x00000000) = R0 (0x00000000) << 0x00
02:55:32 [94mTRACE[0m [src/cpu.c:244]: RAM size: 0x00001000 read: 0x0000082C
02:55:32 [94mTRACE[0m [src/cpu.c:465]: Instruction: 0x00000000
02:55:32 [94mTRACE[0m [src/cpu.c:466]: Opcode: 0b00000
02:55:32 [94mTRACE[0m [src/opcodes/shifts.m:3]: [SLL] R0 (0x00000000) = R0 (0x00000000) << 0x00
02:55:32 [94mTRACE[0m [src/cpu.c:244]: RAM size: 0x00001000 read: 0x00000830
02:55:32 [94mTRACE[0m [src/cpu.c:465]: Instruction: 0x00000000
02:55:32 [94mTRACE[0m [src/cpu.c:466]: Opcode: 0b00000
02:55:32 [94mTRACE[0m [src/opcodes/shifts.m:3]: [SLL] R0 (0x00000000) = R0 (0x00000000) << 0x00
02:55:32 [94mTRACE[0m [src/cpu.c:244]: RAM size: 0x00001000 read: 0x00000834
02:55:32 [94mTRACE[0m [src/cpu.c:465]: Instruction: 0x00000000
02:55:32 [94mTRACE[0m [src/cpu.c:466]: Opcode: 0b00000
02:55:32 [94mTRACE[0m [src/opcodes/shifts.m:3]: [SLL] R0 (0x00000000) = R0 (0x00000000) << 0x00
02:55:32 [94mTRACE[0m [src/cpu.c:244]: RAM size: 0x00001000 read: 0x00000838
02:55:32 [94mTRACE[0m [src/cpu.c:465]: Instruction: 0x00000000
02:55:32 [94mTRACE[0m [src/cpu.c:466]: Opcode: 0b00000
02:55:32 [94mTRACE[0m [src/opcodes/shifts.m:3]: [SLL] R0 (0x00000000) = R0 (0x00000000) << 0x00
02:55:32 [94mTRACE[0m [src/cpu.c:244]: RAM size: 0x00001000 read: 0x0000083C
02:55:32 [94mTRACE[0m [src/cpu.c:465]: Instruction: 0x00000000
02:55:32 [94mTRACE[0m [src/cpu.c:466]: Opcode: 0b00000
02:55:32 [94mTRACE[0m [src/opcodes/shifts.m:3]: [SLL] R0 (0x00000000) = R0 (0x00000000) << 0x00
02:55:32 [94mTRACE[0m [src/cpu.c:244]: RAM size: 0x00001000 read: 0x00000840
02:55:32 [94mTRACE[0m [src/cpu.c:465]: Instruction: 0x00000000
02:55:32 [94mTRACE[0m [src/cpu.c:466]: Opcode: 0b00000
02:55:32 [94mTRACE[0m [src/opcodes/shifts.m:3]: [SLL] R0 (0x00000000) = R0 (0x00000000) << 0x00
02:55:32 [94mTRACE[0m [src/cpu.c:244]: RAM size: 0x00001000 read: 0x00000844
02:55:32 [94mTRACE[0m [src/cpu.c:465]: Instruction: 0x00000000
02:55:32 [94mTRACE[0m [src/cpu.c:466]: Opcode: 0b00000
02:55:32 [94mTRACE[0m [src/opcodes/shifts.m:3]: [SLL] R0 (0x00000000) = R0 (0x00000000) << 0x00
02:55:32 [94mTRACE[0m [src/cpu.c:244]: RAM size: 0x00001000 read: 0x00000848
02:55:32 [94mTRACE[0m [src/cpu.c:465]: Instruction: 0x00000000
02:55:32 [94mTRACE[0m [src/cpu.c:466]: Opcode: 0b00000
02:55:32 [94mTRACE[0m [src/opcodes/shifts.m:3]: [SLL] R0 (0x00000000) = R0 (0x00000000) << 0x00
02:55:32 [94mTRACE[0m [src/cpu.c:244]: RAM size: 0x00001000 read: 0x0000084C
02:55:32 [94mTRACE[0m [src/cpu.c:465]: Instruction: 0x00000000
02:55:32 [94mTRACE[0m [src/cpu.c:466]: Opcode: 0b00000
02:55:32 [94mTRACE[0m [src/opcodes/shifts.m:3]: [SLL] R0 (0x00000000) = R0 (0x00000000) << 0x00
02:55:32 [94mTRACE[0m [src/cpu.c:244]: RAM size: 0x00001000 read: 0x00000850
02:55:32 [94mTRACE[0m [src/cpu.c:465]: Instruction: 0x00000000
02:55:32 [94mTRACE[0m [src/cpu.c:466]: Opcode: 0b00000
02:55:32 [94mTRACE[0m [src/opcodes/shifts.m:3]: [SLL] R0 (0x00000000) = R0 (0x00000000) << 0x00
02:55:32 [94mTRACE[0m [src/cpu.c:244]: RAM size: 0x00001000 read: 0x00000854
02:55:32 [94mTRACE[0m [src/cpu.c:465]: Instruction: 0x00000000
02:55:32 [94mTRACE[0m [src/cpu.c:466]: Opcode: 0b00000
02:55:32 [94mTRACE[0m [src/opcodes/shifts.m:3]: [SLL] R0 (0x00000000) = R0 (0x00000000) << 0x00
02:55:32 [94mTRACE[0m [src/cpu.c:244]: RAM size: 0x00001000 read: 0x00000858
02:55:32 [94mTRACE[0m [src/cpu.c:465]: Instruction: 0x00000000
02:55:32 [94mTRACE[0m [src/cpu.c:466]: Opcode: 0b00000
02:55:32 [94mTRACE[0m [src/opcodes/shifts.m:3]: [SLL] R0 (0x00000000) = R0 (0x00000000) << 0x00
02:55:32 [94mTRACE[0m [src/cpu.c:244]: RAM size: 0x00001000 read: 0x0000085C
02:55:32 [94mTRACE[0m [src/cpu.c:465]: Instruction: 0x00000000
02:55:32 [94mTRACE[0m [src/cpu.c:466]: Opcode: 0b00000
02:55:32 [94mTRACE[0m [src/opcodes/shifts.m:3]: [SLL] R0 (0x00000000) = R0 (0x00000000) << 0x00
02:55:32 [94mTRACE[0m [src/cpu.c:244]: RAM size: 0x00001000 read: 0x00000860
02:55:32 [94mTRACE[0m [src/cpu.c:465]: Instruction: 0x00000000
02:55:32 [94mTRACE[0m [src/cpu.c:466]: Opcode: 0b00000
02:55:32 [94mTRACE[0m [src/opcodes/shifts.m:3]: [SLL] R0 (0x00000000) = R0 (0x00000000) << 0x00
02:55:32 [94mTRACE[0m [src/cpu.c:244]: RAM size: 0x00001000 read: 0x00000864
02:55:32 [94mTRACE[0m [src/cpu.c:465]: Instruction: 0x00000000
02:55:32 [94mTRACE[0m [src/cpu.c:466]: Opcode: 0b00000
02:55:32 [94mTRACE[0m [src/opcodes/shifts.m:3]: [SLL] R0 (0x00000000) = R0 (0x00000000) << 0x00
02:55:32 [94mTRACE[0m [src/cpu.c:244]: RAM size: 0x00001000 read: 0x00000868
02:55:32 [94mTRACE[0m [src/cpu.c:465]: Instruction: 0x00000000
02:55:32 [94mTRACE[0m [src/cpu.c:466]: Opcode: 0b00000
02:55:32 [94mTRACE[0m [src/opcodes/shifts.m:3]: [SLL] R0 (0x00000000) = R0 (0x00000000) << 0x00
02:55:32 [94mTRACE[0m [src/cpu.c:244]: RAM size: 0x00001000 read: 0x0000086C
02:55:32 [94mTRACE[0m [src/cpu.c:465]: Instruction: 0x00000000
02:55:32 [94mTRACE[0m [src/cpu.c:466]: Opcode: 0b00000
02:55:32 [94mTRACE[0m [src/opcodes/shifts.m:3]: [SLL] R0 (0x00000000) = R0 (0x00000000) << 0x00
02:55:32 [94mTRACE[0m [src/cpu.c:244]: RAM size: 0x00001000 read: 0x00000870
02:55:32 [94mTRACE[0m [src/cpu.c:465]: Instruction: 0x00000000
02:55:32 [94mTRACE[0m [src/cpu.c:466]: Opcode: 0b00000
02:55:32 [94mTRACE[0m [src/opcodes/shifts.m:3]: [SLL] R0 (0x00000000) = R0 (0x00000000) << 0x00
02:55:32 [94mTRACE[0m [src/cpu.c:244]: RAM size: 0x00001000 read: 0x00000874
02:55:32 [94mTRACE[0m [src/cpu.c:465]: Instruction: 0x00000000
02:55:32 [94mTRACE[0m [src/cpu.c:466]: Opcode: 0b00000
02:55:32 [94mTRACE[0m [src/opcodes/shifts.m:3]: [SLL] R0 (0x00000000) = R0 (0x00000000) << 0x00
02:55:32 [94mTRACE[0m [src/cpu.c:244]: RAM size: 0x00001000 read: 0x00000878
02:55:32 [94mTRACE[0m [src/cpu.c:465]: Instruction: 0x00000000
02:55:32 [94mTRACE[0m [src/cpu.c:466]: Opcode: 0b00000
02:55:32 [94mTRACE[0m [src/opcodes/shifts.m:3]: [SLL] R0 (0x00000000) = R0 (0x00000000) << 0x00
02:55:32 [94mTRACE[0m [src/cpu.c:244]: RAM size: 0x00001000 read: 0x0000087C
02:55:32 [94mTRACE[0m [src/cpu.c:465]: Instruction: 0x00000000
02:55:32 [94mTRACE[0m [src/cpu.c:466]: Opcode: 0b00000
02:55:32 [94mTRACE[0m [src/opcodes/shifts.m:3]: [SLL] R0 (0x00000000) = R0 (0x00000000) << 0x00
02:55:32 [94mTRACE[0m [src/cpu.c:244]: RAM size: 0x00001000 read: 0x00000880
02:55:32 [94mTRACE[0m [src/cpu.c:465]: Instruction: 0x00000000
02:55:32 [94mTRACE[0m [src/cpu.c:466]: Opcode: 0b00000
02:55:32 [94mTRACE[0m [src/opcodes/shifts.m:3]: [SLL] R0 (0x00000000) = R0 (0x00000000) << 0x00
02:55:32 [94mTRACE[0m [src/cpu.c:244]: RAM size: 0x00001000 read: 0x00000884
02:55:32 [94mTRACE[0m [src/cpu.c:465]: Instruction: 0x00000000
02:55:32 [94mTRACE[0m [src/cpu.c:466]: Opcode: 0b00000
02:55:32 [94mTRACE[0m [src/opcodes/shifts.m:3]: [SLL] R0 (0x00000000) = R0 (0x00000000) << 0x00
02:55:32 [94mTRACE[0m [src/cpu.c:244]: RAM size: 0x00001000 read: 0x00000888
02:55:32 [94mTRACE[0m [src/cpu.c:465]: Instruction: 0x00000000
02:55:32 [94mTRACE[0m [src/cpu.c:466]: Opcode: 0b00000
02:55:32 [94mTRACE[0m [src/opcodes/shifts.m:3]: [SLL] R0 (0x00000000) = R0 (0x00000000) << 0x00
02:55:32 [94mTRACE[0m [src/cpu.c:244]: RAM size: 0x00001000 read: 0x0000088C
02:55:32 [94mTRACE[0m [src/cpu.c:465]: Instruction: 0x00000000
02:55:32 [94mTRACE[0m [src/cpu.c:466]: Opcode: 0b00000
02:55:32 [94mTRACE[0m [src/opcodes/shifts.m:3]: [SLL] R0 (0x00000000) = R0 (0x00000000) << 0x00
02:55:32 [94mTRACE[0m [src/cpu.c:244]: RAM size: 0x00001000 read: 0x00000890
02:55:32 [94mTRACE[0m [src/cpu.c:465]: Instruction: 0x00000000
02:55:32 [94mTRACE[0m [src/cpu.c:466]: Opcode: 0b00000
02:55:32 [94mTRACE[0m [src/opcodes/shifts.m:3]: [SLL] R0 (0x00000000) = R0 (0x00000000) << 0x00
02:55:32 [94mTRACE[0m [src/cpu.c:244]: RAM size: 0x00001000 read: 0x00000894
02:55:32 [94mTRACE[0m [src/cpu.c:465]: Instruction: 0x00000000
02:55:32 [94mTRACE[0m [src/cpu.c:466]: Opcode: 0b00000
02:55:32 [94mTRACE[0m [src/opcodes/shifts.m:3]: [SLL] R0 (0x00000000) = R0 (0x00000000) << 0x00
02:55:32 [94mTRACE[0m [src/cpu.c:244]: RAM size: 0x00001000 read: 0x00000898
02:55:32 [94mTRACE[0m [src/cpu.c:465]: Instruction: 0x00000000
02:55:32 [94mTRACE[0m [src/cpu.c:466]: Opcode: 0b00000
02:55:32 [94mTRACE[0m [src/opcodes/shifts.m:3]: [SLL] R0 (0x00000000) = R0 (0x00000000) << 0x00
02:55:32 [94mTRACE[0m [src/cpu.c:244]: RAM size: 0x00001000 read: 0x0000089C
02:55:32 [94mTRACE[0m [src/cpu.c:465]: Instruction: 0x00000000
02:55:32 [94mTRACE[0m [src/cpu.c:466]: Opcode: 0b00000
02:55:32 [94mTRACE[0m [src/opcodes/shifts.m:3]: [SLL] R0 (0x00000000) = R0 (0x00000000) << 0x00
02:55:32 [94mTRACE[0m [src/cpu.c:244]: RAM size: 0x00001000 read: 0x000008A0
02:55:32 [94mTRACE[0m [src/cpu.c:465]: Instruction: 0x00000000
02:55:32 [94mTRACE[0m [src/cpu.c:466]: Opcode: 0b00000
02:55:32 [94mTRACE[0m [src/opcodes/shifts.m:3]: [SLL] R0 (0x00000000) = R0 (0x00000000) << 0x00
02:55:32 [94mTRACE[0m [src/cpu.c:244]: RAM size: 0x00001000 read: 0x000008A4
02:55:32 [94mTRACE[0m [src/cpu.c:465]: Instruction: 0x00000000
02:55:32 [94mTRACE[0m [src/cpu.c:466]: Opcode: 0b00000
02:55:32 [94mTRACE[0m [src/opcodes/shifts.m:3]: [SLL] R0 (0x00000000) = R0 (0x00000000) << 0x00
02:55:32 [94mTRACE[0m [src/cpu.c:244]: RAM size: 0x00001000 read: 0x000008A8
02:55:32 [94mTRACE[0m [src/cpu.c:465]: Instruction: 0x00000000
02:55:32 [94mTRACE[0m [src/cpu.c:466]: Opcode: 0b00000
02:55:32 [94mTRACE[0m [src/opcodes/shifts.m:3]: [SLL] R0 (0x00000000) = R0 (0x00000000) << 0x00
02:55:32 [94mTRACE[0m [src/cpu.c:244]: RAM size: 0x00001000 read: 0x000008AC
02:55:32 [94mTRACE[0m [src/cpu.c:465]: Instruction: 0x00000000
02:55:32 [94mTRACE[0m [src/cpu.c:466]: Opcode: 0b00000
02:55:32 [94mTRACE[0m [src/opcodes/shifts.m:3]: [SLL] R0 (0x00000000) = R0 (0x00000000) << 0x00
02:55:32 [94mTRACE[0m [src/cpu.c:244]: RAM size: 0x00001000 read: 0x000008B0
02:55:32 [94mTRACE[0m [src/cpu.c:465]: Instruction: 0x00000000
02:55:32 [94mTRACE[0m [src/cpu.c:466]: Opcode: 0b00000
02:55:32 [94mTRACE[0m [src/opcodes/shifts.m:3]: [SLL] R0 (0x00000000) = R0 (0x00000000) << 0x00
02:55:32 [94mTRACE[0m [src/cpu.c:244]: RAM size: 0x00001000 read: 0x000008B4
02:55:32 [94mTRACE[0m [src/cpu.c:465]: Instruction: 0x00000000
02:55:32 [94mTRACE[0m [src/cpu.c:466]: Opcode: 0b00000
02:55:32 [94mTRACE[0m [src/opcodes/shifts.m:3]: [SLL] R0 (0x00000000) = R0 (0x00000000) << 0x00
02:55:32 [94mTRACE[0m [src/cpu.c:244]: RAM size: 0x00001000 read: 0x000008B8
02:55:32 [94mTRACE[0m [src/cpu.c:465]: Instruction: 0x00000000
02:55:32 [94mTRACE[0m [src/cpu.c:466]: Opcode: 0b00000
02:55:32 [94mTRACE[0m [src/opcodes/shifts.m:3]: [SLL] R0 (0x00000000) = R0 (0x00000000) << 0x00
02:55:32 [94mTRACE[0m [src/cpu.c:244]: RAM size: 0x00001000 read: 0x000008BC
02:55:32 [94mTRACE[0m [src/cpu.c:465]: Instruction: 0x00000000
02:55:32 [94mTRACE[0m [src/cpu.c:466]: Opcode: 0b00000
02:55:32 [94mTRACE[0m [src/opcodes/shifts.m:3]: [SLL] R0 (0x00000000) = R0 (0x00000000) << 0x00
02:55:32 [94mTRACE[0m [src/cpu.c:244]: RAM size: 0x00001000 read: 0x000008C0
02:55:32 [94mTRACE[0m [src/cpu.c:465]: Instruction: 0x00000000
02:55:32 [94mTRACE[0m [src/cpu.c:466]: Opcode: 0b00000
02:55:32 [94mTRACE[0m [src/opcodes/shifts.m:3]: [SLL] R0 (0x00000000) = R0 (0x00000000) << 0x00
02:55:32 [94mTRACE[0m [src/cpu.c:244]: RAM size: 0x00001000 read: 0x000008C4
02:55:32 [94mTRACE[0m [src/cpu.c:465]: Instruction: 0x00000000
02:55:32 [94mTRACE[0m [src/cpu.c:466]: Opcode: 0b00000
02:55:32 [94mTRACE[0m [src/opcodes/shifts.m:3]: [SLL] R0 (0x00000000) = R0 (0x00000000) << 0x00
02:55:32 [94mTRACE[0m [src/cpu.c:244]: RAM size: 0x00001000 read: 0x000008C8
02:55:32 [94mTRACE[0m [src/cpu.c:465]: Instruction: 0x00000000
02:55:32 [94mTRACE[0m [src/cpu.c:466]: Opcode: 0b00000
02:55:32 [94mTRACE[0m [src/opcodes/shifts.m:3]: [SLL] R0 (0x00000000) = R0 (0x00000000) << 0x00
02:55:32 [94mTRACE[0m [src/cpu.c:244]: RAM size: 0x00001000 read: 0x000008CC
02:55:32 [94mTRACE[0m [src/cpu.c:465]: Instruction: 0x00000000
02:55:32 [94mTRACE[0m [src/cpu.c:466]: Opcode: 0b00000
02:55:32 [94mTRACE[0m [src/opcodes/shifts.m:3]: [SLL] R0 (0x00000000) = R0 (0x00000000) << 0x00
02:55:32 [94mTRACE[0m [src/cpu.c:244]: RAM size: 0x00001000 read: 0x000008D0
02:55:32 [94mTRACE[0m [src/cpu.c:465]: Instruction: 0x00000000
02:55:32 [94mTRACE[0m [src/cpu.c:466]: Opcode: 0b00000
02:55:32 [94mTRACE[0m [src/opcodes/shifts.m:3]: [SLL] R0 (0x00000000) = R0 (0x00000000) << 0x00
02:55:32 [94mTRACE[0m [src/cpu.c:244]: RAM size: 0x00001000 read: 0x000008D4
02:55:32 [94mTRACE[0m [src/cpu.c:465]: Instruction: 0x00000000
02:55:32 [94mTRACE[0m [src/cpu.c:466]: Opcode: 0b00000
02:55:32 [94mTRACE[0m [src/opcodes/shifts.m:3]: [SLL] R0 (0x00000000) = R0 (0x00000000) << 0x00
02:55:32 [94mTRACE[0m [src/cpu.c:244]: RAM size: 0x00001000 read: 0x000008D8
02:55:32 [94mTRACE[0m [src/cpu.c:465]: Instruction: 0x00000000
02:55:32 [94mTRACE[0m [src/cpu.c:466]: Opcode: 0b00000
02:55:32 [94mTRACE[0m [src/opcodes/shifts.m:3]: [SLL] R0 (0x00000000) = R0 (0x00000000) << 0x00
02:55:32 [94mTRACE[0m [src/cpu.c:244]: RAM size: 0x00001000 read: 0x000008DC
02:55:32 [94mTRACE[0m [src/cpu.c:465]: Instruction: 0x00000000
02:55:32 [94mTRACE[0m [src/cpu.c:466]: Opcode: 0b00000
02:55:32 [94mTRACE[0m [src/opcodes/shifts.m:3]: [SLL] R0 (0x00000000) = R0 (0x00000000) << 0x00
02:55:32 [94mTRACE[0m [src/cpu.c:244]: RAM size: 0x00001000 read: 0x000008E0
02:55:32 [94mTRACE[0m [src/cpu.c:465]: Instruction: 0x00000000
02:55:32 [94mTRACE[0m [src/cpu.c:466]: Opcode: 0b00000
02:55:32 [94mTRACE[0m [src/opcodes/shifts.m:3]: [SLL] R0 (0x00000000) = R0 (0x00000000) << 0x00
02:55:32 [94mTRACE[0m [src/cpu.c:244]: RAM size: 0x00001000 read: 0x000008E4
02:55:32 [94mTRACE[0m [src/cpu.c:465]: Instruction: 0x00000000
02:55:32 [94mTRACE[0m [src/cpu.c:466]: Opcode: 0b00000
02:55:32 [94mTRACE[0m [src/opcodes/shifts.m:3]: [SLL] R0 (0x00000000) = R0 (0x00000000) << 0x00
02:55:32 [94mTRACE[0m [src/cpu.c:244]: RAM size: 0x00001000 read: 0x000008E8
02:55:32 [94mTRACE[0m [src/cpu.c:465]: Instruction: 0x00000000
02:55:32 [94mTRACE[0m [src/cpu.c:466]: Opcode: 0b00000
02:55:32 [94mTRACE[0m [src/opcodes/shifts.m:3]: [SLL] R0 (0x00000000) = R0 (0x00000000) << 0x00
02:55:32 [94mTRACE[0m [src/cpu.c:244]: RAM size: 0x00001000 read: 0x000008EC
02:55:32 [94mTRACE[0m [src/cpu.c:465]: Instruction: 0x00000000
02:55:32 [94mTRACE[0m [src/cpu.c:466]: Opcode: 0b00000
02:55:32 [94mTRACE[0m [src/opcodes/shifts.m:3]: [SLL] R0 (0x00000000) = R0 (0x00000000) << 0x00
02:55:32 [94mTRACE[0m [src/cpu.c:244]: RAM size: 0x00001000 read: 0x000008F0
02:55:32 [94mTRACE[0m [src/cpu.c:465]: Instruction: 0x00000000
02:55:32 [94mTRACE[0m [src/cpu.c:466]: Opcode: 0b00000
02:55:32 [94mTRACE[0m [src/opcodes/shifts.m:3]: [SLL] R0 (0x00000000) = R0 (0x00000000) << 0x00
02:55:32 [94mTRACE[0m [src/cpu.c:244]: RAM size: 0x00001000 read: 0x000008F4
02:55:32 [94mTRACE[0m [src/cpu.c:465]: Instruction: 0x00000000
02:55:32 [94mTRACE[0m [src/cpu.c:466]: Opcode: 0b00000
02:55:32 [94mTRACE[0m [src/opcodes/shifts.m:3]: [SLL] R0 (0x00000000) = R0 (0x00000000) << 0x00
02:55:32 [94mTRACE[0m [src/cpu.c:244]: RAM size: 0x00001000 read: 0x000008F8
02:55:32 [94mTRACE[0m [src/cpu.c:465]: Instruction: 0x00000000
02:55:32 [94mTRACE[0m [src/cpu.c:466]: Opcode: 0b00000
02:55:32 [94mTRACE[0m [src/opcodes/shifts.m:3]: [SLL] R0 (0x00000000) = R0 (0x00000000) << 0x00
02:55:32 [94mTRACE[0m [src/cpu.c:244]: RAM size: 0x00001000 read: 0x000008FC
02:55:32 [94mTRACE[0m [src/cpu.c:465]: Instruction: 0x00000000
02:55:32 [94mTRACE[0m [src/cpu.c:466]: Opcode: 0b00000
02:55:32 [94mTRACE[0m [src/opcodes/shifts.m:3]: [SLL] R0 (0x00000000) = R0 (0x00000000) << 0x00
02:55:32 [94mTRACE[0m [src/cpu.c:244]: RAM size: 0x00001000 read: 0x00000900
02:55:32 [94mTRACE[0m [src/cpu.c:465]: Instruction: 0x00000000
02:55:32 [94mTRACE[0m [src/cpu.c:466]: Opcode: 0b00000
02:55:32 [94mTRACE[0m [src/opcodes/shifts.m:3]: [SLL] R0 (0x00000000) = R0 (0x00000000) << 0x00
02:55:32 [94mTRACE[0m [src/cpu.c:244]: RAM size: 0x00001000 read: 0x00000904
02:55:32 [94mTRACE[0m [src/cpu.c:465]: Instruction: 0x00000000
02:55:32 [94mTRACE[0m [src/cpu.c:466]: Opcode: 0b00000
02:55:32 [94mTRACE[0m [src/opcodes/shifts.m:3]: [SLL] R0 (0x00000000) = R0 (0x00000000) << 0x00
02:55:32 [94mTRACE[0m [src/cpu.c:244]: RAM size: 0x00001000 read: 0x00000908
02:55:32 [94mTRACE[0m [src/cpu.c:465]: Instruction: 0x00000000
02:55:32 [94mTRACE[0m [src/cpu.c:466]: Opcode: 0b00000
02:55:32 [94mTRACE[0m [src/opcodes/shifts.m:3]: [SLL] R0 (0x00000000) = R0 (0x00000000) << 0x00
02:55:32 [94mTRACE[0m [src/cpu.c:244]: RAM size: 0x00001000 read: 0x0000090C
02:55:32 [94mTRACE[0m [src/cpu.c:465]: Instruction: 0x00000000
02:55:32 [94mTRACE[0m [src/cpu.c:466]: Opcode: 0b00000
02:55:32 [94mTRACE[0m [src/opcodes/shifts.m:3]: [SLL] R0 (0x00000000) = R0 (0x00000000) << 0x00
02:55:32 [94mTRACE[0m [src/cpu.c:244]: RAM size: 0x00001000 read: 0x00000910
02:55:32 [94mTRACE[0m [src/cpu.c:465]: Instruction: 0x00000000
02:55:32 [94mTRACE[0m [src/cpu.c:466]: Opcode: 0b00000
02:55:32 [94mTRACE[0m [src/opcodes/shifts.m:3]: [SLL] R0 (0x00000000) = R0 (0x00000000) << 0x00
02:55:32 [94mTRACE[0m [src/cpu.c:244]: RAM size: 0x00001000 read: 0x00000914
02:55:32 [94mTRACE[0m [src/cpu.c:465]: Instruction: 0x00000000
02:55:32 [94mTRACE[0m [src/cpu.c:466]: Opcode: 0b00000
02:55:32 [94mTRACE[0m [src/opcodes/shifts.m:3]: [SLL] R0 (0x00000000) = R0 (0x00000000) << 0x00
02:55:32 [94mTRACE[0m [src/cpu.c:244]: RAM size: 0x00001000 read: 0x00000918
02:55:32 [94mTRACE[0m [src/cpu.c:465]: Instruction: 0x00000000
02:55:32 [94mTRACE[0m [src/cpu.c:466]: Opcode: 0b00000
02:55:32 [94mTRACE[0m [src/opcodes/shifts.m:3]: [SLL] R0 (0x00000000) = R0 (0x00000000) << 0x00
02:55:32 [94mTRACE[0m [src/cpu.c:244]: RAM size: 0x00001000 read: 0x0000091C
02:55:32 [94mTRACE[0m [src/cpu.c:465]: Instruction: 0x00000000
02:55:32 [94mTRACE[0m [src/cpu.c:466]: Opcode: 0b00000
02:55:32 [94mTRACE[0m [src/opcodes/shifts.m:3]: [SLL] R0 (0x00000000) = R0 (0x00000000) << 0x00
02:55:32 [94mTRACE[0m [src/cpu.c:244]: RAM size: 0x00001000 read: 0x00000920
02:55:32 [94mTRACE[0m [src/cpu.c:465]: Instruction: 0x00000000
02:55:32 [94mTRACE[0m [src/cpu.c:466]: Opcode: 0b00000
02:55:32 [94mTRACE[0m [src/opcodes/shifts.m:3]: [SLL] R0 (0x00000000) = R0 (0x00000000) << 0x00
02:55:32 [94mTRACE[0m [src/cpu.c:244]: RAM size: 0x00001000 read: 0x00000924
02:55:32 [94mTRACE[0m [src/cpu.c:465]: Instruction: 0x00000000
02:55:32 [94mTRACE[0m [src/cpu.c:466]: Opcode: 0b00000
02:55:32 [94mTRACE[0m [src/opcodes/shifts.m:3]: [SLL] R0 (0x00000000) = R0 (0x00000000) << 0x00
02:55:32 [94mTRACE[0m [src/cpu.c:244]: RAM size: 0x00001000 read: 0x00000928
02:55:32 [94mTRACE[0m [src/cpu.c:465]: Instruction: 0x00000000
02:55:32 [94mTRACE[0m [src/cpu.c:466]: Opcode: 0b00000
02:55:32 [94mTRACE[0m [src/opcodes/shifts.m:3]: [SLL] R0 (0x00000000) = R0 (0x00000000) << 0x00
02:55:32 [94mTRACE[0m [src/cpu.c:244]: RAM size: 0x00001000 read: 0x0000092C
02:55:32 [94mTRACE[0m [src/cpu.c:465]: Instruction: 0x00000000
02:55:32 [94mTRACE[0m [src/cpu.c:466]: Opcode: 0b00000
02:55:32 [94mTRACE[0m [src/opcodes/shifts.m:3]: [SLL] R0 (0x00000000) = R0 (0x00000000) << 0x00
02:55:32 [94mTRACE[0m [src/cpu.c:244]: RAM size: 0x00001000 read: 0x00000930
02:55:32 [94mTRACE[0m [src/cpu.c:465]: Instruction: 0x00000000
02:55:32 [94mTRACE[0m [src/cpu.c:466]: Opcode: 0b00000
02:55:32 [94mTRACE[0m [src/opcodes/shifts.m:3]: [SLL] R0 (0x00000000) = R0 (0x00000000) << 0x00
02:55:32 [94mTRACE[0m [src/cpu.c:244]: RAM size: 0x00001000 read: 0x00000934
02:55:32 [94mTRACE[0m [src/cpu.c:465]: Instruction: 0x00000000
02:55:32 [94mTRACE[0m [src/cpu.c:466]: Opcode: 0b00000
02:55:32 [94mTRACE[0m [src/opcodes/shifts.m:3]: [SLL] R0 (0x00000000) = R0 (0x00000000) << 0x00
02:55:32 [94mTRACE[0m [src/cpu.c:244]: RAM size: 0x00001000 read: 0x00000938
02:55:32 [94mTRACE[0m [src/cpu.c:465]: Instruction: 0x00000000
02:55:32 [94mTRACE[0m [src/cpu.c:466]: Opcode: 0b00000
02:55:32 [94mTRACE[0m [src/opcodes/shifts.m:3]: [SLL] R0 (0x00000000) = R0 (0x00000000) << 0x00
02:55:32 [94mTRACE[0m [src/cpu.c:244]: RAM size: 0x00001000 read: 0x0000093C
02:55:32 [94mTRACE[0m [src/cpu.c:465]: Instruction: 0x00000000
02:55:32 [94mTRACE[0m [src/cpu.c:466]: Opcode: 0b00000
02:55:32 [94mTRACE[0m [src/opcodes/shifts.m:3]: [SLL] R0 (0x00000000) = R0 (0x00000000) << 0x00
02:55:32 [94mTRACE[0m [src/cpu.c:244]: RAM size: 0x00001000 read: 0x00000940
02:55:32 [94mTRACE[0m [src/cpu.c:465]: Instruction: 0x00000000
02:55:32 [94mTRACE[0m [src/cpu.c:466]: Opcode: 0b00000
02:55:32 [94mTRACE[0m [src/opcodes/shifts.m:3]: [SLL] R0 (0x00000000) = R0 (0x00000000) << 0x00
02:55:32 [94mTRACE[0m [src/cpu.c:244]: RAM size: 0x00001000 read: 0x00000944
02:55:32 [94mTRACE[0m [src/cpu.c:465]: Instruction: 0x00000000
02:55:32 [94mTRACE[0m [src/cpu.c:466]: Opcode: 0b00000
02:55:32 [94mTRACE[0m [src/opcodes/shifts.m:3]: [SLL] R0 (0x00000000) = R0 (0x00000000) << 0x00
02:55:32 [94mTRACE[0m [src/cpu.c:244]: RAM size: 0x00001000 read: 0x00000948
02:55:32 [94mTRACE[0m [src/cpu.c:465]: Instruction: 0x00000000
02:55:32 [94mTRACE[0m [src/cpu.c:466]: Opcode: 0b00000
02:55:32 [94mTRACE[0m [src/opcodes/shifts.m:3]: [SLL] R0 (0x00000000) = R0 (0x00000000) << 0x00
02:55:32 [94mTRACE[0m [src/cpu.c:244]: RAM size: 0x00001000 read: 0x0000094C
02:55:32 [94mTRACE[0m [src/cpu.c:465]: Instruction: 0x00000000
02:55:32 [94mTRACE[0m [src/cpu.c:466]: Opcode: 0b00000
02:55:32 [94mTRACE[0m [src/opcodes/shifts.m:3]: [SLL] R0 (0x00000000) = R0 (0x00000000) << 0x00
02:55:32 [94mTRACE[0m [src/cpu.c:244]: RAM size: 0x00001000 read: 0x00000950
02:55:32 [94mTRACE[0m [src/cpu.c:465]: Instruction: 0x00000000
02:55:32 [94mTRACE[0m [src/cpu.c:466]: Opcode: 0b00000
02:55:32 [94mTRACE[0m [src/opcodes/shifts.m:3]: [SLL] R0 (0x00000000) = R0 (0x00000000) << 0x00
02:55:32 [94mTRACE[0m [src/cpu.c:244]: RAM size: 0x00001000 read: 0x00000954
02:55:32 [94mTRACE[0m [src/cpu.c:465]: Instruction: 0x00000000
02:55:32 [94mTRACE[0m [src/cpu.c:466]: Opcode: 0b00000
02:55:32 [94mTRACE[0m [src/opcodes/shifts.m:3]: [SLL] R0 (0x00000000) = R0 (0x00000000) << 0x00
02:55:32 [94mTRACE[0m [src/cpu.c:244]: RAM size: 0x00001000 read: 0x00000958
02:55:32 [94mTRACE[0m [src/cpu.c:465]: Instruction: 0x00000000
02:55:32 [94mTRACE[0m [src/cpu.c:466]: Opcode: 0b00000
02:55:32 [94mTRACE[0m [src/opcodes/shifts.m:3]: [SLL] R0 (0x00000000) = R0 (0x00000000) << 0x00
02:55:32 [94mTRACE[0m [src/cpu.c:244]: RAM size: 0x00001000 read: 0x0000095C
02:55:32 [94mTRACE[0m [src/cpu.c:465]: Instruction: 0x00000000
02:55:32 [94mTRACE[0m [src/cpu.c:466]: Opcode: 0b00000
02:55:32 [94mTRACE[0m [src/opcodes/shifts.m:3]: [SLL] R0 (0x00000000) = R0 (0x00000000) << 0x00
02:55:32 [94mTRACE[0m [src/cpu.c:244]: RAM size: 0x00001000 read: 0x00000960
02:55:32 [94mTRACE[0m [src/cpu.c:465]: Instruction: 0x00000000
02:55:32 [94mTRACE[0m [src/cpu.c:466]: Opcode: 0b00000
02:55:32 [94mTRACE[0m [src/opcodes/shifts.m:3]: [SLL] R0 (0x00000000) = R0 (0x00000000) << 0x00
02:55:32 [94mTRACE[0m [src/cpu.c:244]: RAM size: 0x00001000 read: 0x00000964
02:55:32 [94mTRACE[0m [src/cpu.c:465]: Instruction: 0x00000000
02:55:32 [94mTRACE[0m [src/cpu.c:466]: Opcode: 0b00000
02:55:32 [94mTRACE[0m [src/opcodes/shifts.m:3]: [SLL] R0 (0x00000000) = R0 (0x00000000) << 0x00
02:55:32 [94mTRACE[0m [src/cpu.c:244]: RAM size: 0x00001000 read: 0x00000968
02:55:32 [94mTRACE[0m [src/cpu.c:465]: Instruction: 0x00000000
02:55:32 [94mTRACE[0m [src/cpu.c:466]: Opcode: 0b00000
02:55:32 [94mTRACE[0m [src/opcodes/shifts.m:3]: [SLL] R0 (0x00000000) = R0 (0x00000000) << 0x00
02:55:32 [94mTRACE[0m [src/cpu.c:244]: RAM size: 0x00001000 read: 0x0000096C
02:55:32 [94mTRACE[0m [src/cpu.c:465]: Instruction: 0x00000000
02:55:32 [94mTRACE[0m [src/cpu.c:466]: Opcode: 0b00000
02:55:32 [94mTRACE[0m [src/opcodes/shifts.m:3]: [SLL] R0 (0x00000000) = R0 (0x00000000) << 0x00
02:55:32 [94mTRACE[0m [src/cpu.c:244]: RAM size: 0x00001000 read: 0x00000970
02:55:32 [94mTRACE[0m [src/cpu.c:465]: Instruction: 0x00000000
02:55:32 [94mTRACE[0m [src/cpu.c:466]: Opcode: 0b00000
02:55:32 [94mTRACE[0m [src/opcodes/shifts.m:3]: [SLL] R0 (0x00000000) = R0 (0x00000000) << 0x00
02:55:32 [94mTRACE[0m [src/cpu.c:244]: RAM size: 0x00001000 read: 0x00000974
02:55:32 [94mTRACE[0m [src/cpu.c:465]: Instruction: 0x00000000
02:55:32 [94mTRACE[0m [src/cpu.c:466]: Opcode: 0b00000
02:55:32 [94mTRACE[0m [src/opcodes/shifts.m:3]: [SLL] R0 (0x00000000) = R0 (0x00000000) << 0x00
02:55:32 [94mTRACE[0m [src/cpu.c:244]: RAM size: 0x00001000 read: 0x00000978
02:55:32 [94mTRACE[0m [src/cpu.c:465]: Instruction: 0x00000000
02:55:32 [94mTRACE[0m [src/cpu.c:466]: Opcode: 0b00000
02:55:32 [94mTRACE[0m [src/opcodes/shifts.m:3]: [SLL] R0 (0x00000000) = R0 (0x00000000) << 0x00
02:55:32 [94mTRACE[0m [src/cpu.c:244]: RAM size: 0x00001000 read: 0x0000097C
02:55:32 [94mTRACE[0m [src/cpu.c:465]: Instruction: 0x00000000
02:55:32 [94mTRACE[0m [src/cpu.c:466]: Opcode: 0b00000
02:55:32 [94mTRACE[0m [src/opcodes/shifts.m:3]: [SLL] R0 (0x00000000) = R0 (0x00000000) << 0x00
02:55:32 [94mTRACE[0m [src/cpu.c:244]: RAM size: 0x00001000 read: 0x00000980
02:55:32 [94mTRACE[0m [src/cpu.c:465]: Instruction: 0x00000000
02:55:32 [94mTRACE[0m [src/cpu.c:466]: Opcode: 0b00000
02:55:32 [94mTRACE[0m [src/opcodes/shifts.m:3]: [SLL] R0 (0x00000000) = R0 (0x00000000) << 0x00
02:55:32 [94mTRACE[0m [src/cpu.c:244]: RAM size: 0x00001000 read: 0x00000984
02:55:32 [94mTRACE[0m [src/cpu.c:465]: Instruction: 0x00000000
02:55:32 [94mTRACE[0m [src/cpu.c:466]: Opcode: 0b00000
02:55:32 [94mTRACE[0m [src/opcodes/shifts.m:3]: [SLL] R0 (0x00000000) = R0 (0x00000000) << 0x00
02:55:32 [94mTRACE[0m [src/cpu.c:244]: RAM size: 0x00001000 read: 0x00000988
02:55:32 [94mTRACE[0m [src/cpu.c:465]: Instruction: 0x00000000
02:55:32 [94mTRACE[0m [src/cpu.c:466]: Opcode: 0b00000
02:55:32 [94mTRACE[0m [src/opcodes/shifts.m:3]: [SLL] R0 (0x00000000) = R0 (0x00000000) << 0x00
02:55:32 [94mTRACE[0m [src/cpu.c:244]: RAM size: 0x00001000 read: 0x0000098C
02:55:32 [94mTRACE[0m [src/cpu.c:465]: Instruction: 0x00000000
02:55:32 [94mTRACE[0m [src/cpu.c:466]: Opcode: 0b00000
02:55:32 [94mTRACE[0m [src/opcodes/shifts.m:3]: [SLL] R0 (0x00000000) = R0 (0x00000000) << 0x00
02:55:32 [94mTRACE[0m [src/cpu.c:244]: RAM size: 0x00001000 read: 0x00000990
02:55:32 [94mTRACE[0m [src/cpu.c:465]: Instruction: 0x00000000
02:55:32 [94mTRACE[0m [src/cpu.c:466]: Opcode: 0b00000
02:55:32 [94mTRACE[0m [src/opcodes/shifts.m:3]: [SLL] R0 (0x00000000) = R0 (0x00000000) << 0x00
02:55:32 [94mTRACE[0m [src/cpu.c:244]: RAM size: 0x00001000 read: 0x00000994
02:55:32 [94mTRACE[0m [src/cpu.c:465]: Instruction: 0x00000000
02:55:32 [94mTRACE[0m [src/cpu.c:466]: Opcode: 0b00000
02:55:32 [94mTRACE[0m [src/opcodes/shifts.m:3]: [SLL] R0 (0x00000000) = R0 (0x00000000) << 0x00
02:55:32 [94mTRACE[0m [src/cpu.c:244]: RAM size: 0x00001000 read: 0x00000998
02:55:32 [94mTRACE[0m [src/cpu.c:465]: Instruction: 0x00000000
02:55:32 [94mTRACE[0m [src/cpu.c:466]: Opcode: 0b00000
02:55:32 [94mTRACE[0m [src/opcodes/shifts.m:3]: [SLL] R0 (0x00000000) = R0 (0x00000000) << 0x00
02:55:32 [94mTRACE[0m [src/cpu.c:244]: RAM size: 0x00001000 read: 0x0000099C
02:55:32 [94mTRACE[0m [src/cpu.c:465]: Instruction: 0x00000000
02:55:32 [94mTRACE[0m [src/cpu.c:466]: Opcode: 0b00000
02:55:32 [94mTRACE[0m [src/opcodes/shifts.m:3]: [SLL] R0 (0x00000000) = R0 (0x00000000) << 0x00
02:55:32 [94mTRACE[0m [src/cpu.c:244]: RAM size: 0x00001000 read: 0x000009A0
02:55:32 [94mTRACE[0m [src/cpu.c:465]: Instruction: 0x00000000
02:55:32 [94mTRACE[0m [src/cpu.c:466]: Opcode: 0b00000
02:55:32 [94mTRACE[0m [src/opcodes/shifts.m:3]: [SLL] R0 (0x00000000) = R0 (0x00000000) << 0x00
02:55:32 [94mTRACE[0m [src/cpu.c:244]: RAM size: 0x00001000 read: 0x000009A4
02:55:32 [94mTRACE[0m [src/cpu.c:465]: Instruction: 0x00000000
02:55:32 [94mTRACE[0m [src/cpu.c:466]: Opcode: 0b00000
02:55:32 [94mTRACE[0m [src/opcodes/shifts.m:3]: [SLL] R0 (0x00000000) = R0 (0x00000000) << 0x00
02:55:32 [94mTRACE[0m [src/cpu.c:244]: RAM size: 0x00001000 read: 0x000009A8
02:55:32 [94mTRACE[0m [src/cpu.c:465]: Instruction: 0x00000000
02:55:32 [94mTRACE[0m [src/cpu.c:466]: Opcode: 0b00000
02:55:32 [94mTRACE[0m [src/opcodes/shifts.m:3]: [SLL] R0 (0x00000000) = R0 (0x00000000) << 0x00
02:55:32 [94mTRACE[0m [src/cpu.c:244]: RAM size: 0x00001000 read: 0x000009AC
02:55:32 [94mTRACE[0m [src/cpu.c:465]: Instruction: 0x00000000
02:55:32 [94mTRACE[0m [src/cpu.c:466]: Opcode: 0b00000
02:55:32 [94mTRACE[0m [src/opcodes/shifts.m:3]: [SLL] R0 (0x00000000) = R0 (0x00000000) << 0x00
02:55:32 [94mTRACE[0m [src/cpu.c:244]: RAM size: 0x00001000 read: 0x000009B0
02:55:32 [94mTRACE[0m [src/cpu.c:465]: Instruction: 0x00000000
02:55:32 [94mTRACE[0m [src/cpu.c:466]: Opcode: 0b00000
02:55:32 [94mTRACE[0m [src/opcodes/shifts.m:3]: [SLL] R0 (0x00000000) = R0 (0x00000000) << 0x00
02:55:32 [94mTRACE[0m [src/cpu.c:244]: RAM size: 0x00001000 read: 0x000009B4
02:55:32 [94mTRACE[0m [src/cpu.c:465]: Instruction: 0x00000000
02:55:32 [94mTRACE[0m [src/cpu.c:466]: Opcode: 0b00000
02:55:32 [94mTRACE[0m [src/opcodes/shifts.m:3]: [SLL] R0 (0x00000000) = R0 (0x00000000) << 0x00
02:55:32 [94mTRACE[0m [src/cpu.c:244]: RAM size: 0x00001000 read: 0x000009B8
02:55:32 [94mTRACE[0m [src/cpu.c:465]: Instruction: 0x00000000
02:55:32 [94mTRACE[0m [src/cpu.c:466]: Opcode: 0b00000
02:55:32 [94mTRACE[0m [src/opcodes/shifts.m:3]: [SLL] R0 (0x00000000) = R0 (0x00000000) << 0x00
02:55:32 [94mTRACE[0m [src/cpu.c:244]: RAM size: 0x00001000 read: 0x000009BC
02:55:32 [94mTRACE[0m [src/cpu.c:465]: Instruction: 0x00000000
02:55:32 [94mTRACE[0m [src/cpu.c:466]: Opcode: 0b00000
02:55:32 [94mTRACE[0m [src/opcodes/shifts.m:3]: [SLL] R0 (0x00000000) = R0 (0x00000000) << 0x00
02:55:32 [94mTRACE[0m [src/cpu.c:244]: RAM size: 0x00001000 read: 0x000009C0
02:55:32 [94mTRACE[0m [src/cpu.c:465]: Instruction: 0x00000000
02:55:32 [94mTRACE[0m [src/cpu.c:466]: Opcode: 0b00000
02:55:32 [94mTRACE[0m [src/opcodes/shifts.m:3]: [SLL] R0 (0x00000000) = R0 (0x00000000) << 0x00
02:55:32 [94mTRACE[0m [src/cpu.c:244]: RAM size: 0x00001000 read: 0x000009C4
02:55:32 [94mTRACE[0m [src/cpu.c:465]: Instruction: 0x00000000
02:55:32 [94mTRACE[0m [src/cpu.c:466]: Opcode: 0b00000
02:55:32 [94mTRACE[0m [src/opcodes/shifts.m:3]: [SLL] R0 (0x00000000) = R0 (0x00000000) << 0x00
02:55:32 [94mTRACE[0m [src/cpu.c:244]: RAM size: 0x00001000 read: 0x000009C8
02:55:32 [94mTRACE[0m [src/cpu.c:465]: Instruction: 0x00000000
02:55:32 [94mTRACE[0m [src/cpu.c:466]: Opcode: 0b00000
02:55:32 [94mTRACE[0m [src/opcodes/shifts.m:3]: [SLL] R0 (0x00000000) = R0 (0x00000000) << 0x00
02:55:32 [94mTRACE[0m [src/cpu.c:244]: RAM size: 0x00001000 read: 0x000009CC
02:55:32 [94mTRACE[0m [src/cpu.c:465]: Instruction: 0x00000000
02:55:32 [94mTRACE[0m [src/cpu.c:466]: Opcode: 0b00000
02:55:32 [94mTRACE[0m [src/opcodes/shifts.m:3]: [SLL] R0 (0x00000000) = R0 (0x00000000) << 0x00
02:55:32 [94mTRACE[0m [src/cpu.c:244]: RAM size: 0x00001000 read: 0x000009D0
02:55:32 [94mTRACE[0m [src/cpu.c:465]: Instruction: 0x00000000
02:55:32 [94mTRACE[0m [src/cpu.c:466]: Opcode: 0b00000
02:55:32 [94mTRACE[0m [src/opcodes/shifts.m:3]: [SLL] R0 (0x00000000) = R0 (0x00000000) << 0x00
02:55:32 [94mTRACE[0m [src/cpu.c:244]: RAM size: 0x00001000 read: 0x000009D4
02:55:32 [94mTRACE[0m [src/cpu.c:465]: Instruction: 0x00000000
02:55:32 [94mTRACE[0m [src/cpu.c:466]: Opcode: 0b00000
02:55:32 [94mTRACE[0m [src/opcodes/shifts.m:3]: [SLL] R0 (0x00000000) = R0 (0x00000000) << 0x00
02:55:32 [94mTRACE[0m [src/cpu.c:244]: RAM size: 0x00001000 read: 0x000009D8
02:55:32 [94mTRACE[0m [src/cpu.c:465]: Instruction: 0x00000000
02:55:32 [94mTRACE[0m [src/cpu.c:466]: Opcode: 0b00000
02:55:32 [94mTRACE[0m [src/opcodes/shifts.m:3]: [SLL] R0 (0x00000000) = R0 (0x00000000) << 0x00
02:55:32 [94mTRACE[0m [src/cpu.c:244]: RAM size: 0x00001000 read: 0x000009DC
02:55:32 [94mTRACE[0m [src/cpu.c:465]: Instruction: 0x00000000
02:55:32 [94mTRACE[0m [src/cpu.c:466]: Opcode: 0b00000
02:55:32 [94mTRACE[0m [src/opcodes/shifts.m:3]: [SLL] R0 (0x00000000) = R0 (0x00000000) << 0x00
02:55:32 [94mTRACE[0m [src/cpu.c:244]: RAM size: 0x00001000 read: 0x000009E0
02:55:32 [94mTRACE[0m [src/cpu.c:465]: Instruction: 0x00000000
02:55:32 [94mTRACE[0m [src/cpu.c:466]: Opcode: 0b00000
02:55:32 [94mTRACE[0m [src/opcodes/shifts.m:3]: [SLL] R0 (0x00000000) = R0 (0x00000000) << 0x00
02:55:32 [94mTRACE[0m [src/cpu.c:244]: RAM size: 0x00001000 read: 0x000009E4
02:55:32 [94mTRACE[0m [src/cpu.c:465]: Instruction: 0x00000000
02:55:32 [94mTRACE[0m [src/cpu.c:466]: Opcode: 0b00000
02:55:32 [94mTRACE[0m [src/opcodes/shifts.m:3]: [SLL] R0 (0x00000000) = R0 (0x00000000) << 0x00
02:55:32 [94mTRACE[0m [src/cpu.c:244]: RAM size: 0x00001000 read: 0x000009E8
02:55:32 [94mTRACE[0m [src/cpu.c:465]: Instruction: 0x00000000
02:55:32 [94mTRACE[0m [src/cpu.c:466]: Opcode: 0b00000
02:55:32 [94mTRACE[0m [src/opcodes/shifts.m:3]: [SLL] R0 (0x00000000) = R0 (0x00000000) << 0x00
02:55:32 [94mTRACE[0m [src/cpu.c:244]: RAM size: 0x00001000 read: 0x000009EC
02:55:32 [94mTRACE[0m [src/cpu.c:465]: Instruction: 0x00000000
02:55:32 [94mTRACE[0m [src/cpu.c:466]: Opcode: 0b00000
02:55:32 [94mTRACE[0m [src/opcodes/shifts.m:3]: [SLL] R0 (0x00000000) = R0 (0x00000000) << 0x00
02:55:32 [94mTRACE[0m [src/cpu.c:244]: RAM size: 0x00001000 read: 0x000009F0
02:55:32 [94mTRACE[0m [src/cpu.c:465]: Instruction: 0x00000000
02:55:32 [94mTRACE[0m [src/cpu.c:466]: Opcode: 0b00000
02:55:32 [94mTRACE[0m [src/opcodes/shifts.m:3]: [SLL] R0 (0x00000000) = R0 (0x00000000) << 0x00
02:55:32 [94mTRACE[0m [src/cpu.c:244]: RAM size: 0x00001000 read: 0x000009F4
02:55:32 [94mTRACE[0m [src/cpu.c:465]: Instruction: 0x00000000
02:55:32 [94mTRACE[0m [src/cpu.c:466]: Opcode: 0b00000
02:55:32 [94mTRACE[0m [src/opcodes/shifts.m:3]: [SLL] R0 (0x00000000) = R0 (0x00000000) << 0x00
02:55:32 [94mTRACE[0m [src/cpu.c:244]: RAM size: 0x00001000 read: 0x000009F8
02:55:32 [94mTRACE[0m [src/cpu.c:465]: Instruction: 0x00000000
02:55:32 [94mTRACE[0m [src/cpu.c:466]: Opcode: 0b00000
02:55:32 [94mTRACE[0m [src/opcodes/shifts.m:3]: [SLL] R0 (0x00000000) = R0 (0x00000000) << 0x00
02:55:32 [94mTRACE[0m [src/cpu.c:244]: RAM size: 0x00001000 read: 0x000009FC
02:55:32 [94mTRACE[0m [src/cpu.c:465]: Instruction: 0x00000000
02:55:32 [94mTRACE[0m [src/cpu.c:466]: Opcode: 0b00000
02:55:32 [94mTRACE[0m [src/opcodes/shifts.m:3]: [SLL] R0 (0x00000000) = R0 (0x00000000) << 0x00
02:55:32 [94mTRACE[0m [src/cpu.c:244]: RAM size: 0x00001000 read: 0x00000A00
02:55:32 [94mTRACE[0m [src/cpu.c:465]: Instruction: 0x00000000
02:55:32 [94mTRACE[0m [src/cpu.c:466]: Opcode: 0b00000
02:55:32 [94mTRACE[0m [src/opcodes/shifts.m:3]: [SLL] R0 (0x00000000) = R0 (0x00000000) << 0x00
02:55:32 [94mTRACE[0m [src/cpu.c:244]: RAM size: 0x00001000 read: 0x00000A04
02:55:32 [94mTRACE[0m [src/cpu.c:465]: Instruction: 0x00000000
02:55:32 [94mTRACE[0m [src/cpu.c:466]: Opcode: 0b00000
02:55:32 [94mTRACE[0m [src/opcodes/shifts.m:3]: [SLL] R0 (0x00000000) = R0 (0x00000000) << 0x00
02:55:32 [94mTRACE[0m [src/cpu.c:244]: RAM size: 0x00001000 read: 0x00000A08
02:55:32 [94mTRACE[0m [src/cpu.c:465]: Instruction: 0x00000000
02:55:32 [94mTRACE[0m [src/cpu.c:466]: Opcode: 0b00000
02:55:32 [94mTRACE[0m [src/opcodes/shifts.m:3]: [SLL] R0 (0x00000000) = R0 (0x00000000) << 0x00
02:55:32 [94mTRACE[0m [src/cpu.c:244]: RAM size: 0x00001000 read: 0x00000A0C
02:55:32 [94mTRACE[0m [src/cpu.c:465]: Instruction: 0x00000000
02:55:32 [94mTRACE[0m [src/cpu.c:466]: Opcode: 0b00000
02:55:32 [94mTRACE[0m [src/opcodes/shifts.m:3]: [SLL] R0 (0x00000000) = R0 (0x00000000) << 0x00
02:55:32 [94mTRACE[0m [src/cpu.c:244]: RAM size: 0x00001000 read: 0x00000A10
02:55:32 [94mTRACE[0m [src/cpu.c:465]: Instruction: 0x00000000
02:55:32 [94mTRACE[0m [src/cpu.c:466]: Opcode: 0b00000
02:55:32 [94mTRACE[0m [src/opcodes/shifts.m:3]: [SLL] R0 (0x00000000) = R0 (0x00000000) << 0x00
02:55:32 [94mTRACE[0m [src/cpu.c:244]: RAM size: 0x00001000 read: 0x00000A14
02:55:32 [94mTRACE[0m [src/cpu.c:465]: Instruction: 0x00000000
02:55:32 [94mTRACE[0m [src/cpu.c:466]: Opcode: 0b00000
02:55:32 [94mTRACE[0m [src/opcodes/shifts.m:3]: [SLL] R0 (0x00000000) = R0 (0x00000000) << 0x00
02:55:32 [94mTRACE[0m [src/cpu.c:244]: RAM size: 0x00001000 read: 0x00000A18
02:55:32 [94mTRACE[0m [src/cpu.c:465]: Instruction: 0x00000000
02:55:32 [94mTRACE[0m [src/cpu.c:466]: Opcode: 0b00000
02:55:32 [94mTRACE[0m [src/opcodes/shifts.m:3]: [SLL] R0 (0x00000000) = R0 (0x00000000) << 0x00
02:55:32 [94mTRACE[0m [src/cpu.c:244]: RAM size: 0x00001000 read: 0x00000A1C
02:55:32 [94mTRACE[0m [src/cpu.c:465]: Instruction: 0x00000000
02:55:32 [94mTRACE[0m [src/cpu.c:466]: Opcode: 0b00000
02:55:32 [94mTRACE[0m [src/opcodes/shifts.m:3]: [SLL] R0 (0x00000000) = R0 (0x00000000) << 0x00
02:55:32 [94mTRACE[0m [src/cpu.c:244]: RAM size: 0x00001000 read: 0x00000A20
02:55:32 [94mTRACE[0m [src/cpu.c:465]: Instruction: 0x00000000
02:55:32 [94mTRACE[0m [src/cpu.c:466]: Opcode: 0b00000
02:55:32 [94mTRACE[0m [src/opcodes/shifts.m:3]: [SLL] R0 (0x00000000) = R0 (0x00000000) << 0x00
02:55:32 [94mTRACE[0m [src/cpu.c:244]: RAM size: 0x00001000 read: 0x00000A24
02:55:32 [94mTRACE[0m [src/cpu.c:465]: Instruction: 0x00000000
02:55:32 [94mTRACE[0m [src/cpu.c:466]: Opcode: 0b00000
02:55:32 [94mTRACE[0m [src/opcodes/shifts.m:3]: [SLL] R0 (0x00000000) = R0 (0x00000000) << 0x00
02:55:32 [94mTRACE[0m [src/cpu.c:244]: RAM size: 0x00001000 read: 0x00000A28
02:55:32 [94mTRACE[0m [src/cpu.c:465]: Instruction: 0x00000000
02:55:32 [94mTRACE[0m [src/cpu.c:466]: Opcode: 0b00000
02:55:32 [94mTRACE[0m [src/opcodes/shifts.m:3]: [SLL] R0 (0x00000000) = R0 (0x00000000) << 0x00
02:55:32 [94mTRACE[0m [src/cpu.c:244]: RAM size: 0x00001000 read: 0x00000A2C
02:55:32 [94mTRACE[0m [src/cpu.c:465]: Instruction: 0x00000000
02:55:32 [94mTRACE[0m [src/cpu.c:466]: Opcode: 0b00000
02:55:32 [94mTRACE[0m [src/opcodes/shifts.m:3]: [SLL] R0 (0x00000000) = R0 (0x00000000) << 0x00
02:55:32 [94mTRACE[0m [src/cpu.c:244]: RAM size: 0x00001000 read: 0x00000A30
02:55:32 [94mTRACE[0m [src/cpu.c:465]: Instruction: 0x00000000
02:55:32 [94mTRACE[0m [src/cpu.c:466]: Opcode: 0b00000
02:55:32 [94mTRACE[0m [src/opcodes/shifts.m:3]: [SLL] R0 (0x00000000) = R0 (0x00000000) << 0x00
02:55:32 [94mTRACE[0m [src/cpu.c:244]: RAM size: 0x00001000 read: 0x00000A34
02:55:32 [94mTRACE[0m [src/cpu.c:465]: Instruction: 0x00000000
02:55:32 [94mTRACE[0m [src/cpu.c:466]: Opcode: 0b00000
02:55:32 [94mTRACE[0m [src/opcodes/shifts.m:3]: [SLL] R0 (0x00000000) = R0 (0x00000000) << 0x00
02:55:32 [94mTRACE[0m [src/cpu.c:244]: RAM size: 0x00001000 read: 0x00000A38
02:55:32 [94mTRACE[0m [src/cpu.c:465]: Instruction: 0x00000000
02:55:32 [94mTRACE[0m [src/cpu.c:466]: Opcode: 0b00000
02:55:32 [94mTRACE[0m [src/opcodes/shifts.m:3]: [SLL] R0 (0x00000000) = R0 (0x00000000) << 0x00
02:55:32 [94mTRACE[0m [src/cpu.c:244]: RAM size: 0x00001000 read: 0x00000A3C
02:55:32 [94mTRACE[0m [src/cpu.c:465]: Instruction: 0x00000000
02:55:32 [94mTRACE[0m [src/cpu.c:466]: Opcode: 0b00000
02:55:32 [94mTRACE[0m [src/opcodes/shifts.m:3]: [SLL] R0 (0x00000000) = R0 (0x00000000) << 0x00
02:55:32 [94mTRACE[0m [src/cpu.c:244]: RAM size: 0x00001000 read: 0x00000A40
02:55:32 [94mTRACE[0m [src/cpu.c:465]: Instruction: 0x00000000
02:55:32 [94mTRACE[0m [src/cpu.c:466]: Opcode: 0b00000
02:55:32 [94mTRACE[0m [src/opcodes/shifts.m:3]: [SLL] R0 (0x00000000) = R0 (0x00000000) << 0x00
02:55:32 [94mTRACE[0m [src/cpu.c:244]: RAM size: 0x00001000 read: 0x00000A44
02:55:32 [94mTRACE[0m [src/cpu.c:465]: Instruction: 0x00000000
02:55:32 [94mTRACE[0m [src/cpu.c:466]: Opcode: 0b00000
02:55:32 [94mTRACE[0m [src/opcodes/shifts.m:3]: [SLL] R0 (0x00000000) = R0 (0x00000000) << 0x00
02:55:32 [94mTRACE[0m [src/cpu.c:244]: RAM size: 0x00001000 read: 0x00000A48
02:55:32 [94mTRACE[0m [src/cpu.c:465]: Instruction: 0x00000000
02:55:32 [94mTRACE[0m [src/cpu.c:466]: Opcode: 0b00000
02:55:32 [94mTRACE[0m [src/opcodes/shifts.m:3]: [SLL] R0 (0x00000000) = R0 (0x00000000) << 0x00
02:55:32 [94mTRACE[0m [src/cpu.c:244]: RAM size: 0x00001000 read: 0x00000A4C
02:55:32 [94mTRACE[0m [src/cpu.c:465]: Instruction: 0x00000000
02:55:32 [94mTRACE[0m [src/cpu.c:466]: Opcode: 0b00000
02:55:32 [94mTRACE[0m [src/opcodes/shifts.m:3]: [SLL] R0 (0x00000000) = R0 (0x00000000) << 0x00
02:55:32 [94mTRACE[0m [src/cpu.c:244]: RAM size: 0x00001000 read: 0x00000A50
02:55:32 [94mTRACE[0m [src/cpu.c:465]: Instruction: 0x00000000
02:55:32 [94mTRACE[0m [src/cpu.c:466]: Opcode: 0b00000
02:55:32 [94mTRACE[0m [src/opcodes/shifts.m:3]: [SLL] R0 (0x00000000) = R0 (0x00000000) << 0x00
02:55:32 [94mTRACE[0m [src/cpu.c:244]: RAM size: 0x00001000 read: 0x00000A54
02:55:32 [94mTRACE[0m [src/cpu.c:465]: Instruction: 0x00000000
02:55:32 [94mTRACE[0m [src/cpu.c:466]: Opcode: 0b00000
02:55:32 [94mTRACE[0m [src/opcodes/shifts.m:3]: [SLL] R0 (0x00000000) = R0 (0x00000000) << 0x00
02:55:32 [94mTRACE[0m [src/cpu.c:244]: RAM size: 0x00001000 read: 0x00000A58
02:55:32 [94mTRACE[0m [src/cpu.c:465]: Instruction: 0x00000000
02:55:32 [94mTRACE[0m [src/cpu.c:466]: Opcode: 0b00000
02:55:32 [94mTRACE[0m [src/opcodes/shifts.m:3]: [SLL] R0 (0x00000000) = R0 (0x00000000) << 0x00
02:55:32 [94mTRACE[0m [src/cpu.c:244]: RAM size: 0x00001000 read: 0x00000A5C
02:55:32 [94mTRACE[0m [src/cpu.c:465]: Instruction: 0x00000000
02:55:32 [94mTRACE[0m [src/cpu.c:466]: Opcode: 0b00000
02:55:32 [94mTRACE[0m [src/opcodes/shifts.m:3]: [SLL] R0 (0x00000000) = R0 (0x00000000) << 0x00
02:55:32 [94mTRACE[0m [src/cpu.c:244]: RAM size: 0x00001000 read: 0x00000A60
02:55:32 [94mTRACE[0m [src/cpu.c:465]: Instruction: 0x00000000
02:55:32 [94mTRACE[0m [src/cpu.c:466]: Opcode: 0b00000
02:55:32 [94mTRACE[0m [src/opcodes/shifts.m:3]: [SLL] R0 (0x00000000) = R0 (0x00000000) << 0x00
02:55:32 [94mTRACE[0m [src/cpu.c:244]: RAM size: 0x00001000 read: 0x00000A64
02:55:32 [94mTRACE[0m [src/cpu.c:465]: Instruction: 0x00000000
02:55:32 [94mTRACE[0m [src/cpu.c:466]: Opcode: 0b00000
02:55:32 [94mTRACE[0m [src/opcodes/shifts.m:3]: [SLL] R0 (0x00000000) = R0 (0x00000000) << 0x00
02:55:32 [94mTRACE[0m [src/cpu.c:244]: RAM size: 0x00001000 read: 0x00000A68
02:55:32 [94mTRACE[0m [src/cpu.c:465]: Instruction: 0x00000000
02:55:32 [94mTRACE[0m [src/cpu.c:466]: Opcode: 0b00000
02:55:32 [94mTRACE[0m [src/opcodes/shifts.m:3]: [SLL] R0 (0x00000000) = R0 (0x00000000) << 0x00
02:55:32 [94mTRACE[0m [src/cpu.c:244]: RAM size: 0x00001000 read: 0x00000A6C
02:55:32 [94mTRACE[0m [src/cpu.c:465]: Instruction: 0x00000000
02:55:32 [94mTRACE[0m [src/cpu.c:466]: Opcode: 0b00000
02:55:32 [94mTRACE[0m [src/opcodes/shifts.m:3]: [SLL] R0 (0x00000000) = R0 (0x00000000) << 0x00
02:55:32 [94mTRACE[0m [src/cpu.c:244]: RAM size: 0x00001000 read: 0x00000A70
02:55:32 [94mTRACE[0m [src/cpu.c:465]: Instruction: 0x00000000
02:55:32 [94mTRACE[0m [src/cpu.c:466]: Opcode: 0b00000
02:55:32 [94mTRACE[0m [src/opcodes/shifts.m:3]: [SLL] R0 (0x00000000) = R0 (0x00000000) << 0x00
02:55:32 [94mTRACE[0m [src/cpu.c:244]: RAM size: 0x00001000 read: 0x00000A74
02:55:32 [94mTRACE[0m [src/cpu.c:465]: Instruction: 0x00000000
02:55:32 [94mTRACE[0m [src/cpu.c:466]: Opcode: 0b00000
02:55:32 [94mTRACE[0m [src/opcodes/shifts.m:3]: [SLL] R0 (0x00000000) = R0 (0x00000000) << 0x00
02:55:32 [94mTRACE[0m [src/cpu.c:244]: RAM size: 0x00001000 read: 0x00000A78
02:55:32 [94mTRACE[0m [src/cpu.c:465]: Instruction: 0x00000000
02:55:32 [94mTRACE[0m [src/cpu.c:466]: Opcode: 0b00000
02:55:32 [94mTRACE[0m [src/opcodes/shifts.m:3]: [SLL] R0 (0x00000000) = R0 (0x00000000) << 0x00
02:55:32 [94mTRACE[0m [src/cpu.c:244]: RAM size: 0x00001000 read: 0x00000A7C
02:55:32 [94mTRACE[0m [src/cpu.c:465]: Instruction: 0x00000000
02:55:32 [94mTRACE[0m [src/cpu.c:466]: Opcode: 0b00000
02:55:32 [94mTRACE[0m [src/opcodes/shifts.m:3]: [SLL] R0 (0x00000000) = R0 (0x00000000) << 0x00
02:55:32 [94mTRACE[0m [src/cpu.c:244]: RAM size: 0x00001000 read: 0x00000A80
02:55:32 [94mTRACE[0m [src/cpu.c:465]: Instruction: 0x00000000
02:55:32 [94mTRACE[0m [src/cpu.c:466]: Opcode: 0b00000
02:55:32 [94mTRACE[0m [src/opcodes/shifts.m:3]: [SLL] R0 (0x00000000) = R0 (0x00000000) << 0x00
02:55:32 [94mTRACE[0m [src/cpu.c:244]: RAM size: 0x00001000 read: 0x00000A84
02:55:32 [94mTRACE[0m [src/cpu.c:465]: Instruction: 0x00000000
02:55:32 [94mTRACE[0m [src/cpu.c:466]: Opcode: 0b00000
02:55:32 [94mTRACE[0m [src/opcodes/shifts.m:3]: [SLL] R0 (0x00000000) = R0 (0x00000000) << 0x00
02:55:32 [94mTRACE[0m [src/cpu.c:244]: RAM size: 0x00001000 read: 0x00000A88
02:55:32 [94mTRACE[0m [src/cpu.c:465]: Instruction: 0x00000000
02:55:32 [94mTRACE[0m [src/cpu.c:466]: Opcode: 0b00000
02:55:32 [94mTRACE[0m [src/opcodes/shifts.m:3]: [SLL] R0 (0x00000000) = R0 (0x00000000) << 0x00
02:55:32 [94mTRACE[0m [src/cpu.c:244]: RAM size: 0x00001000 read: 0x00000A8C
02:55:32 [94mTRACE[0m [src/cpu.c:465]: Instruction: 0x00000000
02:55:32 [94mTRACE[0m [src/cpu.c:466]: Opcode: 0b00000
02:55:32 [94mTRACE[0m [src/opcodes/shifts.m:3]: [SLL] R0 (0x00000000) = R0 (0x00000000) << 0x00
02:55:32 [94mTRACE[0m [src/cpu.c:244]: RAM size: 0x00001000 read: 0x00000A90
02:55:32 [94mTRACE[0m [src/cpu.c:465]: Instruction: 0x00000000
02:55:32 [94mTRACE[0m [src/cpu.c:466]: Opcode: 0b00000
02:55:32 [94mTRACE[0m [src/opcodes/shifts.m:3]: [SLL] R0 (0x00000000) = R0 (0x00000000) << 0x00
02:55:32 [94mTRACE[0m [src/cpu.c:244]: RAM size: 0x00001000 read: 0x00000A94
02:55:32 [94mTRACE[0m [src/cpu.c:465]: Instruction: 0x00000000
02:55:32 [94mTRACE[0m [src/cpu.c:466]: Opcode: 0b00000
02:55:32 [94mTRACE[0m [src/opcodes/shifts.m:3]: [SLL] R0 (0x00000000) = R0 (0x00000000) << 0x00
02:55:32 [94mTRACE[0m [src/cpu.c:244]: RAM size: 0x00001000 read: 0x00000A98
02:55:32 [94mTRACE[0m [src/cpu.c:465]: Instruction: 0x00000000
02:55:32 [94mTRACE[0m [src/cpu.c:466]: Opcode: 0b00000
02:55:32 [94mTRACE[0m [src/opcodes/shifts.m:3]: [SLL] R0 (0x00000000) = R0 (0x00000000) << 0x00
02:55:32 [94mTRACE[0m [src/cpu.c:244]: RAM size: 0x00001000 read: 0x00000A9C
02:55:32 [94mTRACE[0m [src/cpu.c:465]: Instruction: 0x00000000
02:55:32 [94mTRACE[0m [src/cpu.c:466]: Opcode: 0b00000
02:55:32 [94mTRACE[0m [src/opcodes/shifts.m:3]: [SLL] R0 (0x00000000) = R0 (0x00000000) << 0x00
02:55:32 [94mTRACE[0m [src/cpu.c:244]: RAM size: 0x00001000 read: 0x00000AA0
02:55:32 [94mTRACE[0m [src/cpu.c:465]: Instruction: 0x00000000
02:55:32 [94mTRACE[0m [src/cpu.c:466]: Opcode: 0b00000
02:55:32 [94mTRACE[0m [src/opcodes/shifts.m:3]: [SLL] R0 (0x00000000) = R0 (0x00000000) << 0x00
02:55:32 [94mTRACE[0m [src/cpu.c:244]: RAM size: 0x00001000 read: 0x00000AA4
02:55:32 [94mTRACE[0m [src/cpu.c:465]: Instruction: 0x00000000
02:55:32 [94mTRACE[0m [src/cpu.c:466]: Opcode: 0b00000
02:55:32 [94mTRACE[0m [src/opcodes/shifts.m:3]: [SLL] R0 (0x00000000) = R0 (0x00000000) << 0x00
02:55:32 [94mTRACE[0m [src/cpu.c:244]: RAM size: 0x00001000 read: 0x00000AA8
02:55:32 [94mTRACE[0m [src/cpu.c:465]: Instruction: 0x00000000
02:55:32 [94mTRACE[0m [src/cpu.c:466]: Opcode: 0b00000
02:55:32 [94mTRACE[0m [src/opcodes/shifts.m:3]: [SLL] R0 (0x00000000) = R0 (0x00000000) << 0x00
02:55:32 [94mTRACE[0m [src/cpu.c:244]: RAM size: 0x00001000 read: 0x00000AAC
02:55:32 [94mTRACE[0m [src/cpu.c:465]: Instruction: 0x00000000
02:55:32 [94mTRACE[0m [src/cpu.c:466]: Opcode: 0b00000
02:55:32 [94mTRACE[0m [src/opcodes/shifts.m:3]: [SLL] R0 (0x00000000) = R0 (0x00000000) << 0x00
02:55:32 [94mTRACE[0m [src/cpu.c:244]: RAM size: 0x00001000 read: 0x00000AB0
02:55:32 [94mTRACE[0m [src/cpu.c:465]: Instruction: 0x00000000
02:55:32 [94mTRACE[0m [src/cpu.c:466]: Opcode: 0b00000
02:55:32 [94mTRACE[0m [src/opcodes/shifts.m:3]: [SLL] R0 (0x00000000) = R0 (0x00000000) << 0x00
02:55:32 [94mTRACE[0m [src/cpu.c:244]: RAM size: 0x00001000 read: 0x00000AB4
02:55:32 [94mTRACE[0m [src/cpu.c:465]: Instruction: 0x00000000
02:55:32 [94mTRACE[0m [src/cpu.c:466]: Opcode: 0b00000
02:55:32 [94mTRACE[0m [src/opcodes/shifts.m:3]: [SLL] R0 (0x00000000) = R0 (0x00000000) << 0x00
02:55:32 [94mTRACE[0m [src/cpu.c:244]: RAM size: 0x00001000 read: 0x00000AB8
02:55:32 [94mTRACE[0m [src/cpu.c:465]: Instruction: 0x00000000
02:55:32 [94mTRACE[0m [src/cpu.c:466]: Opcode: 0b00000
02:55:32 [94mTRACE[0m [src/opcodes/shifts.m:3]: [SLL] R0 (0x00000000) = R0 (0x00000000) << 0x00
02:55:32 [94mTRACE[0m [src/cpu.c:244]: RAM size: 0x00001000 read: 0x00000ABC
02:55:32 [94mTRACE[0m [src/cpu.c:465]: Instruction: 0x00000000
02:55:32 [94mTRACE[0m [src/cpu.c:466]: Opcode: 0b00000
02:55:32 [94mTRACE[0m [src/opcodes/shifts.m:3]: [SLL] R0 (0x00000000) = R0 (0x00000000) << 0x00
02:55:32 [94mTRACE[0m [src/cpu.c:244]: RAM size: 0x00001000 read: 0x00000AC0
02:55:32 [94mTRACE[0m [src/cpu.c:465]: Instruction: 0x00000000
02:55:32 [94mTRACE[0m [src/cpu.c:466]: Opcode: 0b00000
02:55:32 [94mTRACE[0m [src/opcodes/shifts.m:3]: [SLL] R0 (0x00000000) = R0 (0x00000000) << 0x00
02:55:32 [94mTRACE[0m [src/cpu.c:244]: RAM size: 0x00001000 read: 0x00000AC4
02:55:32 [94mTRACE[0m [src/cpu.c:465]: Instruction: 0x00000000
02:55:32 [94mTRACE[0m [src/cpu.c:466]: Opcode: 0b00000
02:55:32 [94mTRACE[0m [src/opcodes/shifts.m:3]: [SLL] R0 (0x00000000) = R0 (0x00000000) << 0x00
02:55:32 [94mTRACE[0m [src/cpu.c:244]: RAM size: 0x00001000 read: 0x00000AC8
02:55:32 [94mTRACE[0m [src/cpu.c:465]: Instruction: 0x00000000
02:55:32 [94mTRACE[0m [src/cpu.c:466]: Opcode: 0b00000
02:55:32 [94mTRACE[0m [src/opcodes/shifts.m:3]: [SLL] R0 (0x00000000) = R0 (0x00000000) << 0x00
02:55:32 [94mTRACE[0m [src/cpu.c:244]: RAM size: 0x00001000 read: 0x00000ACC
02:55:32 [94mTRACE[0m [src/cpu.c:465]: Instruction: 0x00000000
02:55:32 [94mTRACE[0m [src/cpu.c:466]: Opcode: 0b00000
02:55:32 [94mTRACE[0m [src/opcodes/shifts.m:3]: [SLL] R0 (0x00000000) = R0 (0x00000000) << 0x00
02:55:32 [94mTRACE[0m [src/cpu.c:244]: RAM size: 0x00001000 read: 0x00000AD0
02:55:32 [94mTRACE[0m [src/cpu.c:465]: Instruction: 0x00000000
02:55:32 [94mTRACE[0m [src/cpu.c:466]: Opcode: 0b00000
02:55:32 [94mTRACE[0m [src/opcodes/shifts.m:3]: [SLL] R0 (0x00000000) = R0 (0x00000000) << 0x00
02:55:32 [94mTRACE[0m [src/cpu.c:244]: RAM size: 0x00001000 read: 0x00000AD4
02:55:32 [94mTRACE[0m [src/cpu.c:465]: Instruction: 0x00000000
02:55:32 [94mTRACE[0m [src/cpu.c:466]: Opcode: 0b00000
02:55:32 [94mTRACE[0m [src/opcodes/shifts.m:3]: [SLL] R0 (0x00000000) = R0 (0x00000000) << 0x00
02:55:32 [94mTRACE[0m [src/cpu.c:244]: RAM size: 0x00001000 read: 0x00000AD8
02:55:32 [94mTRACE[0m [src/cpu.c:465]: Instruction: 0x00000000
02:55:32 [94mTRACE[0m [src/cpu.c:466]: Opcode: 0b00000
02:55:32 [94mTRACE[0m [src/opcodes/shifts.m:3]: [SLL] R0 (0x00000000) = R0 (0x00000000) << 0x00
02:55:32 [94mTRACE[0m [src/cpu.c:244]: RAM size: 0x00001000 read: 0x00000ADC
02:55:32 [94mTRACE[0m [src/cpu.c:465]: Instruction: 0x00000000
02:55:32 [94mTRACE[0m [src/cpu.c:466]: Opcode: 0b00000
02:55:32 [94mTRACE[0m [src/opcodes/shifts.m:3]: [SLL] R0 (0x00000000) = R0 (0x00000000) << 0x00
02:55:32 [94mTRACE[0m [src/cpu.c:244]: RAM size: 0x00001000 read: 0x00000AE0
02:55:32 [94mTRACE[0m [src/cpu.c:465]: Instruction: 0x00000000
02:55:32 [94mTRACE[0m [src/cpu.c:466]: Opcode: 0b00000
02:55:32 [94mTRACE[0m [src/opcodes/shifts.m:3]: [SLL] R0 (0x00000000) = R0 (0x00000000) << 0x00
02:55:32 [94mTRACE[0m [src/cpu.c:244]: RAM size: 0x00001000 read: 0x00000AE4
02:55:32 [94mTRACE[0m [src/cpu.c:465]: Instruction: 0x00000000
02:55:32 [94mTRACE[0m [src/cpu.c:466]: Opcode: 0b00000
02:55:32 [94mTRACE[0m [src/opcodes/shifts.m:3]: [SLL] R0 (0x00000000) = R0 (0x00000000) << 0x00
02:55:32 [94mTRACE[0m [src/cpu.c:244]: RAM size: 0x00001000 read: 0x00000AE8
02:55:32 [94mTRACE[0m [src/cpu.c:465]: Instruction: 0x00000000
02:55:32 [94mTRACE[0m [src/cpu.c:466]: Opcode: 0b00000
02:55:32 [94mTRACE[0m [src/opcodes/shifts.m:3]: [SLL] R0 (0x00000000) = R0 (0x00000000) << 0x00
02:55:32 [94mTRACE[0m [src/cpu.c:244]: RAM size: 0x00001000 read: 0x00000AEC
02:55:32 [94mTRACE[0m [src/cpu.c:465]: Instruction: 0x00000000
02:55:32 [94mTRACE[0m [src/cpu.c:466]: Opcode: 0b00000
02:55:32 [94mTRACE[0m [src/opcodes/shifts.m:3]: [SLL] R0 (0x00000000) = R0 (0x00000000) << 0x00
02:55:32 [94mTRACE[0m [src/cpu.c:244]: RAM size: 0x00001000 read: 0x00000AF0
02:55:32 [94mTRACE[0m [src/cpu.c:465]: Instruction: 0x00000000
02:55:32 [94mTRACE[0m [src/cpu.c:466]: Opcode: 0b00000
02:55:32 [94mTRACE[0m [src/opcodes/shifts.m:3]: [SLL] R0 (0x00000000) = R0 (0x00000000) << 0x00
02:55:32 [94mTRACE[0m [src/cpu.c:244]: RAM size: 0x00001000 read: 0x00000AF4
02:55:32 [94mTRACE[0m [src/cpu.c:465]: Instruction: 0x00000000
02:55:32 [94mTRACE[0m [src/cpu.c:466]: Opcode: 0b00000
02:55:32 [94mTRACE[0m [src/opcodes/shifts.m:3]: [SLL] R0 (0x00000000) = R0 (0x00000000) << 0x00
02:55:32 [94mTRACE[0m [src/cpu.c:244]: RAM size: 0x00001000 read: 0x00000AF8
02:55:32 [94mTRACE[0m [src/cpu.c:465]: Instruction: 0x00000000
02:55:32 [94mTRACE[0m [src/cpu.c:466]: Opcode: 0b00000
02:55:32 [94mTRACE[0m [src/opcodes/shifts.m:3]: [SLL] R0 (0x00000000) = R0 (0x00000000) << 0x00
02:55:32 [94mTRACE[0m [src/cpu.c:244]: RAM size: 0x00001000 read: 0x00000AFC
02:55:32 [94mTRACE[0m [src/cpu.c:465]: Instruction: 0x00000000
02:55:32 [94mTRACE[0m [src/cpu.c:466]: Opcode: 0b00000
02:55:32 [94mTRACE[0m [src/opcodes/shifts.m:3]: [SLL] R0 (0x00000000) = R0 (0x00000000) << 0x00
02:55:32 [94mTRACE[0m [src/cpu.c:244]: RAM size: 0x00001000 read: 0x00000B00
02:55:32 [94mTRACE[0m [src/cpu.c:465]: Instruction: 0x00000000
02:55:32 [94mTRACE[0m [src/cpu.c:466]: Opcode: 0b00000
02:55:32 [94mTRACE[0m [src/opcodes/shifts.m:3]: [SLL] R0 (0x00000000) = R0 (0x00000000) << 0x00
02:55:32 [94mTRACE[0m [src/cpu.c:244]: RAM size: 0x00001000 read: 0x00000B04
02:55:32 [94mTRACE[0m [src/cpu.c:465]: Instruction: 0x00000000
02:55:32 [94mTRACE[0m [src/cpu.c:466]: Opcode: 0b00000
02:55:32 [94mTRACE[0m [src/opcodes/shifts.m:3]: [SLL] R0 (0x00000000) = R0 (0x00000000) << 0x00
02:55:32 [94mTRACE[0m [src/cpu.c:244]: RAM size: 0x00001000 read: 0x00000B08
02:55:32 [94mTRACE[0m [src/cpu.c:465]: Instruction: 0x00000000
02:55:32 [94mTRACE[0m [src/cpu.c:466]: Opcode: 0b00000
02:55:32 [94mTRACE[0m [src/opcodes/shifts.m:3]: [SLL] R0 (0x00000000) = R0 (0x00000000) << 0x00
02:55:32 [94mTRACE[0m [src/cpu.c:244]: RAM size: 0x00001000 read: 0x00000B0C
02:55:32 [94mTRACE[0m [src/cpu.c:465]: Instruction: 0x00000000
02:55:32 [94mTRACE[0m [src/cpu.c:466]: Opcode: 0b00000
02:55:32 [94mTRACE[0m [src/opcodes/shifts.m:3]: [SLL] R0 (0x00000000) = R0 (0x00000000) << 0x00
02:55:32 [94mTRACE[0m [src/cpu.c:244]: RAM size: 0x00001000 read: 0x00000B10
02:55:32 [94mTRACE[0m [src/cpu.c:465]: Instruction: 0x00000000
02:55:32 [94mTRACE[0m [src/cpu.c:466]: Opcode: 0b00000
02:55:32 [94mTRACE[0m [src/opcodes/shifts.m:3]: [SLL] R0 (0x00000000) = R0 (0x00000000) << 0x00
02:55:32 [94mTRACE[0m [src/cpu.c:244]: RAM size: 0x00001000 read: 0x00000B14
02:55:32 [94mTRACE[0m [src/cpu.c:465]: Instruction: 0x00000000
02:55:32 [94mTRACE[0m [src/cpu.c:466]: Opcode: 0b00000
02:55:32 [94mTRACE[0m [src/opcodes/shifts.m:3]: [SLL] R0 (0x00000000) = R0 (0x00000000) << 0x00
02:55:32 [94mTRACE[0m [src/cpu.c:244]: RAM size: 0x00001000 read: 0x00000B18
02:55:32 [94mTRACE[0m [src/cpu.c:465]: Instruction: 0x00000000
02:55:32 [94mTRACE[0m [src/cpu.c:466]: Opcode: 0b00000
02:55:32 [94mTRACE[0m [src/opcodes/shifts.m:3]: [SLL] R0 (0x00000000) = R0 (0x00000000) << 0x00
02:55:32 [94mTRACE[0m [src/cpu.c:244]: RAM size: 0x00001000 read: 0x00000B1C
02:55:32 [94mTRACE[0m [src/cpu.c:465]: Instruction: 0x00000000
02:55:32 [94mTRACE[0m [src/cpu.c:466]: Opcode: 0b00000
02:55:32 [94mTRACE[0m [src/opcodes/shifts.m:3]: [SLL] R0 (0x00000000) = R0 (0x00000000) << 0x00
02:55:32 [94mTRACE[0m [src/cpu.c:244]: RAM size: 0x00001000 read: 0x00000B20
02:55:32 [94mTRACE[0m [src/cpu.c:465]: Instruction: 0x00000000
02:55:32 [94mTRACE[0m [src/cpu.c:466]: Opcode: 0b00000
02:55:32 [94mTRACE[0m [src/opcodes/shifts.m:3]: [SLL] R0 (0x00000000) = R0 (0x00000000) << 0x00
02:55:32 [94mTRACE[0m [src/cpu.c:244]: RAM size: 0x00001000 read: 0x00000B24
02:55:32 [94mTRACE[0m [src/cpu.c:465]: Instruction: 0x00000000
02:55:32 [94mTRACE[0m [src/cpu.c:466]: Opcode: 0b00000
02:55:32 [94mTRACE[0m [src/opcodes/shifts.m:3]: [SLL] R0 (0x00000000) = R0 (0x00000000) << 0x00
02:55:32 [94mTRACE[0m [src/cpu.c:244]: RAM size: 0x00001000 read: 0x00000B28
02:55:32 [94mTRACE[0m [src/cpu.c:465]: Instruction: 0x00000000
02:55:32 [94mTRACE[0m [src/cpu.c:466]: Opcode: 0b00000
02:55:32 [94mTRACE[0m [src/opcodes/shifts.m:3]: [SLL] R0 (0x00000000) = R0 (0x00000000) << 0x00
02:55:32 [94mTRACE[0m [src/cpu.c:244]: RAM size: 0x00001000 read: 0x00000B2C
02:55:32 [94mTRACE[0m [src/cpu.c:465]: Instruction: 0x00000000
02:55:32 [94mTRACE[0m [src/cpu.c:466]: Opcode: 0b00000
02:55:32 [94mTRACE[0m [src/opcodes/shifts.m:3]: [SLL] R0 (0x00000000) = R0 (0x00000000) << 0x00
02:55:32 [94mTRACE[0m [src/cpu.c:244]: RAM size: 0x00001000 read: 0x00000B30
02:55:32 [94mTRACE[0m [src/cpu.c:465]: Instruction: 0x00000000
02:55:32 [94mTRACE[0m [src/cpu.c:466]: Opcode: 0b00000
02:55:32 [94mTRACE[0m [src/opcodes/shifts.m:3]: [SLL] R0 (0x00000000) = R0 (0x00000000) << 0x00
02:55:32 [94mTRACE[0m [src/cpu.c:244]: RAM size: 0x00001000 read: 0x00000B34
02:55:32 [94mTRACE[0m [src/cpu.c:465]: Instruction: 0x00000000
02:55:32 [94mTRACE[0m [src/cpu.c:466]: Opcode: 0b00000
02:55:32 [94mTRACE[0m [src/opcodes/shifts.m:3]: [SLL] R0 (0x00000000) = R0 (0x00000000) << 0x00
02:55:32 [94mTRACE[0m [src/cpu.c:244]: RAM size: 0x00001000 read: 0x00000B38
02:55:32 [94mTRACE[0m [src/cpu.c:465]: Instruction: 0x00000000
02:55:32 [94mTRACE[0m [src/cpu.c:466]: Opcode: 0b00000
02:55:32 [94mTRACE[0m [src/opcodes/shifts.m:3]: [SLL] R0 (0x00000000) = R0 (0x00000000) << 0x00
02:55:32 [94mTRACE[0m [src/cpu.c:244]: RAM size: 0x00001000 read: 0x00000B3C
02:55:32 [94mTRACE[0m [src/cpu.c:465]: Instruction: 0x00000000
02:55:32 [94mTRACE[0m [src/cpu.c:466]: Opcode: 0b00000
02:55:32 [94mTRACE[0m [src/opcodes/shifts.m:3]: [SLL] R0 (0x00000000) = R0 (0x00000000) << 0x00
02:55:32 [94mTRACE[0m [src/cpu.c:244]: RAM size: 0x00001000 read: 0x00000B40
02:55:32 [94mTRACE[0m [src/cpu.c:465]: Instruction: 0x00000000
02:55:32 [94mTRACE[0m [src/cpu.c:466]: Opcode: 0b00000
02:55:32 [94mTRACE[0m [src/opcodes/shifts.m:3]: [SLL] R0 (0x00000000) = R0 (0x00000000) << 0x00
02:55:32 [94mTRACE[0m [src/cpu.c:244]: RAM size: 0x00001000 read: 0x00000B44
02:55:32 [94mTRACE[0m [src/cpu.c:465]: Instruction: 0x00000000
02:55:32 [94mTRACE[0m [src/cpu.c:466]: Opcode: 0b00000
02:55:32 [94mTRACE[0m [src/opcodes/shifts.m:3]: [SLL] R0 (0x00000000) = R0 (0x00000000) << 0x00
02:55:32 [94mTRACE[0m [src/cpu.c:244]: RAM size: 0x00001000 read: 0x00000B48
02:55:32 [94mTRACE[0m [src/cpu.c:465]: Instruction: 0x00000000
02:55:32 [94mTRACE[0m [src/cpu.c:466]: Opcode: 0b00000
02:55:32 [94mTRACE[0m [src/opcodes/shifts.m:3]: [SLL] R0 (0x00000000) = R0 (0x00000000) << 0x00
02:55:32 [94mTRACE[0m [src/cpu.c:244]: RAM size: 0x00001000 read: 0x00000B4C
02:55:32 [94mTRACE[0m [src/cpu.c:465]: Instruction: 0x00000000
02:55:32 [94mTRACE[0m [src/cpu.c:466]: Opcode: 0b00000
02:55:32 [94mTRACE[0m [src/opcodes/shifts.m:3]: [SLL] R0 (0x00000000) = R0 (0x00000000) << 0x00
02:55:32 [94mTRACE[0m [src/cpu.c:244]: RAM size: 0x00001000 read: 0x00000B50
02:55:32 [94mTRACE[0m [src/cpu.c:465]: Instruction: 0x00000000
02:55:32 [94mTRACE[0m [src/cpu.c:466]: Opcode: 0b00000
02:55:32 [94mTRACE[0m [src/opcodes/shifts.m:3]: [SLL] R0 (0x00000000) = R0 (0x00000000) << 0x00
02:55:32 [94mTRACE[0m [src/cpu.c:244]: RAM size: 0x00001000 read: 0x00000B54
02:55:32 [94mTRACE[0m [src/cpu.c:465]: Instruction: 0x00000000
02:55:32 [94mTRACE[0m [src/cpu.c:466]: Opcode: 0b00000
02:55:32 [94mTRACE[0m [src/opcodes/shifts.m:3]: [SLL] R0 (0x00000000) = R0 (0x00000000) << 0x00
02:55:32 [94mTRACE[0m [src/cpu.c:244]: RAM size: 0x00001000 read: 0x00000B58
02:55:32 [94mTRACE[0m [src/cpu.c:465]: Instruction: 0x00000000
02:55:32 [94mTRACE[0m [src/cpu.c:466]: Opcode: 0b00000
02:55:32 [94mTRACE[0m [src/opcodes/shifts.m:3]: [SLL] R0 (0x00000000) = R0 (0x00000000) << 0x00
02:55:32 [94mTRACE[0m [src/cpu.c:244]: RAM size: 0x00001000 read: 0x00000B5C
02:55:32 [94mTRACE[0m [src/cpu.c:465]: Instruction: 0x00000000
02:55:32 [94mTRACE[0m [src/cpu.c:466]: Opcode: 0b00000
02:55:32 [94mTRACE[0m [src/opcodes/shifts.m:3]: [SLL] R0 (0x00000000) = R0 (0x00000000) << 0x00
02:55:32 [94mTRACE[0m [src/cpu.c:244]: RAM size: 0x00001000 read: 0x00000B60
02:55:32 [94mTRACE[0m [src/cpu.c:465]: Instruction: 0x00000000
02:55:32 [94mTRACE[0m [src/cpu.c:466]: Opcode: 0b00000
02:55:32 [94mTRACE[0m [src/opcodes/shifts.m:3]: [SLL] R0 (0x00000000) = R0 (0x00000000) << 0x00
02:55:32 [94mTRACE[0m [src/cpu.c:244]: RAM size: 0x00001000 read: 0x00000B64
02:55:32 [94mTRACE[0m [src/cpu.c:465]: Instruction: 0x00000000
02:55:32 [94mTRACE[0m [src/cpu.c:466]: Opcode: 0b00000
02:55:32 [94mTRACE[0m [src/opcodes/shifts.m:3]: [SLL] R0 (0x00000000) = R0 (0x00000000) << 0x00
02:55:32 [94mTRACE[0m [src/cpu.c:244]: RAM size: 0x00001000 read: 0x00000B68
02:55:32 [94mTRACE[0m [src/cpu.c:465]: Instruction: 0x00000000
02:55:32 [94mTRACE[0m [src/cpu.c:466]: Opcode: 0b00000
02:55:32 [94mTRACE[0m [src/opcodes/shifts.m:3]: [SLL] R0 (0x00000000) = R0 (0x00000000) << 0x00
02:55:32 [94mTRACE[0m [src/cpu.c:244]: RAM size: 0x00001000 read: 0x00000B6C
02:55:32 [94mTRACE[0m [src/cpu.c:465]: Instruction: 0x00000000
02:55:32 [94mTRACE[0m [src/cpu.c:466]: Opcode: 0b00000
02:55:32 [94mTRACE[0m [src/opcodes/shifts.m:3]: [SLL] R0 (0x00000000) = R0 (0x00000000) << 0x00
02:55:32 [94mTRACE[0m [src/cpu.c:244]: RAM size: 0x00001000 read: 0x00000B70
02:55:32 [94mTRACE[0m [src/cpu.c:465]: Instruction: 0x00000000
02:55:32 [94mTRACE[0m [src/cpu.c:466]: Opcode: 0b00000
02:55:32 [94mTRACE[0m [src/opcodes/shifts.m:3]: [SLL] R0 (0x00000000) = R0 (0x00000000) << 0x00
02:55:32 [94mTRACE[0m [src/cpu.c:244]: RAM size: 0x00001000 read: 0x00000B74
02:55:32 [94mTRACE[0m [src/cpu.c:465]: Instruction: 0x00000000
02:55:32 [94mTRACE[0m [src/cpu.c:466]: Opcode: 0b00000
02:55:32 [94mTRACE[0m [src/opcodes/shifts.m:3]: [SLL] R0 (0x00000000) = R0 (0x00000000) << 0x00
02:55:32 [94mTRACE[0m [src/cpu.c:244]: RAM size: 0x00001000 read: 0x00000B78
02:55:32 [94mTRACE[0m [src/cpu.c:465]: Instruction: 0x00000000
02:55:32 [94mTRACE[0m [src/cpu.c:466]: Opcode: 0b00000
02:55:32 [94mTRACE[0m [src/opcodes/shifts.m:3]: [SLL] R0 (0x00000000) = R0 (0x00000000) << 0x00
02:55:32 [94mTRACE[0m [src/cpu.c:244]: RAM size: 0x00001000 read: 0x00000B7C
02:55:32 [94mTRACE[0m [src/cpu.c:465]: Instruction: 0x00000000
02:55:32 [94mTRACE[0m [src/cpu.c:466]: Opcode: 0b00000
02:55:32 [94mTRACE[0m [src/opcodes/shifts.m:3]: [SLL] R0 (0x00000000) = R0 (0x00000000) << 0x00
02:55:32 [94mTRACE[0m [src/cpu.c:244]: RAM size: 0x00001000 read: 0x00000B80
02:55:32 [94mTRACE[0m [src/cpu.c:465]: Instruction: 0x00000000
02:55:32 [94mTRACE[0m [src/cpu.c:466]: Opcode: 0b00000
02:55:32 [94mTRACE[0m [src/opcodes/shifts.m:3]: [SLL] R0 (0x00000000) = R0 (0x00000000) << 0x00
02:55:32 [94mTRACE[0m [src/cpu.c:244]: RAM size: 0x00001000 read: 0x00000B84
02:55:32 [94mTRACE[0m [src/cpu.c:465]: Instruction: 0x00000000
02:55:32 [94mTRACE[0m [src/cpu.c:466]: Opcode: 0b00000
02:55:32 [94mTRACE[0m [src/opcodes/shifts.m:3]: [SLL] R0 (0x00000000) = R0 (0x00000000) << 0x00
02:55:32 [94mTRACE[0m [src/cpu.c:244]: RAM size: 0x00001000 read: 0x00000B88
02:55:32 [94mTRACE[0m [src/cpu.c:465]: Instruction: 0x00000000
02:55:32 [94mTRACE[0m [src/cpu.c:466]: Opcode: 0b00000
02:55:32 [94mTRACE[0m [src/opcodes/shifts.m:3]: [SLL] R0 (0x00000000) = R0 (0x00000000) << 0x00
02:55:32 [94mTRACE[0m [src/cpu.c:244]: RAM size: 0x00001000 read: 0x00000B8C
02:55:32 [94mTRACE[0m [src/cpu.c:465]: Instruction: 0x00000000
02:55:32 [94mTRACE[0m [src/cpu.c:466]: Opcode: 0b00000
02:55:32 [94mTRACE[0m [src/opcodes/shifts.m:3]: [SLL] R0 (0x00000000) = R0 (0x00000000) << 0x00
02:55:32 [94mTRACE[0m [src/cpu.c:244]: RAM size: 0x00001000 read: 0x00000B90
02:55:32 [94mTRACE[0m [src/cpu.c:465]: Instruction: 0x00000000
02:55:32 [94mTRACE[0m [src/cpu.c:466]: Opcode: 0b00000
02:55:32 [94mTRACE[0m [src/opcodes/shifts.m:3]: [SLL] R0 (0x00000000) = R0 (0x00000000) << 0x00
02:55:32 [94mTRACE[0m [src/cpu.c:244]: RAM size: 0x00001000 read: 0x00000B94
02:55:32 [94mTRACE[0m [src/cpu.c:465]: Instruction: 0x00000000
02:55:32 [94mTRACE[0m [src/cpu.c:466]: Opcode: 0b00000
02:55:32 [94mTRACE[0m [src/opcodes/shifts.m:3]: [SLL] R0 (0x00000000) = R0 (0x00000000) << 0x00
02:55:32 [94mTRACE[0m [src/cpu.c:244]: RAM size: 0x00001000 read: 0x00000B98
02:55:32 [94mTRACE[0m [src/cpu.c:465]: Instruction: 0x00000000
02:55:32 [94mTRACE[0m [src/cpu.c:466]: Opcode: 0b00000
02:55:32 [94mTRACE[0m [src/opcodes/shifts.m:3]: [SLL] R0 (0x00000000) = R0 (0x00000000) << 0x00
02:55:32 [94mTRACE[0m [src/cpu.c:244]: RAM size: 0x00001000 read: 0x00000B9C
02:55:32 [94mTRACE[0m [src/cpu.c:465]: Instruction: 0x00000000
02:55:32 [94mTRACE[0m [src/cpu.c:466]: Opcode: 0b00000
02:55:32 [94mTRACE[0m [src/opcodes/shifts.m:3]: [SLL] R0 (0x00000000) = R0 (0x00000000) << 0x00
02:55:32 [94mTRACE[0m [src/cpu.c:244]: RAM size: 0x00001000 read: 0x00000BA0
02:55:32 [94mTRACE[0m [src/cpu.c:465]: Instruction: 0x00000000
02:55:32 [94mTRACE[0m [src/cpu.c:466]: Opcode: 0b00000
02:55:32 [94mTRACE[0m [src/opcodes/shifts.m:3]: [SLL] R0 (0x00000000) = R0 (0x00000000) << 0x00
02:55:32 [94mTRACE[0m [src/cpu.c:244]: RAM size: 0x00001000 read: 0x00000BA4
02:55:32 [94mTRACE[0m [src/cpu.c:465]: Instruction: 0x00000000
02:55:32 [94mTRACE[0m [src/cpu.c:466]: Opcode: 0b00000
02:55:32 [94mTRACE[0m [src/opcodes/shifts.m:3]: [SLL] R0 (0x00000000) = R0 (0x00000000) << 0x00
02:55:32 [94mTRACE[0m [src/cpu.c:244]: RAM size: 0x00001000 read: 0x00000BA8
02:55:32 [94mTRACE[0m [src/cpu.c:465]: Instruction: 0x00000000
02:55:32 [94mTRACE[0m [src/cpu.c:466]: Opcode: 0b00000
02:55:32 [94mTRACE[0m [src/opcodes/shifts.m:3]: [SLL] R0 (0x00000000) = R0 (0x00000000) << 0x00
02:55:32 [94mTRACE[0m [src/cpu.c:244]: RAM size: 0x00001000 read: 0x00000BAC
02:55:32 [94mTRACE[0m [src/cpu.c:465]: Instruction: 0x00000000
02:55:32 [94mTRACE[0m [src/cpu.c:466]: Opcode: 0b00000
02:55:32 [94mTRACE[0m [src/opcodes/shifts.m:3]: [SLL] R0 (0x00000000) = R0 (0x00000000) << 0x00
02:55:32 [94mTRACE[0m [src/cpu.c:244]: RAM size: 0x00001000 read: 0x00000BB0
02:55:32 [94mTRACE[0m [src/cpu.c:465]: Instruction: 0x00000000
02:55:32 [94mTRACE[0m [src/cpu.c:466]: Opcode: 0b00000
02:55:32 [94mTRACE[0m [src/opcodes/shifts.m:3]: [SLL] R0 (0x00000000) = R0 (0x00000000) << 0x00
02:55:32 [94mTRACE[0m [src/cpu.c:244]: RAM size: 0x00001000 read: 0x00000BB4
02:55:32 [94mTRACE[0m [src/cpu.c:465]: Instruction: 0x00000000
02:55:32 [94mTRACE[0m [src/cpu.c:466]: Opcode: 0b00000
02:55:32 [94mTRACE[0m [src/opcodes/shifts.m:3]: [SLL] R0 (0x00000000) = R0 (0x00000000) << 0x00
02:55:32 [94mTRACE[0m [src/cpu.c:244]: RAM size: 0x00001000 read: 0x00000BB8
02:55:32 [94mTRACE[0m [src/cpu.c:465]: Instruction: 0x00000000
02:55:32 [94mTRACE[0m [src/cpu.c:466]: Opcode: 0b00000
02:55:32 [94mTRACE[0m [src/opcodes/shifts.m:3]: [SLL] R0 (0x00000000) = R0 (0x00000000) << 0x00
02:55:32 [94mTRACE[0m [src/cpu.c:244]: RAM size: 0x00001000 read: 0x00000BBC
02:55:32 [94mTRACE[0m [src/cpu.c:465]: Instruction: 0x00000000
02:55:32 [94mTRACE[0m [src/cpu.c:466]: Opcode: 0b00000
02:55:32 [94mTRACE[0m [src/opcodes/shifts.m:3]: [SLL] R0 (0x00000000) = R0 (0x00000000) << 0x00
02:55:32 [94mTRACE[0m [src/cpu.c:244]: RAM size: 0x00001000 read: 0x00000BC0
02:55:32 [94mTRACE[0m [src/cpu.c:465]: Instruction: 0x00000000
02:55:32 [94mTRACE[0m [src/cpu.c:466]: Opcode: 0b00000
02:55:32 [94mTRACE[0m [src/opcodes/shifts.m:3]: [SLL] R0 (0x00000000) = R0 (0x00000000) << 0x00
02:55:32 [94mTRACE[0m [src/cpu.c:244]: RAM size: 0x00001000 read: 0x00000BC4
02:55:32 [94mTRACE[0m [src/cpu.c:465]: Instruction: 0x00000000
02:55:32 [94mTRACE[0m [src/cpu.c:466]: Opcode: 0b00000
02:55:32 [94mTRACE[0m [src/opcodes/shifts.m:3]: [SLL] R0 (0x00000000) = R0 (0x00000000) << 0x00
02:55:32 [94mTRACE[0m [src/cpu.c:244]: RAM size: 0x00001000 read: 0x00000BC8
02:55:32 [94mTRACE[0m [src/cpu.c:465]: Instruction: 0x00000000
02:55:32 [94mTRACE[0m [src/cpu.c:466]: Opcode: 0b00000
02:55:32 [94mTRACE[0m [src/opcodes/shifts.m:3]: [SLL] R0 (0x00000000) = R0 (0x00000000) << 0x00
02:55:32 [94mTRACE[0m [src/cpu.c:244]: RAM size: 0x00001000 read: 0x00000BCC
02:55:32 [94mTRACE[0m [src/cpu.c:465]: Instruction: 0x00000000
02:55:32 [94mTRACE[0m [src/cpu.c:466]: Opcode: 0b00000
02:55:32 [94mTRACE[0m [src/opcodes/shifts.m:3]: [SLL] R0 (0x00000000) = R0 (0x00000000) << 0x00
02:55:32 [94mTRACE[0m [src/cpu.c:244]: RAM size: 0x00001000 read: 0x00000BD0
02:55:32 [94mTRACE[0m [src/cpu.c:465]: Instruction: 0x00000000
02:55:32 [94mTRACE[0m [src/cpu.c:466]: Opcode: 0b00000
02:55:32 [94mTRACE[0m [src/opcodes/shifts.m:3]: [SLL] R0 (0x00000000) = R0 (0x00000000) << 0x00
02:55:32 [94mTRACE[0m [src/cpu.c:244]: RAM size: 0x00001000 read: 0x00000BD4
02:55:32 [94mTRACE[0m [src/cpu.c:465]: Instruction: 0x00000000
02:55:32 [94mTRACE[0m [src/cpu.c:466]: Opcode: 0b00000
02:55:32 [94mTRACE[0m [src/opcodes/shifts.m:3]: [SLL] R0 (0x00000000) = R0 (0x00000000) << 0x00
02:55:32 [94mTRACE[0m [src/cpu.c:244]: RAM size: 0x00001000 read: 0x00000BD8
02:55:32 [94mTRACE[0m [src/cpu.c:465]: Instruction: 0x00000000
02:55:32 [94mTRACE[0m [src/cpu.c:466]: Opcode: 0b00000
02:55:32 [94mTRACE[0m [src/opcodes/shifts.m:3]: [SLL] R0 (0x00000000) = R0 (0x00000000) << 0x00
02:55:32 [94mTRACE[0m [src/cpu.c:244]: RAM size: 0x00001000 read: 0x00000BDC
02:55:32 [94mTRACE[0m [src/cpu.c:465]: Instruction: 0x00000000
02:55:32 [94mTRACE[0m [src/cpu.c:466]: Opcode: 0b00000
02:55:32 [94mTRACE[0m [src/opcodes/shifts.m:3]: [SLL] R0 (0x00000000) = R0 (0x00000000) << 0x00
02:55:32 [94mTRACE[0m [src/cpu.c:244]: RAM size: 0x00001000 read: 0x00000BE0
02:55:32 [94mTRACE[0m [src/cpu.c:465]: Instruction: 0x00000000
02:55:32 [94mTRACE[0m [src/cpu.c:466]: Opcode: 0b00000
02:55:32 [94mTRACE[0m [src/opcodes/shifts.m:3]: [SLL] R0 (0x00000000) = R0 (0x00000000) << 0x00
02:55:32 [94mTRACE[0m [src/cpu.c:244]: RAM size: 0x00001000 read: 0x00000BE4
02:55:32 [94mTRACE[0m [src/cpu.c:465]: Instruction: 0x00000000
02:55:32 [94mTRACE[0m [src/cpu.c:466]: Opcode: 0b00000
02:55:32 [94mTRACE[0m [src/opcodes/shifts.m:3]: [SLL] R0 (0x00000000) = R0 (0x00000000) << 0x00
02:55:32 [94mTRACE[0m [src/cpu.c:244]: RAM size: 0x00001000 read: 0x00000BE8
02:55:32 [94mTRACE[0m [src/cpu.c:465]: Instruction: 0x00000000
02:55:32 [94mTRACE[0m [src/cpu.c:466]: Opcode: 0b00000
02:55:32 [94mTRACE[0m [src/opcodes/shifts.m:3]: [SLL] R0 (0x00000000) = R0 (0x00000000) << 0x00
02:55:32 [94mTRACE[0m [src/cpu.c:244]: RAM size: 0x00001000 read: 0x00000BEC
02:55:32 [94mTRACE[0m [src/cpu.c:465]: Instruction: 0x00000000
02:55:32 [94mTRACE[0m [src/cpu.c:466]: Opcode: 0b00000
02:55:32 [94mTRACE[0m [src/opcodes/shifts.m:3]: [SLL] R0 (0x00000000) = R0 (0x00000000) << 0x00
02:55:32 [94mTRACE[0m [src/cpu.c:244]: RAM size: 0x00001000 read: 0x00000BF0
02:55:32 [94mTRACE[0m [src/cpu.c:465]: Instruction: 0x00000000
02:55:32 [94mTRACE[0m [src/cpu.c:466]: Opcode: 0b00000
02:55:32 [94mTRACE[0m [src/opcodes/shifts.m:3]: [SLL] R0 (0x00000000) = R0 (0x00000000) << 0x00
02:55:32 [94mTRACE[0m [src/cpu.c:244]: RAM size: 0x00001000 read: 0x00000BF4
02:55:32 [94mTRACE[0m [src/cpu.c:465]: Instruction: 0x00000000
02:55:32 [94mTRACE[0m [src/cpu.c:466]: Opcode: 0b00000
02:55:32 [94mTRACE[0m [src/opcodes/shifts.m:3]: [SLL] R0 (0x00000000) = R0 (0x00000000) << 0x00
02:55:32 [94mTRACE[0m [src/cpu.c:244]: RAM size: 0x00001000 read: 0x00000BF8
02:55:32 [94mTRACE[0m [src/cpu.c:465]: Instruction: 0x00000000
02:55:32 [94mTRACE[0m [src/cpu.c:466]: Opcode: 0b00000
02:55:32 [94mTRACE[0m [src/opcodes/shifts.m:3]: [SLL] R0 (0x00000000) = R0 (0x00000000) << 0x00
02:55:32 [94mTRACE[0m [src/cpu.c:244]: RAM size: 0x00001000 read: 0x00000BFC
02:55:32 [94mTRACE[0m [src/cpu.c:465]: Instruction: 0x00000000
02:55:32 [94mTRACE[0m [src/cpu.c:466]: Opcode: 0b00000
02:55:32 [94mTRACE[0m [src/opcodes/shifts.m:3]: [SLL] R0 (0x00000000) = R0 (0x00000000) << 0x00
02:55:32 [94mTRACE[0m [src/cpu.c:244]: RAM size: 0x00001000 read: 0x00000C00
02:55:32 [94mTRACE[0m [src/cpu.c:465]: Instruction: 0x00000000
02:55:32 [94mTRACE[0m [src/cpu.c:466]: Opcode: 0b00000
02:55:32 [94mTRACE[0m [src/opcodes/shifts.m:3]: [SLL] R0 (0x00000000) = R0 (0x00000000) << 0x00
02:55:32 [94mTRACE[0m [src/cpu.c:244]: RAM size: 0x00001000 read: 0x00000C04
02:55:32 [94mTRACE[0m [src/cpu.c:465]: Instruction: 0x00000000
02:55:32 [94mTRACE[0m [src/cpu.c:466]: Opcode: 0b00000
02:55:32 [94mTRACE[0m [src/opcodes/shifts.m:3]: [SLL] R0 (0x00000000) = R0 (0x00000000) << 0x00
02:55:32 [94mTRACE[0m [src/cpu.c:244]: RAM size: 0x00001000 read: 0x00000C08
02:55:32 [94mTRACE[0m [src/cpu.c:465]: Instruction: 0x00000000
02:55:32 [94mTRACE[0m [src/cpu.c:466]: Opcode: 0b00000
02:55:32 [94mTRACE[0m [src/opcodes/shifts.m:3]: [SLL] R0 (0x00000000) = R0 (0x00000000) << 0x00
02:55:32 [94mTRACE[0m [src/cpu.c:244]: RAM size: 0x00001000 read: 0x00000C0C
02:55:32 [94mTRACE[0m [src/cpu.c:465]: Instruction: 0x00000000
02:55:32 [94mTRACE[0m [src/cpu.c:466]: Opcode: 0b00000
02:55:32 [94mTRACE[0m [src/opcodes/shifts.m:3]: [SLL] R0 (0x00000000) = R0 (0x00000000) << 0x00
02:55:32 [94mTRACE[0m [src/cpu.c:244]: RAM size: 0x00001000 read: 0x00000C10
02:55:32 [94mTRACE[0m [src/cpu.c:465]: Instruction: 0x00000000
02:55:32 [94mTRACE[0m [src/cpu.c:466]: Opcode: 0b00000
02:55:32 [94mTRACE[0m [src/opcodes/shifts.m:3]: [SLL] R0 (0x00000000) = R0 (0x00000000) << 0x00
02:55:32 [94mTRACE[0m [src/cpu.c:244]: RAM size: 0x00001000 read: 0x00000C14
02:55:32 [94mTRACE[0m [src/cpu.c:465]: Instruction: 0x00000000
02:55:32 [94mTRACE[0m [src/cpu.c:466]: Opcode: 0b00000
02:55:32 [94mTRACE[0m [src/opcodes/shifts.m:3]: [SLL] R0 (0x00000000) = R0 (0x00000000) << 0x00
02:55:32 [94mTRACE[0m [src/cpu.c:244]: RAM size: 0x00001000 read: 0x00000C18
02:55:32 [94mTRACE[0m [src/cpu.c:465]: Instruction: 0x00000000
02:55:32 [94mTRACE[0m [src/cpu.c:466]: Opcode: 0b00000
02:55:32 [94mTRACE[0m [src/opcodes/shifts.m:3]: [SLL] R0 (0x00000000) = R0 (0x00000000) << 0x00
02:55:32 [94mTRACE[0m [src/cpu.c:244]: RAM size: 0x00001000 read: 0x00000C1C
02:55:32 [94mTRACE[0m [src/cpu.c:465]: Instruction: 0x00000000
02:55:32 [94mTRACE[0m [src/cpu.c:466]: Opcode: 0b00000
02:55:32 [94mTRACE[0m [src/opcodes/shifts.m:3]: [SLL] R0 (0x00000000) = R0 (0x00000000) << 0x00
02:55:32 [94mTRACE[0m [src/cpu.c:244]: RAM size: 0x00001000 read: 0x00000C20
02:55:32 [94mTRACE[0m [src/cpu.c:465]: Instruction: 0x00000000
02:55:32 [94mTRACE[0m [src/cpu.c:466]: Opcode: 0b00000
02:55:32 [94mTRACE[0m [src/opcodes/shifts.m:3]: [SLL] R0 (0x00000000) = R0 (0x00000000) << 0x00
02:55:32 [94mTRACE[0m [src/cpu.c:244]: RAM size: 0x00001000 read: 0x00000C24
02:55:32 [94mTRACE[0m [src/cpu.c:465]: Instruction: 0x00000000
02:55:32 [94mTRACE[0m [src/cpu.c:466]: Opcode: 0b00000
02:55:32 [94mTRACE[0m [src/opcodes/shifts.m:3]: [SLL] R0 (0x00000000) = R0 (0x00000000) << 0x00
02:55:32 [94mTRACE[0m [src/cpu.c:244]: RAM size: 0x00001000 read: 0x00000C28
02:55:32 [94mTRACE[0m [src/cpu.c:465]: Instruction: 0x00000000
02:55:32 [94mTRACE[0m [src/cpu.c:466]: Opcode: 0b00000
02:55:32 [94mTRACE[0m [src/opcodes/shifts.m:3]: [SLL] R0 (0x00000000) = R0 (0x00000000) << 0x00
02:55:32 [94mTRACE[0m [src/cpu.c:244]: RAM size: 0x00001000 read: 0x00000C2C
02:55:32 [94mTRACE[0m [src/cpu.c:465]: Instruction: 0x00000000
02:55:32 [94mTRACE[0m [src/cpu.c:466]: Opcode: 0b00000
02:55:32 [94mTRACE[0m [src/opcodes/shifts.m:3]: [SLL] R0 (0x00000000) = R0 (0x00000000) << 0x00
02:55:32 [94mTRACE[0m [src/cpu.c:244]: RAM size: 0x00001000 read: 0x00000C30
02:55:32 [94mTRACE[0m [src/cpu.c:465]: Instruction: 0x00000000
02:55:32 [94mTRACE[0m [src/cpu.c:466]: Opcode: 0b00000
02:55:32 [94mTRACE[0m [src/opcodes/shifts.m:3]: [SLL] R0 (0x00000000) = R0 (0x00000000) << 0x00
02:55:32 [94mTRACE[0m [src/cpu.c:244]: RAM size: 0x00001000 read: 0x00000C34
02:55:32 [94mTRACE[0m [src/cpu.c:465]: Instruction: 0x00000000
02:55:32 [94mTRACE[0m [src/cpu.c:466]: Opcode: 0b00000
02:55:32 [94mTRACE[0m [src/opcodes/shifts.m:3]: [SLL] R0 (0x00000000) = R0 (0x00000000) << 0x00
02:55:32 [94mTRACE[0m [src/cpu.c:244]: RAM size: 0x00001000 read: 0x00000C38
02:55:32 [94mTRACE[0m [src/cpu.c:465]: Instruction: 0x00000000
02:55:32 [94mTRACE[0m [src/cpu.c:466]: Opcode: 0b00000
02:55:32 [94mTRACE[0m [src/opcodes/shifts.m:3]: [SLL] R0 (0x00000000) = R0 (0x00000000) << 0x00
02:55:32 [94mTRACE[0m [src/cpu.c:244]: RAM size: 0x00001000 read: 0x00000C3C
02:55:32 [94mTRACE[0m [src/cpu.c:465]: Instruction: 0x00000000
02:55:32 [94mTRACE[0m [src/cpu.c:466]: Opcode: 0b00000
02:55:32 [94mTRACE[0m [src/opcodes/shifts.m:3]: [SLL] R0 (0x00000000) = R0 (0x00000000) << 0x00
02:55:32 [94mTRACE[0m [src/cpu.c:244]: RAM size: 0x00001000 read: 0x00000C40
02:55:32 [94mTRACE[0m [src/cpu.c:465]: Instruction: 0x00000000
02:55:32 [94mTRACE[0m [src/cpu.c:466]: Opcode: 0b00000
02:55:32 [94mTRACE[0m [src/opcodes/shifts.m:3]: [SLL] R0 (0x00000000) = R0 (0x00000000) << 0x00
02:55:32 [94mTRACE[0m [src/cpu.c:244]: RAM size: 0x00001000 read: 0x00000C44
02:55:32 [94mTRACE[0m [src/cpu.c:465]: Instruction: 0x00000000
02:55:32 [94mTRACE[0m [src/cpu.c:466]: Opcode: 0b00000
02:55:32 [94mTRACE[0m [src/opcodes/shifts.m:3]: [SLL] R0 (0x00000000) = R0 (0x00000000) << 0x00
02:55:32 [94mTRACE[0m [src/cpu.c:244]: RAM size: 0x00001000 read: 0x00000C48
02:55:32 [94mTRACE[0m [src/cpu.c:465]: Instruction: 0x00000000
02:55:32 [94mTRACE[0m [src/cpu.c:466]: Opcode: 0b00000
02:55:32 [94mTRACE[0m [src/opcodes/shifts.m:3]: [SLL] R0 (0x00000000) = R0 (0x00000000) << 0x00
02:55:32 [94mTRACE[0m [src/cpu.c:244]: RAM size: 0x00001000 read: 0x00000C4C
02:55:32 [94mTRACE[0m [src/cpu.c:465]: Instruction: 0x00000000
02:55:32 [94mTRACE[0m [src/cpu.c:466]: Opcode: 0b00000
02:55:32 [94mTRACE[0m [src/opcodes/shifts.m:3]: [SLL] R0 (0x00000000) = R0 (0x00000000) << 0x00
02:55:32 [94mTRACE[0m [src/cpu.c:244]: RAM size: 0x00001000 read: 0x00000C50
02:55:32 [94mTRACE[0m [src/cpu.c:465]: Instruction: 0x00000000
02:55:32 [94mTRACE[0m [src/cpu.c:466]: Opcode: 0b00000
02:55:32 [94mTRACE[0m [src/opcodes/shifts.m:3]: [SLL] R0 (0x00000000) = R0 (0x00000000) << 0x00
02:55:32 [94mTRACE[0m [src/cpu.c:244]: RAM size: 0x00001000 read: 0x00000C54
02:55:32 [94mTRACE[0m [src/cpu.c:465]: Instruction: 0x00000000
02:55:32 [94mTRACE[0m [src/cpu.c:466]: Opcode: 0b00000
02:55:32 [94mTRACE[0m [src/opcodes/shifts.m:3]: [SLL] R0 (0x00000000) = R0 (0x00000000) << 0x00
02:55:32 [94mTRACE[0m [src/cpu.c:244]: RAM size: 0x00001000 read: 0x00000C58
02:55:32 [94mTRACE[0m [src/cpu.c:465]: Instruction: 0x00000000
02:55:32 [94mTRACE[0m [src/cpu.c:466]: Opcode: 0b00000
02:55:32 [94mTRACE[0m [src/opcodes/shifts.m:3]: [SLL] R0 (0x00000000) = R0 (0x00000000) << 0x00
02:55:32 [94mTRACE[0m [src/cpu.c:244]: RAM size: 0x00001000 read: 0x00000C5C
02:55:32 [94mTRACE[0m [src/cpu.c:465]: Instruction: 0x00000000
02:55:32 [94mTRACE[0m [src/cpu.c:466]: Opcode: 0b00000
02:55:32 [94mTRACE[0m [src/opcodes/shifts.m:3]: [SLL] R0 (0x00000000) = R0 (0x00000000) << 0x00
02:55:32 [94mTRACE[0m [src/cpu.c:244]: RAM size: 0x00001000 read: 0x00000C60
02:55:32 [94mTRACE[0m [src/cpu.c:465]: Instruction: 0x00000000
02:55:32 [94mTRACE[0m [src/cpu.c:466]: Opcode: 0b00000
02:55:32 [94mTRACE[0m [src/opcodes/shifts.m:3]: [SLL] R0 (0x00000000) = R0 (0x00000000) << 0x00
02:55:32 [94mTRACE[0m [src/cpu.c:244]: RAM size: 0x00001000 read: 0x00000C64
02:55:32 [94mTRACE[0m [src/cpu.c:465]: Instruction: 0x00000000
02:55:32 [94mTRACE[0m [src/cpu.c:466]: Opcode: 0b00000
02:55:32 [94mTRACE[0m [src/opcodes/shifts.m:3]: [SLL] R0 (0x00000000) = R0 (0x00000000) << 0x00
02:55:32 [94mTRACE[0m [src/cpu.c:244]: RAM size: 0x00001000 read: 0x00000C68
02:55:32 [94mTRACE[0m [src/cpu.c:465]: Instruction: 0x00000000
02:55:32 [94mTRACE[0m [src/cpu.c:466]: Opcode: 0b00000
02:55:32 [94mTRACE[0m [src/opcodes/shifts.m:3]: [SLL] R0 (0x00000000) = R0 (0x00000000) << 0x00
02:55:32 [94mTRACE[0m [src/cpu.c:244]: RAM size: 0x00001000 read: 0x00000C6C
02:55:32 [94mTRACE[0m [src/cpu.c:465]: Instruction: 0x00000000
02:55:32 [94mTRACE[0m [src/cpu.c:466]: Opcode: 0b00000
02:55:32 [94mTRACE[0m [src/opcodes/shifts.m:3]: [SLL] R0 (0x00000000) = R0 (0x00000000) << 0x00
02:55:32 [94mTRACE[0m [src/cpu.c:244]: RAM size: 0x00001000 read: 0x00000C70
02:55:32 [94mTRACE[0m [src/cpu.c:465]: Instruction: 0x00000000
02:55:32 [94mTRACE[0m [src/cpu.c:466]: Opcode: 0b00000
02:55:32 [94mTRACE[0m [src/opcodes/shifts.m:3]: [SLL] R0 (0x00000000) = R0 (0x00000000) << 0x00
02:55:32 [94mTRACE[0m [src/cpu.c:244]: RAM size: 0x00001000 read: 0x00000C74
02:55:32 [94mTRACE[0m [src/cpu.c:465]: Instruction: 0x00000000
02:55:32 [94mTRACE[0m [src/cpu.c:466]: Opcode: 0b00000
02:55:32 [94mTRACE[0m [src/opcodes/shifts.m:3]: [SLL] R0 (0x00000000) = R0 (0x00000000) << 0x00
02:55:32 [94mTRACE[0m [src/cpu.c:244]: RAM size: 0x00001000 read: 0x00000C78
02:55:32 [94mTRACE[0m [src/cpu.c:465]: Instruction: 0x00000000
02:55:32 [94mTRACE[0m [src/cpu.c:466]: Opcode: 0b00000
02:55:32 [94mTRACE[0m [src/opcodes/shifts.m:3]: [SLL] R0 (0x00000000) = R0 (0x00000000) << 0x00
02:55:32 [94mTRACE[0m [src/cpu.c:244]: RAM size: 0x00001000 read: 0x00000C7C
02:55:32 [94mTRACE[0m [src/cpu.c:465]: Instruction: 0x00000000
02:55:32 [94mTRACE[0m [src/cpu.c:466]: Opcode: 0b00000
02:55:32 [94mTRACE[0m [src/opcodes/shifts.m:3]: [SLL] R0 (0x00000000) = R0 (0x00000000) << 0x00
02:55:32 [94mTRACE[0m [src/cpu.c:244]: RAM size: 0x00001000 read: 0x00000C80
02:55:32 [94mTRACE[0m [src/cpu.c:465]: Instruction: 0x00000000
02:55:32 [94mTRACE[0m [src/cpu.c:466]: Opcode: 0b00000
02:55:32 [94mTRACE[0m [src/opcodes/shifts.m:3]: [SLL] R0 (0x00000000) = R0 (0x00000000) << 0x00
02:55:32 [94mTRACE[0m [src/cpu.c:244]: RAM size: 0x00001000 read: 0x00000C84
02:55:32 [94mTRACE[0m [src/cpu.c:465]: Instruction: 0x00000000
02:55:32 [94mTRACE[0m [src/cpu.c:466]: Opcode: 0b00000
02:55:32 [94mTRACE[0m [src/opcodes/shifts.m:3]: [SLL] R0 (0x00000000) = R0 (0x00000000) << 0x00
02:55:32 [94mTRACE[0m [src/cpu.c:244]: RAM size: 0x00001000 read: 0x00000C88
02:55:32 [94mTRACE[0m [src/cpu.c:465]: Instruction: 0x00000000
02:55:32 [94mTRACE[0m [src/cpu.c:466]: Opcode: 0b00000
02:55:32 [94mTRACE[0m [src/opcodes/shifts.m:3]: [SLL] R0 (0x00000000) = R0 (0x00000000) << 0x00
02:55:32 [94mTRACE[0m [src/cpu.c:244]: RAM size: 0x00001000 read: 0x00000C8C
02:55:32 [94mTRACE[0m [src/cpu.c:465]: Instruction: 0x00000000
02:55:32 [94mTRACE[0m [src/cpu.c:466]: Opcode: 0b00000
02:55:32 [94mTRACE[0m [src/opcodes/shifts.m:3]: [SLL] R0 (0x00000000) = R0 (0x00000000) << 0x00
02:55:32 [94mTRACE[0m [src/cpu.c:244]: RAM size: 0x00001000 read: 0x00000C90
02:55:32 [94mTRACE[0m [src/cpu.c:465]: Instruction: 0x00000000
02:55:32 [94mTRACE[0m [src/cpu.c:466]: Opcode: 0b00000
02:55:32 [94mTRACE[0m [src/opcodes/shifts.m:3]: [SLL] R0 (0x00000000) = R0 (0x00000000) << 0x00
02:55:32 [94mTRACE[0m [src/cpu.c:244]: RAM size: 0x00001000 read: 0x00000C94
02:55:32 [94mTRACE[0m [src/cpu.c:465]: Instruction: 0x00000000
02:55:32 [94mTRACE[0m [src/cpu.c:466]: Opcode: 0b00000
02:55:32 [94mTRACE[0m [src/opcodes/shifts.m:3]: [SLL] R0 (0x00000000) = R0 (0x00000000) << 0x00
02:55:32 [94mTRACE[0m [src/cpu.c:244]: RAM size: 0x00001000 read: 0x00000C98
02:55:32 [94mTRACE[0m [src/cpu.c:465]: Instruction: 0x00000000
02:55:32 [94mTRACE[0m [src/cpu.c:466]: Opcode: 0b00000
02:55:32 [94mTRACE[0m [src/opcodes/shifts.m:3]: [SLL] R0 (0x00000000) = R0 (0x00000000) << 0x00
02:55:32 [94mTRACE[0m [src/cpu.c:244]: RAM size: 0x00001000 read: 0x00000C9C
02:55:32 [94mTRACE[0m [src/cpu.c:465]: Instruction: 0x00000000
02:55:32 [94mTRACE[0m [src/cpu.c:466]: Opcode: 0b00000
02:55:32 [94mTRACE[0m [src/opcodes/shifts.m:3]: [SLL] R0 (0x00000000) = R0 (0x00000000) << 0x00
02:55:32 [94mTRACE[0m [src/cpu.c:244]: RAM size: 0x00001000 read: 0x00000CA0
02:55:32 [94mTRACE[0m [src/cpu.c:465]: Instruction: 0x00000000
02:55:32 [94mTRACE[0m [src/cpu.c:466]: Opcode: 0b00000
02:55:32 [94mTRACE[0m [src/opcodes/shifts.m:3]: [SLL] R0 (0x00000000) = R0 (0x00000000) << 0x00
02:55:32 [94mTRACE[0m [src/cpu.c:244]: RAM size: 0x00001000 read: 0x00000CA4
02:55:32 [94mTRACE[0m [src/cpu.c:465]: Instruction: 0x00000000
02:55:32 [94mTRACE[0m [src/cpu.c:466]: Opcode: 0b00000
02:55:32 [94mTRACE[0m [src/opcodes/shifts.m:3]: [SLL] R0 (0x00000000) = R0 (0x00000000) << 0x00
02:55:32 [94mTRACE[0m [src/cpu.c:244]: RAM size: 0x00001000 read: 0x00000CA8
02:55:32 [94mTRACE[0m [src/cpu.c:465]: Instruction: 0x00000000
02:55:32 [94mTRACE[0m [src/cpu.c:466]: Opcode: 0b00000
02:55:32 [94mTRACE[0m [src/opcodes/shifts.m:3]: [SLL] R0 (0x00000000) = R0 (0x00000000) << 0x00
02:55:32 [94mTRACE[0m [src/cpu.c:244]: RAM size: 0x00001000 read: 0x00000CAC
02:55:32 [94mTRACE[0m [src/cpu.c:465]: Instruction: 0x00000000
02:55:32 [94mTRACE[0m [src/cpu.c:466]: Opcode: 0b00000
02:55:32 [94mTRACE[0m [src/opcodes/shifts.m:3]: [SLL] R0 (0x00000000) = R0 (0x00000000) << 0x00
02:55:32 [94mTRACE[0m [src/cpu.c:244]: RAM size: 0x00001000 read: 0x00000CB0
02:55:32 [94mTRACE[0m [src/cpu.c:465]: Instruction: 0x00000000
02:55:32 [94mTRACE[0m [src/cpu.c:466]: Opcode: 0b00000
02:55:32 [94mTRACE[0m [src/opcodes/shifts.m:3]: [SLL] R0 (0x00000000) = R0 (0x00000000) << 0x00
02:55:32 [94mTRACE[0m [src/cpu.c:244]: RAM size: 0x00001000 read: 0x00000CB4
02:55:32 [94mTRACE[0m [src/cpu.c:465]: Instruction: 0x00000000
02:55:32 [94mTRACE[0m [src/cpu.c:466]: Opcode: 0b00000
02:55:32 [94mTRACE[0m [src/opcodes/shifts.m:3]: [SLL] R0 (0x00000000) = R0 (0x00000000) << 0x00
02:55:32 [94mTRACE[0m [src/cpu.c:244]: RAM size: 0x00001000 read: 0x00000CB8
02:55:32 [94mTRACE[0m [src/cpu.c:465]: Instruction: 0x00000000
02:55:32 [94mTRACE[0m [src/cpu.c:466]: Opcode: 0b00000
02:55:32 [94mTRACE[0m [src/opcodes/shifts.m:3]: [SLL] R0 (0x00000000) = R0 (0x00000000) << 0x00
02:55:32 [94mTRACE[0m [src/cpu.c:244]: RAM size: 0x00001000 read: 0x00000CBC
02:55:32 [94mTRACE[0m [src/cpu.c:465]: Instruction: 0x00000000
02:55:32 [94mTRACE[0m [src/cpu.c:466]: Opcode: 0b00000
02:55:32 [94mTRACE[0m [src/opcodes/shifts.m:3]: [SLL] R0 (0x00000000) = R0 (0x00000000) << 0x00
02:55:32 [94mTRACE[0m [src/cpu.c:244]: RAM size: 0x00001000 read: 0x00000CC0
02:55:32 [94mTRACE[0m [src/cpu.c:465]: Instruction: 0x00000000
02:55:32 [94mTRACE[0m [src/cpu.c:466]: Opcode: 0b00000
02:55:32 [94mTRACE[0m [src/opcodes/shifts.m:3]: [SLL] R0 (0x00000000) = R0 (0x00000000) << 0x00
02:55:32 [94mTRACE[0m [src/cpu.c:244]: RAM size: 0x00001000 read: 0x00000CC4
02:55:32 [94mTRACE[0m [src/cpu.c:465]: Instruction: 0x00000000
02:55:32 [94mTRACE[0m [src/cpu.c:466]: Opcode: 0b00000
02:55:32 [94mTRACE[0m [src/opcodes/shifts.m:3]: [SLL] R0 (0x00000000) = R0 (0x00000000) << 0x00
02:55:32 [94mTRACE[0m [src/cpu.c:244]: RAM size: 0x00001000 read: 0x00000CC8
02:55:32 [94mTRACE[0m [src/cpu.c:465]: Instruction: 0x00000000
02:55:32 [94mTRACE[0m [src/cpu.c:466]: Opcode: 0b00000
02:55:32 [94mTRACE[0m [src/opcodes/shifts.m:3]: [SLL] R0 (0x00000000) = R0 (0x00000000) << 0x00
02:55:32 [94mTRACE[0m [src/cpu.c:244]: RAM size: 0x00001000 read: 0x00000CCC
02:55:32 [94mTRACE[0m [src/cpu.c:465]: Instruction: 0x00000000
02:55:32 [94mTRACE[0m [src/cpu.c:466]: Opcode: 0b00000
02:55:32 [94mTRACE[0m [src/opcodes/shifts.m:3]: [SLL] R0 (0x00000000) = R0 (0x00000000) << 0x00
02:55:32 [94mTRACE[0m [src/cpu.c:244]: RAM size: 0x00001000 read: 0x00000CD0
02:55:32 [94mTRACE[0m [src/cpu.c:465]: Instruction: 0x00000000
02:55:32 [94mTRACE[0m [src/cpu.c:466]: Opcode: 0b00000
02:55:32 [94mTRACE[0m [src/opcodes/shifts.m:3]: [SLL] R0 (0x00000000) = R0 (0x00000000) << 0x00
02:55:32 [94mTRACE[0m [src/cpu.c:244]: RAM size: 0x00001000 read: 0x00000CD4
02:55:32 [94mTRACE[0m [src/cpu.c:465]: Instruction: 0x00000000
02:55:32 [94mTRACE[0m [src/cpu.c:466]: Opcode: 0b00000
02:55:32 [94mTRACE[0m [src/opcodes/shifts.m:3]: [SLL] R0 (0x00000000) = R0 (0x00000000) << 0x00
02:55:32 [94mTRACE[0m [src/cpu.c:244]: RAM size: 0x00001000 read: 0x00000CD8
02:55:32 [94mTRACE[0m [src/cpu.c:465]: Instruction: 0x00000000
02:55:32 [94mTRACE[0m [src/cpu.c:466]: Opcode: 0b00000
02:55:32 [94mTRACE[0m [src/opcodes/shifts.m:3]: [SLL] R0 (0x00000000) = R0 (0x00000000) << 0x00
02:55:32 [94mTRACE[0m [src/cpu.c:244]: RAM size: 0x00001000 read: 0x00000CDC
02:55:32 [94mTRACE[0m [src/cpu.c:465]: Instruction: 0x00000000
02:55:32 [94mTRACE[0m [src/cpu.c:466]: Opcode: 0b00000
02:55:32 [94mTRACE[0m [src/opcodes/shifts.m:3]: [SLL] R0 (0x00000000) = R0 (0x00000000) << 0x00
02:55:32 [94mTRACE[0m [src/cpu.c:244]: RAM size: 0x00001000 read: 0x00000CE0
02:55:32 [94mTRACE[0m [src/cpu.c:465]: Instruction: 0x00000000
02:55:32 [94mTRACE[0m [src/cpu.c:466]: Opcode: 0b00000
02:55:32 [94mTRACE[0m [src/opcodes/shifts.m:3]: [SLL] R0 (0x00000000) = R0 (0x00000000) << 0x00
02:55:32 [94mTRACE[0m [src/cpu.c:244]: RAM size: 0x00001000 read: 0x00000CE4
02:55:32 [94mTRACE[0m [src/cpu.c:465]: Instruction: 0x00000000
02:55:32 [94mTRACE[0m [src/cpu.c:466]: Opcode: 0b00000
02:55:32 [94mTRACE[0m [src/opcodes/shifts.m:3]: [SLL] R0 (0x00000000) = R0 (0x00000000) << 0x00
02:55:32 [94mTRACE[0m [src/cpu.c:244]: RAM size: 0x00001000 read: 0x00000CE8
02:55:32 [94mTRACE[0m [src/cpu.c:465]: Instruction: 0x00000000
02:55:32 [94mTRACE[0m [src/cpu.c:466]: Opcode: 0b00000
02:55:32 [94mTRACE[0m [src/opcodes/shifts.m:3]: [SLL] R0 (0x00000000) = R0 (0x00000000) << 0x00
02:55:32 [94mTRACE[0m [src/cpu.c:244]: RAM size: 0x00001000 read: 0x00000CEC
02:55:32 [94mTRACE[0m [src/cpu.c:465]: Instruction: 0x00000000
02:55:32 [94mTRACE[0m [src/cpu.c:466]: Opcode: 0b00000
02:55:32 [94mTRACE[0m [src/opcodes/shifts.m:3]: [SLL] R0 (0x00000000) = R0 (0x00000000) << 0x00
02:55:32 [94mTRACE[0m [src/cpu.c:244]: RAM size: 0x00001000 read: 0x00000CF0
02:55:32 [94mTRACE[0m [src/cpu.c:465]: Instruction: 0x00000000
02:55:32 [94mTRACE[0m [src/cpu.c:466]: Opcode: 0b00000
02:55:32 [94mTRACE[0m [src/opcodes/shifts.m:3]: [SLL] R0 (0x00000000) = R0 (0x00000000) << 0x00
02:55:32 [94mTRACE[0m [src/cpu.c:244]: RAM size: 0x00001000 read: 0x00000CF4
02:55:32 [94mTRACE[0m [src/cpu.c:465]: Instruction: 0x00000000
02:55:32 [94mTRACE[0m [src/cpu.c:466]: Opcode: 0b00000
02:55:32 [94mTRACE[0m [src/opcodes/shifts.m:3]: [SLL] R0 (0x00000000) = R0 (0x00000000) << 0x00
02:55:32 [94mTRACE[0m [src/cpu.c:244]: RAM size: 0x00001000 read: 0x00000CF8
02:55:32 [94mTRACE[0m [src/cpu.c:465]: Instruction: 0x00000000
02:55:32 [94mTRACE[0m [src/cpu.c:466]: Opcode: 0b00000
02:55:32 [94mTRACE[0m [src/opcodes/shifts.m:3]: [SLL] R0 (0x00000000) = R0 (0x00000000) << 0x00
02:55:32 [94mTRACE[0m [src/cpu.c:244]: RAM size: 0x00001000 read: 0x00000CFC
02:55:32 [94mTRACE[0m [src/cpu.c:465]: Instruction: 0x00000000
02:55:32 [94mTRACE[0m [src/cpu.c:466]: Opcode: 0b00000
02:55:32 [94mTRACE[0m [src/opcodes/shifts.m:3]: [SLL] R0 (0x00000000) = R0 (0x00000000) << 0x00
02:55:32 [94mTRACE[0m [src/cpu.c:244]: RAM size: 0x00001000 read: 0x00000D00
02:55:32 [94mTRACE[0m [src/cpu.c:465]: Instruction: 0x00000000
02:55:32 [94mTRACE[0m [src/cpu.c:466]: Opcode: 0b00000
02:55:32 [94mTRACE[0m [src/opcodes/shifts.m:3]: [SLL] R0 (0x00000000) = R0 (0x00000000) << 0x00
02:55:32 [94mTRACE[0m [src/cpu.c:244]: RAM size: 0x00001000 read: 0x00000D04
02:55:32 [94mTRACE[0m [src/cpu.c:465]: Instruction: 0x00000000
02:55:32 [94mTRACE[0m [src/cpu.c:466]: Opcode: 0b00000
02:55:32 [94mTRACE[0m [src/opcodes/shifts.m:3]: [SLL] R0 (0x00000000) = R0 (0x00000000) << 0x00
02:55:32 [94mTRACE[0m [src/cpu.c:244]: RAM size: 0x00001000 read: 0x00000D08
02:55:32 [94mTRACE[0m [src/cpu.c:465]: Instruction: 0x00000000
02:55:32 [94mTRACE[0m [src/cpu.c:466]: Opcode: 0b00000
02:55:32 [94mTRACE[0m [src/opcodes/shifts.m:3]: [SLL] R0 (0x00000000) = R0 (0x00000000) << 0x00
02:55:32 [94mTRACE[0m [src/cpu.c:244]: RAM size: 0x00001000 read: 0x00000D0C
02:55:32 [94mTRACE[0m [src/cpu.c:465]: Instruction: 0x00000000
02:55:32 [94mTRACE[0m [src/cpu.c:466]: Opcode: 0b00000
02:55:32 [94mTRACE[0m [src/opcodes/shifts.m:3]: [SLL] R0 (0x00000000) = R0 (0x00000000) << 0x00
02:55:32 [94mTRACE[0m [src/cpu.c:244]: RAM size: 0x00001000 read: 0x00000D10
02:55:32 [94mTRACE[0m [src/cpu.c:465]: Instruction: 0x00000000
02:55:32 [94mTRACE[0m [src/cpu.c:466]: Opcode: 0b00000
02:55:32 [94mTRACE[0m [src/opcodes/shifts.m:3]: [SLL] R0 (0x00000000) = R0 (0x00000000) << 0x00
02:55:32 [94mTRACE[0m [src/cpu.c:244]: RAM size: 0x00001000 read: 0x00000D14
02:55:32 [94mTRACE[0m [src/cpu.c:465]: Instruction: 0x00000000
02:55:32 [94mTRACE[0m [src/cpu.c:466]: Opcode: 0b00000
02:55:32 [94mTRACE[0m [src/opcodes/shifts.m:3]: [SLL] R0 (0x00000000) = R0 (0x00000000) << 0x00
02:55:32 [94mTRACE[0m [src/cpu.c:244]: RAM size: 0x00001000 read: 0x00000D18
02:55:32 [94mTRACE[0m [src/cpu.c:465]: Instruction: 0x00000000
02:55:32 [94mTRACE[0m [src/cpu.c:466]: Opcode: 0b00000
02:55:32 [94mTRACE[0m [src/opcodes/shifts.m:3]: [SLL] R0 (0x00000000) = R0 (0x00000000) << 0x00
02:55:32 [94mTRACE[0m [src/cpu.c:244]: RAM size: 0x00001000 read: 0x00000D1C
02:55:32 [94mTRACE[0m [src/cpu.c:465]: Instruction: 0x00000000
02:55:32 [94mTRACE[0m [src/cpu.c:466]: Opcode: 0b00000
02:55:32 [94mTRACE[0m [src/opcodes/shifts.m:3]: [SLL] R0 (0x00000000) = R0 (0x00000000) << 0x00
02:55:32 [94mTRACE[0m [src/cpu.c:244]: RAM size: 0x00001000 read: 0x00000D20
02:55:32 [94mTRACE[0m [src/cpu.c:465]: Instruction: 0x00000000
02:55:32 [94mTRACE[0m [src/cpu.c:466]: Opcode: 0b00000
02:55:32 [94mTRACE[0m [src/opcodes/shifts.m:3]: [SLL] R0 (0x00000000) = R0 (0x00000000) << 0x00
02:55:32 [94mTRACE[0m [src/cpu.c:244]: RAM size: 0x00001000 read: 0x00000D24
02:55:32 [94mTRACE[0m [src/cpu.c:465]: Instruction: 0x00000000
02:55:32 [94mTRACE[0m [src/cpu.c:466]: Opcode: 0b00000
02:55:32 [94mTRACE[0m [src/opcodes/shifts.m:3]: [SLL] R0 (0x00000000) = R0 (0x00000000) << 0x00
02:55:32 [94mTRACE[0m [src/cpu.c:244]: RAM size: 0x00001000 read: 0x00000D28
02:55:32 [94mTRACE[0m [src/cpu.c:465]: Instruction: 0x00000000
02:55:32 [94mTRACE[0m [src/cpu.c:466]: Opcode: 0b00000
02:55:32 [94mTRACE[0m [src/opcodes/shifts.m:3]: [SLL] R0 (0x00000000) = R0 (0x00000000) << 0x00
02:55:32 [94mTRACE[0m [src/cpu.c:244]: RAM size: 0x00001000 read: 0x00000D2C
02:55:32 [94mTRACE[0m [src/cpu.c:465]: Instruction: 0x00000000
02:55:32 [94mTRACE[0m [src/cpu.c:466]: Opcode: 0b00000
02:55:32 [94mTRACE[0m [src/opcodes/shifts.m:3]: [SLL] R0 (0x00000000) = R0 (0x00000000) << 0x00
02:55:32 [94mTRACE[0m [src/cpu.c:244]: RAM size: 0x00001000 read: 0x00000D30
02:55:32 [94mTRACE[0m [src/cpu.c:465]: Instruction: 0x00000000
02:55:32 [94mTRACE[0m [src/cpu.c:466]: Opcode: 0b00000
02:55:32 [94mTRACE[0m [src/opcodes/shifts.m:3]: [SLL] R0 (0x00000000) = R0 (0x00000000) << 0x00
02:55:32 [94mTRACE[0m [src/cpu.c:244]: RAM size: 0x00001000 read: 0x00000D34
02:55:32 [94mTRACE[0m [src/cpu.c:465]: Instruction: 0x00000000
02:55:32 [94mTRACE[0m [src/cpu.c:466]: Opcode: 0b00000
02:55:32 [94mTRACE[0m [src/opcodes/shifts.m:3]: [SLL] R0 (0x00000000) = R0 (0x00000000) << 0x00
02:55:32 [94mTRACE[0m [src/cpu.c:244]: RAM size: 0x00001000 read: 0x00000D38
02:55:32 [94mTRACE[0m [src/cpu.c:465]: Instruction: 0x00000000
02:55:32 [94mTRACE[0m [src/cpu.c:466]: Opcode: 0b00000
02:55:32 [94mTRACE[0m [src/opcodes/shifts.m:3]: [SLL] R0 (0x00000000) = R0 (0x00000000) << 0x00
02:55:32 [94mTRACE[0m [src/cpu.c:244]: RAM size: 0x00001000 read: 0x00000D3C
02:55:32 [94mTRACE[0m [src/cpu.c:465]: Instruction: 0x00000000
02:55:32 [94mTRACE[0m [src/cpu.c:466]: Opcode: 0b00000
02:55:32 [94mTRACE[0m [src/opcodes/shifts.m:3]: [SLL] R0 (0x00000000) = R0 (0x00000000) << 0x00
02:55:32 [94mTRACE[0m [src/cpu.c:244]: RAM size: 0x00001000 read: 0x00000D40
02:55:32 [94mTRACE[0m [src/cpu.c:465]: Instruction: 0x00000000
02:55:32 [94mTRACE[0m [src/cpu.c:466]: Opcode: 0b00000
02:55:32 [94mTRACE[0m [src/opcodes/shifts.m:3]: [SLL] R0 (0x00000000) = R0 (0x00000000) << 0x00
02:55:32 [94mTRACE[0m [src/cpu.c:244]: RAM size: 0x00001000 read: 0x00000D44
02:55:32 [94mTRACE[0m [src/cpu.c:465]: Instruction: 0x00000000
02:55:32 [94mTRACE[0m [src/cpu.c:466]: Opcode: 0b00000
02:55:32 [94mTRACE[0m [src/opcodes/shifts.m:3]: [SLL] R0 (0x00000000) = R0 (0x00000000) << 0x00
02:55:32 [94mTRACE[0m [src/cpu.c:244]: RAM size: 0x00001000 read: 0x00000D48
02:55:32 [94mTRACE[0m [src/cpu.c:465]: Instruction: 0x00000000
02:55:32 [94mTRACE[0m [src/cpu.c:466]: Opcode: 0b00000
02:55:32 [94mTRACE[0m [src/opcodes/shifts.m:3]: [SLL] R0 (0x00000000) = R0 (0x00000000) << 0x00
02:55:32 [94mTRACE[0m [src/cpu.c:244]: RAM size: 0x00001000 read: 0x00000D4C
02:55:32 [94mTRACE[0m [src/cpu.c:465]: Instruction: 0x00000000
02:55:32 [94mTRACE[0m [src/cpu.c:466]: Opcode: 0b00000
02:55:32 [94mTRACE[0m [src/opcodes/shifts.m:3]: [SLL] R0 (0x00000000) = R0 (0x00000000) << 0x00
02:55:32 [94mTRACE[0m [src/cpu.c:244]: RAM size: 0x00001000 read: 0x00000D50
02:55:32 [94mTRACE[0m [src/cpu.c:465]: Instruction: 0x00000000
02:55:32 [94mTRACE[0m [src/cpu.c:466]: Opcode: 0b00000
02:55:32 [94mTRACE[0m [src/opcodes/shifts.m:3]: [SLL] R0 (0x00000000) = R0 (0x00000000) << 0x00
02:55:32 [94mTRACE[0m [src/cpu.c:244]: RAM size: 0x00001000 read: 0x00000D54
02:55:32 [94mTRACE[0m [src/cpu.c:465]: Instruction: 0x00000000
02:55:32 [94mTRACE[0m [src/cpu.c:466]: Opcode: 0b00000
02:55:32 [94mTRACE[0m [src/opcodes/shifts.m:3]: [SLL] R0 (0x00000000) = R0 (0x00000000) << 0x00
02:55:32 [94mTRACE[0m [src/cpu.c:244]: RAM size: 0x00001000 read: 0x00000D58
02:55:32 [94mTRACE[0m [src/cpu.c:465]: Instruction: 0x00000000
02:55:32 [94mTRACE[0m [src/cpu.c:466]: Opcode: 0b00000
02:55:32 [94mTRACE[0m [src/opcodes/shifts.m:3]: [SLL] R0 (0x00000000) = R0 (0x00000000) << 0x00
02:55:32 [94mTRACE[0m [src/cpu.c:244]: RAM size: 0x00001000 read: 0x00000D5C
02:55:32 [94mTRACE[0m [src/cpu.c:465]: Instruction: 0x00000000
02:55:32 [94mTRACE[0m [src/cpu.c:466]: Opcode: 0b00000
02:55:32 [94mTRACE[0m [src/opcodes/shifts.m:3]: [SLL] R0 (0x00000000) = R0 (0x00000000) << 0x00
02:55:32 [94mTRACE[0m [src/cpu.c:244]: RAM size: 0x00001000 read: 0x00000D60
02:55:32 [94mTRACE[0m [src/cpu.c:465]: Instruction: 0x00000000
02:55:32 [94mTRACE[0m [src/cpu.c:466]: Opcode: 0b00000
02:55:32 [94mTRACE[0m [src/opcodes/shifts.m:3]: [SLL] R0 (0x00000000) = R0 (0x00000000) << 0x00
02:55:32 [94mTRACE[0m [src/cpu.c:244]: RAM size: 0x00001000 read: 0x00000D64
02:55:32 [94mTRACE[0m [src/cpu.c:465]: Instruction: 0x00000000
02:55:32 [94mTRACE[0m [src/cpu.c:466]: Opcode: 0b00000
02:55:32 [94mTRACE[0m [src/opcodes/shifts.m:3]: [SLL] R0 (0x00000000) = R0 (0x00000000) << 0x00
02:55:32 [94mTRACE[0m [src/cpu.c:244]: RAM size: 0x00001000 read: 0x00000D68
02:55:32 [94mTRACE[0m [src/cpu.c:465]: Instruction: 0x00000000
02:55:32 [94mTRACE[0m [src/cpu.c:466]: Opcode: 0b00000
02:55:32 [94mTRACE[0m [src/opcodes/shifts.m:3]: [SLL] R0 (0x00000000) = R0 (0x00000000) << 0x00
02:55:32 [94mTRACE[0m [src/cpu.c:244]: RAM size: 0x00001000 read: 0x00000D6C
02:55:32 [94mTRACE[0m [src/cpu.c:465]: Instruction: 0x00000000
02:55:32 [94mTRACE[0m [src/cpu.c:466]: Opcode: 0b00000
02:55:32 [94mTRACE[0m [src/opcodes/shifts.m:3]: [SLL] R0 (0x00000000) = R0 (0x00000000) << 0x00
02:55:32 [94mTRACE[0m [src/cpu.c:244]: RAM size: 0x00001000 read: 0x00000D70
02:55:32 [94mTRACE[0m [src/cpu.c:465]: Instruction: 0x00000000
02:55:32 [94mTRACE[0m [src/cpu.c:466]: Opcode: 0b00000
02:55:32 [94mTRACE[0m [src/opcodes/shifts.m:3]: [SLL] R0 (0x00000000) = R0 (0x00000000) << 0x00
02:55:32 [94mTRACE[0m [src/cpu.c:244]: RAM size: 0x00001000 read: 0x00000D74
02:55:32 [94mTRACE[0m [src/cpu.c:465]: Instruction: 0x00000000
02:55:32 [94mTRACE[0m [src/cpu.c:466]: Opcode: 0b00000
02:55:32 [94mTRACE[0m [src/opcodes/shifts.m:3]: [SLL] R0 (0x00000000) = R0 (0x00000000) << 0x00
02:55:32 [94mTRACE[0m [src/cpu.c:244]: RAM size: 0x00001000 read: 0x00000D78
02:55:32 [94mTRACE[0m [src/cpu.c:465]: Instruction: 0x00000000
02:55:32 [94mTRACE[0m [src/cpu.c:466]: Opcode: 0b00000
02:55:32 [94mTRACE[0m [src/opcodes/shifts.m:3]: [SLL] R0 (0x00000000) = R0 (0x00000000) << 0x00
02:55:32 [94mTRACE[0m [src/cpu.c:244]: RAM size: 0x00001000 read: 0x00000D7C
02:55:32 [94mTRACE[0m [src/cpu.c:465]: Instruction: 0x00000000
02:55:32 [94mTRACE[0m [src/cpu.c:466]: Opcode: 0b00000
02:55:32 [94mTRACE[0m [src/opcodes/shifts.m:3]: [SLL] R0 (0x00000000) = R0 (0x00000000) << 0x00
02:55:32 [94mTRACE[0m [src/cpu.c:244]: RAM size: 0x00001000 read: 0x00000D80
02:55:32 [94mTRACE[0m [src/cpu.c:465]: Instruction: 0x00000000
02:55:32 [94mTRACE[0m [src/cpu.c:466]: Opcode: 0b00000
02:55:32 [94mTRACE[0m [src/opcodes/shifts.m:3]: [SLL] R0 (0x00000000) = R0 (0x00000000) << 0x00
02:55:32 [94mTRACE[0m [src/cpu.c:244]: RAM size: 0x00001000 read: 0x00000D84
02:55:32 [94mTRACE[0m [src/cpu.c:465]: Instruction: 0x00000000
02:55:32 [94mTRACE[0m [src/cpu.c:466]: Opcode: 0b00000
02:55:32 [94mTRACE[0m [src/opcodes/shifts.m:3]: [SLL] R0 (0x00000000) = R0 (0x00000000) << 0x00
02:55:32 [94mTRACE[0m [src/cpu.c:244]: RAM size: 0x00001000 read: 0x00000D88
02:55:32 [94mTRACE[0m [src/cpu.c:465]: Instruction: 0x00000000
02:55:32 [94mTRACE[0m [src/cpu.c:466]: Opcode: 0b00000
02:55:32 [94mTRACE[0m [src/opcodes/shifts.m:3]: [SLL] R0 (0x00000000) = R0 (0x00000000) << 0x00
02:55:32 [94mTRACE[0m [src/cpu.c:244]: RAM size: 0x00001000 read: 0x00000D8C
02:55:32 [94mTRACE[0m [src/cpu.c:465]: Instruction: 0x00000000
02:55:32 [94mTRACE[0m [src/cpu.c:466]: Opcode: 0b00000
02:55:32 [94mTRACE[0m [src/opcodes/shifts.m:3]: [SLL] R0 (0x00000000) = R0 (0x00000000) << 0x00
02:55:32 [94mTRACE[0m [src/cpu.c:244]: RAM size: 0x00001000 read: 0x00000D90
02:55:32 [94mTRACE[0m [src/cpu.c:465]: Instruction: 0x00000000
02:55:32 [94mTRACE[0m [src/cpu.c:466]: Opcode: 0b00000
02:55:32 [94mTRACE[0m [src/opcodes/shifts.m:3]: [SLL] R0 (0x00000000) = R0 (0x00000000) << 0x00
02:55:32 [94mTRACE[0m [src/cpu.c:244]: RAM size: 0x00001000 read: 0x00000D94
02:55:32 [94mTRACE[0m [src/cpu.c:465]: Instruction: 0x00000000
02:55:32 [94mTRACE[0m [src/cpu.c:466]: Opcode: 0b00000
02:55:32 [94mTRACE[0m [src/opcodes/shifts.m:3]: [SLL] R0 (0x00000000) = R0 (0x00000000) << 0x00
02:55:32 [94mTRACE[0m [src/cpu.c:244]: RAM size: 0x00001000 read: 0x00000D98
02:55:32 [94mTRACE[0m [src/cpu.c:465]: Instruction: 0x00000000
02:55:32 [94mTRACE[0m [src/cpu.c:466]: Opcode: 0b00000
02:55:32 [94mTRACE[0m [src/opcodes/shifts.m:3]: [SLL] R0 (0x00000000) = R0 (0x00000000) << 0x00
02:55:32 [94mTRACE[0m [src/cpu.c:244]: RAM size: 0x00001000 read: 0x00000D9C
02:55:32 [94mTRACE[0m [src/cpu.c:465]: Instruction: 0x00000000
02:55:32 [94mTRACE[0m [src/cpu.c:466]: Opcode: 0b00000
02:55:32 [94mTRACE[0m [src/opcodes/shifts.m:3]: [SLL] R0 (0x00000000) = R0 (0x00000000) << 0x00
02:55:32 [94mTRACE[0m [src/cpu.c:244]: RAM size: 0x00001000 read: 0x00000DA0
02:55:32 [94mTRACE[0m [src/cpu.c:465]: Instruction: 0x00000000
02:55:32 [94mTRACE[0m [src/cpu.c:466]: Opcode: 0b00000
02:55:32 [94mTRACE[0m [src/opcodes/shifts.m:3]: [SLL] R0 (0x00000000) = R0 (0x00000000) << 0x00
02:55:32 [94mTRACE[0m [src/cpu.c:244]: RAM size: 0x00001000 read: 0x00000DA4
02:55:32 [94mTRACE[0m [src/cpu.c:465]: Instruction: 0x00000000
02:55:32 [94mTRACE[0m [src/cpu.c:466]: Opcode: 0b00000
02:55:32 [94mTRACE[0m [src/opcodes/shifts.m:3]: [SLL] R0 (0x00000000) = R0 (0x00000000) << 0x00
02:55:32 [94mTRACE[0m [src/cpu.c:244]: RAM size: 0x00001000 read: 0x00000DA8
02:55:32 [94mTRACE[0m [src/cpu.c:465]: Instruction: 0x00000000
02:55:32 [94mTRACE[0m [src/cpu.c:466]: Opcode: 0b00000
02:55:32 [94mTRACE[0m [src/opcodes/shifts.m:3]: [SLL] R0 (0x00000000) = R0 (0x00000000) << 0x00
02:55:32 [94mTRACE[0m [src/cpu.c:244]: RAM size: 0x00001000 read: 0x00000DAC
02:55:32 [94mTRACE[0m [src/cpu.c:465]: Instruction: 0x00000000
02:55:32 [94mTRACE[0m [src/cpu.c:466]: Opcode: 0b00000
02:55:32 [94mTRACE[0m [src/opcodes/shifts.m:3]: [SLL] R0 (0x00000000) = R0 (0x00000000) << 0x00
02:55:32 [94mTRACE[0m [src/cpu.c:244]: RAM size: 0x00001000 read: 0x00000DB0
02:55:32 [94mTRACE[0m [src/cpu.c:465]: Instruction: 0x00000000
02:55:32 [94mTRACE[0m [src/cpu.c:466]: Opcode: 0b00000
02:55:32 [94mTRACE[0m [src/opcodes/shifts.m:3]: [SLL] R0 (0x00000000) = R0 (0x00000000) << 0x00
02:55:32 [94mTRACE[0m [src/cpu.c:244]: RAM size: 0x00001000 read: 0x00000DB4
02:55:32 [94mTRACE[0m [src/cpu.c:465]: Instruction: 0x00000000
02:55:32 [94mTRACE[0m [src/cpu.c:466]: Opcode: 0b00000
02:55:32 [94mTRACE[0m [src/opcodes/shifts.m:3]: [SLL] R0 (0x00000000) = R0 (0x00000000) << 0x00
02:55:32 [94mTRACE[0m [src/cpu.c:244]: RAM size: 0x00001000 read: 0x00000DB8
02:55:32 [94mTRACE[0m [src/cpu.c:465]: Instruction: 0x00000000
02:55:32 [94mTRACE[0m [src/cpu.c:466]: Opcode: 0b00000
02:55:32 [94mTRACE[0m [src/opcodes/shifts.m:3]: [SLL] R0 (0x00000000) = R0 (0x00000000) << 0x00
02:55:32 [94mTRACE[0m [src/cpu.c:244]: RAM size: 0x00001000 read: 0x00000DBC
02:55:32 [94mTRACE[0m [src/cpu.c:465]: Instruction: 0x00000000
02:55:32 [94mTRACE[0m [src/cpu.c:466]: Opcode: 0b00000
02:55:32 [94mTRACE[0m [src/opcodes/shifts.m:3]: [SLL] R0 (0x00000000) = R0 (0x00000000) << 0x00
02:55:32 [94mTRACE[0m [src/cpu.c:244]: RAM size: 0x00001000 read: 0x00000DC0
02:55:32 [94mTRACE[0m [src/cpu.c:465]: Instruction: 0x00000000
02:55:32 [94mTRACE[0m [src/cpu.c:466]: Opcode: 0b00000
02:55:32 [94mTRACE[0m [src/opcodes/shifts.m:3]: [SLL] R0 (0x00000000) = R0 (0x00000000) << 0x00
02:55:32 [94mTRACE[0m [src/cpu.c:244]: RAM size: 0x00001000 read: 0x00000DC4
02:55:32 [94mTRACE[0m [src/cpu.c:465]: Instruction: 0x00000000
02:55:32 [94mTRACE[0m [src/cpu.c:466]: Opcode: 0b00000
02:55:32 [94mTRACE[0m [src/opcodes/shifts.m:3]: [SLL] R0 (0x00000000) = R0 (0x00000000) << 0x00
02:55:32 [94mTRACE[0m [src/cpu.c:244]: RAM size: 0x00001000 read: 0x00000DC8
02:55:32 [94mTRACE[0m [src/cpu.c:465]: Instruction: 0x00000000
02:55:32 [94mTRACE[0m [src/cpu.c:466]: Opcode: 0b00000
02:55:32 [94mTRACE[0m [src/opcodes/shifts.m:3]: [SLL] R0 (0x00000000) = R0 (0x00000000) << 0x00
02:55:32 [94mTRACE[0m [src/cpu.c:244]: RAM size: 0x00001000 read: 0x00000DCC
02:55:32 [94mTRACE[0m [src/cpu.c:465]: Instruction: 0x00000000
02:55:32 [94mTRACE[0m [src/cpu.c:466]: Opcode: 0b00000
02:55:32 [94mTRACE[0m [src/opcodes/shifts.m:3]: [SLL] R0 (0x00000000) = R0 (0x00000000) << 0x00
02:55:32 [94mTRACE[0m [src/cpu.c:244]: RAM size: 0x00001000 read: 0x00000DD0
02:55:32 [94mTRACE[0m [src/cpu.c:465]: Instruction: 0x00000000
02:55:32 [94mTRACE[0m [src/cpu.c:466]: Opcode: 0b00000
02:55:32 [94mTRACE[0m [src/opcodes/shifts.m:3]: [SLL] R0 (0x00000000) = R0 (0x00000000) << 0x00
02:55:32 [94mTRACE[0m [src/cpu.c:244]: RAM size: 0x00001000 read: 0x00000DD4
02:55:32 [94mTRACE[0m [src/cpu.c:465]: Instruction: 0x00000000
02:55:32 [94mTRACE[0m [src/cpu.c:466]: Opcode: 0b00000
02:55:32 [94mTRACE[0m [src/opcodes/shifts.m:3]: [SLL] R0 (0x00000000) = R0 (0x00000000) << 0x00
02:55:32 [94mTRACE[0m [src/cpu.c:244]: RAM size: 0x00001000 read: 0x00000DD8
02:55:32 [94mTRACE[0m [src/cpu.c:465]: Instruction: 0x00000000
02:55:32 [94mTRACE[0m [src/cpu.c:466]: Opcode: 0b00000
02:55:32 [94mTRACE[0m [src/opcodes/shifts.m:3]: [SLL] R0 (0x00000000) = R0 (0x00000000) << 0x00
02:55:32 [94mTRACE[0m [src/cpu.c:244]: RAM size: 0x00001000 read: 0x00000DDC
02:55:32 [94mTRACE[0m [src/cpu.c:465]: Instruction: 0x00000000
02:55:32 [94mTRACE[0m [src/cpu.c:466]: Opcode: 0b00000
02:55:32 [94mTRACE[0m [src/opcodes/shifts.m:3]: [SLL] R0 (0x00000000) = R0 (0x00000000) << 0x00
02:55:32 [94mTRACE[0m [src/cpu.c:244]: RAM size: 0x00001000 read: 0x00000DE0
02:55:32 [94mTRACE[0m [src/cpu.c:465]: Instruction: 0x00000000
02:55:32 [94mTRACE[0m [src/cpu.c:466]: Opcode: 0b00000
02:55:32 [94mTRACE[0m [src/opcodes/shifts.m:3]: [SLL] R0 (0x00000000) = R0 (0x00000000) << 0x00
02:55:32 [94mTRACE[0m [src/cpu.c:244]: RAM size: 0x00001000 read: 0x00000DE4
02:55:32 [94mTRACE[0m [src/cpu.c:465]: Instruction: 0x00000000
02:55:32 [94mTRACE[0m [src/cpu.c:466]: Opcode: 0b00000
02:55:32 [94mTRACE[0m [src/opcodes/shifts.m:3]: [SLL] R0 (0x00000000) = R0 (0x00000000) << 0x00
02:55:32 [94mTRACE[0m [src/cpu.c:244]: RAM size: 0x00001000 read: 0x00000DE8
02:55:32 [94mTRACE[0m [src/cpu.c:465]: Instruction: 0x00000000
02:55:32 [94mTRACE[0m [src/cpu.c:466]: Opcode: 0b00000
02:55:32 [94mTRACE[0m [src/opcodes/shifts.m:3]: [SLL] R0 (0x00000000) = R0 (0x00000000) << 0x00
02:55:32 [94mTRACE[0m [src/cpu.c:244]: RAM size: 0x00001000 read: 0x00000DEC
02:55:32 [94mTRACE[0m [src/cpu.c:465]: Instruction: 0x00000000
02:55:32 [94mTRACE[0m [src/cpu.c:466]: Opcode: 0b00000
02:55:32 [94mTRACE[0m [src/opcodes/shifts.m:3]: [SLL] R0 (0x00000000) = R0 (0x00000000) << 0x00
02:55:32 [94mTRACE[0m [src/cpu.c:244]: RAM size: 0x00001000 read: 0x00000DF0
02:55:32 [94mTRACE[0m [src/cpu.c:465]: Instruction: 0x00000000
02:55:32 [94mTRACE[0m [src/cpu.c:466]: Opcode: 0b00000
02:55:32 [94mTRACE[0m [src/opcodes/shifts.m:3]: [SLL] R0 (0x00000000) = R0 (0x00000000) << 0x00
02:55:32 [94mTRACE[0m [src/cpu.c:244]: RAM size: 0x00001000 read: 0x00000DF4
02:55:32 [94mTRACE[0m [src/cpu.c:465]: Instruction: 0x00000000
02:55:32 [94mTRACE[0m [src/cpu.c:466]: Opcode: 0b00000
02:55:32 [94mTRACE[0m [src/opcodes/shifts.m:3]: [SLL] R0 (0x00000000) = R0 (0x00000000) << 0x00
02:55:32 [94mTRACE[0m [src/cpu.c:244]: RAM size: 0x00001000 read: 0x00000DF8
02:55:32 [94mTRACE[0m [src/cpu.c:465]: Instruction: 0x00000000
02:55:32 [94mTRACE[0m [src/cpu.c:466]: Opcode: 0b00000
02:55:32 [94mTRACE[0m [src/opcodes/shifts.m:3]: [SLL] R0 (0x00000000) = R0 (0x00000000) << 0x00
02:55:32 [94mTRACE[0m [src/cpu.c:244]: RAM size: 0x00001000 read: 0x00000DFC
02:55:32 [94mTRACE[0m [src/cpu.c:465]: Instruction: 0x00000000
02:55:32 [94mTRACE[0m [src/cpu.c:466]: Opcode: 0b00000
02:55:32 [94mTRACE[0m [src/opcodes/shifts.m:3]: [SLL] R0 (0x00000000) = R0 (0x00000000) << 0x00
02:55:32 [94mTRACE[0m [src/cpu.c:244]: RAM size: 0x00001000 read: 0x00000E00
02:55:32 [94mTRACE[0m [src/cpu.c:465]: Instruction: 0x00000000
02:55:32 [94mTRACE[0m [src/cpu.c:466]: Opcode: 0b00000
02:55:32 [94mTRACE[0m [src/opcodes/shifts.m:3]: [SLL] R0 (0x00000000) = R0 (0x00000000) << 0x00
02:55:32 [94mTRACE[0m [src/cpu.c:244]: RAM size: 0x00001000 read: 0x00000E04
02:55:32 [94mTRACE[0m [src/cpu.c:465]: Instruction: 0x00000000
02:55:32 [94mTRACE[0m [src/cpu.c:466]: Opcode: 0b00000
02:55:32 [94mTRACE[0m [src/opcodes/shifts.m:3]: [SLL] R0 (0x00000000) = R0 (0x00000000) << 0x00
02:55:32 [94mTRACE[0m [src/cpu.c:244]: RAM size: 0x00001000 read: 0x00000E08
02:55:32 [94mTRACE[0m [src/cpu.c:465]: Instruction: 0x00000000
02:55:32 [94mTRACE[0m [src/cpu.c:466]: Opcode: 0b00000
02:55:32 [94mTRACE[0m [src/opcodes/shifts.m:3]: [SLL] R0 (0x00000000) = R0 (0x00000000) << 0x00
02:55:32 [94mTRACE[0m [src/cpu.c:244]: RAM size: 0x00001000 read: 0x00000E0C
02:55:32 [94mTRACE[0m [src/cpu.c:465]: Instruction: 0x00000000
02:55:32 [94mTRACE[0m [src/cpu.c:466]: Opcode: 0b00000
02:55:32 [94mTRACE[0m [src/opcodes/shifts.m:3]: [SLL] R0 (0x00000000) = R0 (0x00000000) << 0x00
02:55:32 [94mTRACE[0m [src/cpu.c:244]: RAM size: 0x00001000 read: 0x00000E10
02:55:32 [94mTRACE[0m [src/cpu.c:465]: Instruction: 0x00000000
02:55:32 [94mTRACE[0m [src/cpu.c:466]: Opcode: 0b00000
02:55:32 [94mTRACE[0m [src/opcodes/shifts.m:3]: [SLL] R0 (0x00000000) = R0 (0x00000000) << 0x00
02:55:32 [94mTRACE[0m [src/cpu.c:244]: RAM size: 0x00001000 read: 0x00000E14
02:55:32 [94mTRACE[0m [src/cpu.c:465]: Instruction: 0x00000000
02:55:32 [94mTRACE[0m [src/cpu.c:466]: Opcode: 0b00000
02:55:32 [94mTRACE[0m [src/opcodes/shifts.m:3]: [SLL] R0 (0x00000000) = R0 (0x00000000) << 0x00
02:55:32 [94mTRACE[0m [src/cpu.c:244]: RAM size: 0x00001000 read: 0x00000E18
02:55:32 [94mTRACE[0m [src/cpu.c:465]: Instruction: 0x00000000
02:55:32 [94mTRACE[0m [src/cpu.c:466]: Opcode: 0b00000
02:55:32 [94mTRACE[0m [src/opcodes/shifts.m:3]: [SLL] R0 (0x00000000) = R0 (0x00000000) << 0x00
02:55:32 [94mTRACE[0m [src/cpu.c:244]: RAM size: 0x00001000 read: 0x00000E1C
02:55:32 [94mTRACE[0m [src/cpu.c:465]: Instruction: 0x00000000
02:55:32 [94mTRACE[0m [src/cpu.c:466]: Opcode: 0b00000
02:55:32 [94mTRACE[0m [src/opcodes/shifts.m:3]: [SLL] R0 (0x00000000) = R0 (0x00000000) << 0x00
02:55:32 [94mTRACE[0m [src/cpu.c:244]: RAM size: 0x00001000 read: 0x00000E20
02:55:32 [94mTRACE[0m [src/cpu.c:465]: Instruction: 0x00000000
02:55:32 [94mTRACE[0m [src/cpu.c:466]: Opcode: 0b00000
02:55:32 [94mTRACE[0m [src/opcodes/shifts.m:3]: [SLL] R0 (0x00000000) = R0 (0x00000000) << 0x00
02:55:32 [94mTRACE[0m [src/cpu.c:244]: RAM size: 0x00001000 read: 0x00000E24
02:55:32 [94mTRACE[0m [src/cpu.c:465]: Instruction: 0x00000000
02:55:32 [94mTRACE[0m [src/cpu.c:466]: Opcode: 0b00000
02:55:32 [94mTRACE[0m [src/opcodes/shifts.m:3]: [SLL] R0 (0x00000000) = R0 (0x00000000) << 0x00
02:55:32 [94mTRACE[0m [src/cpu.c:244]: RAM size: 0x00001000 read: 0x00000E28
02:55:32 [94mTRACE[0m [src/cpu.c:465]: Instruction: 0x00000000
02:55:32 [94mTRACE[0m [src/cpu.c:466]: Opcode: 0b00000
02:55:32 [94mTRACE[0m [src/opcodes/shifts.m:3]: [SLL] R0 (0x00000000) = R0 (0x00000000) << 0x00
02:55:32 [94mTRACE[0m [src/cpu.c:244]: RAM size: 0x00001000 read: 0x00000E2C
02:55:32 [94mTRACE[0m [src/cpu.c:465]: Instruction: 0x00000000
02:55:32 [94mTRACE[0m [src/cpu.c:466]: Opcode: 0b00000
02:55:32 [94mTRACE[0m [src/opcodes/shifts.m:3]: [SLL] R0 (0x00000000) = R0 (0x00000000) << 0x00
02:55:32 [94mTRACE[0m [src/cpu.c:244]: RAM size: 0x00001000 read: 0x00000E30
02:55:32 [94mTRACE[0m [src/cpu.c:465]: Instruction: 0x00000000
02:55:32 [94mTRACE[0m [src/cpu.c:466]: Opcode: 0b00000
02:55:32 [94mTRACE[0m [src/opcodes/shifts.m:3]: [SLL] R0 (0x00000000) = R0 (0x00000000) << 0x00
02:55:32 [94mTRACE[0m [src/cpu.c:244]: RAM size: 0x00001000 read: 0x00000E34
02:55:32 [94mTRACE[0m [src/cpu.c:465]: Instruction: 0x00000000
02:55:32 [94mTRACE[0m [src/cpu.c:466]: Opcode: 0b00000
02:55:32 [94mTRACE[0m [src/opcodes/shifts.m:3]: [SLL] R0 (0x00000000) = R0 (0x00000000) << 0x00
02:55:32 [94mTRACE[0m [src/cpu.c:244]: RAM size: 0x00001000 read: 0x00000E38
02:55:32 [94mTRACE[0m [src/cpu.c:465]: Instruction: 0x00000000
02:55:32 [94mTRACE[0m [src/cpu.c:466]: Opcode: 0b00000
02:55:32 [94mTRACE[0m [src/opcodes/shifts.m:3]: [SLL] R0 (0x00000000) = R0 (0x00000000) << 0x00
02:55:32 [94mTRACE[0m [src/cpu.c:244]: RAM size: 0x00001000 read: 0x00000E3C
02:55:32 [94mTRACE[0m [src/cpu.c:465]: Instruction: 0x00000000
02:55:32 [94mTRACE[0m [src/cpu.c:466]: Opcode: 0b00000
02:55:32 [94mTRACE[0m [src/opcodes/shifts.m:3]: [SLL] R0 (0x00000000) = R0 (0x00000000) << 0x00
02:55:32 [94mTRACE[0m [src/cpu.c:244]: RAM size: 0x00001000 read: 0x00000E40
02:55:32 [94mTRACE[0m [src/cpu.c:465]: Instruction: 0x00000000
02:55:32 [94mTRACE[0m [src/cpu.c:466]: Opcode: 0b00000
02:55:32 [94mTRACE[0m [src/opcodes/shifts.m:3]: [SLL] R0 (0x00000000) = R0 (0x00000000) << 0x00
02:55:32 [94mTRACE[0m [src/cpu.c:244]: RAM size: 0x00001000 read: 0x00000E44
02:55:32 [94mTRACE[0m [src/cpu.c:465]: Instruction: 0x00000000
02:55:32 [94mTRACE[0m [src/cpu.c:466]: Opcode: 0b00000
02:55:32 [94mTRACE[0m [src/opcodes/shifts.m:3]: [SLL] R0 (0x00000000) = R0 (0x00000000) << 0x00
02:55:32 [94mTRACE[0m [src/cpu.c:244]: RAM size: 0x00001000 read: 0x00000E48
02:55:32 [94mTRACE[0m [src/cpu.c:465]: Instruction: 0x00000000
02:55:32 [94mTRACE[0m [src/cpu.c:466]: Opcode: 0b00000
02:55:32 [94mTRACE[0m [src/opcodes/shifts.m:3]: [SLL] R0 (0x00000000) = R0 (0x00000000) << 0x00
02:55:32 [94mTRACE[0m [src/cpu.c:244]: RAM size: 0x00001000 read: 0x00000E4C
02:55:32 [94mTRACE[0m [src/cpu.c:465]: Instruction: 0x00000000
02:55:32 [94mTRACE[0m [src/cpu.c:466]: Opcode: 0b00000
02:55:32 [94mTRACE[0m [src/opcodes/shifts.m:3]: [SLL] R0 (0x00000000) = R0 (0x00000000) << 0x00
02:55:32 [94mTRACE[0m [src/cpu.c:244]: RAM size: 0x00001000 read: 0x00000E50
02:55:32 [94mTRACE[0m [src/cpu.c:465]: Instruction: 0x00000000
02:55:32 [94mTRACE[0m [src/cpu.c:466]: Opcode: 0b00000
02:55:32 [94mTRACE[0m [src/opcodes/shifts.m:3]: [SLL] R0 (0x00000000) = R0 (0x00000000) << 0x00
02:55:32 [94mTRACE[0m [src/cpu.c:244]: RAM size: 0x00001000 read: 0x00000E54
02:55:32 [94mTRACE[0m [src/cpu.c:465]: Instruction: 0x00000000
02:55:32 [94mTRACE[0m [src/cpu.c:466]: Opcode: 0b00000
02:55:32 [94mTRACE[0m [src/opcodes/shifts.m:3]: [SLL] R0 (0x00000000) = R0 (0x00000000) << 0x00
02:55:32 [94mTRACE[0m [src/cpu.c:244]: RAM size: 0x00001000 read: 0x00000E58
02:55:32 [94mTRACE[0m [src/cpu.c:465]: Instruction: 0x00000000
02:55:32 [94mTRACE[0m [src/cpu.c:466]: Opcode: 0b00000
02:55:32 [94mTRACE[0m [src/opcodes/shifts.m:3]: [SLL] R0 (0x00000000) = R0 (0x00000000) << 0x00
02:55:32 [94mTRACE[0m [src/cpu.c:244]: RAM size: 0x00001000 read: 0x00000E5C
02:55:32 [94mTRACE[0m [src/cpu.c:465]: Instruction: 0x00000000
02:55:32 [94mTRACE[0m [src/cpu.c:466]: Opcode: 0b00000
02:55:32 [94mTRACE[0m [src/opcodes/shifts.m:3]: [SLL] R0 (0x00000000) = R0 (0x00000000) << 0x00
02:55:32 [94mTRACE[0m [src/cpu.c:244]: RAM size: 0x00001000 read: 0x00000E60
02:55:32 [94mTRACE[0m [src/cpu.c:465]: Instruction: 0x00000000
02:55:32 [94mTRACE[0m [src/cpu.c:466]: Opcode: 0b00000
02:55:32 [94mTRACE[0m [src/opcodes/shifts.m:3]: [SLL] R0 (0x00000000) = R0 (0x00000000) << 0x00
02:55:32 [94mTRACE[0m [src/cpu.c:244]: RAM size: 0x00001000 read: 0x00000E64
02:55:32 [94mTRACE[0m [src/cpu.c:465]: Instruction: 0x00000000
02:55:32 [94mTRACE[0m [src/cpu.c:466]: Opcode: 0b00000
02:55:32 [94mTRACE[0m [src/opcodes/shifts.m:3]: [SLL] R0 (0x00000000) = R0 (0x00000000) << 0x00
02:55:32 [94mTRACE[0m [src/cpu.c:244]: RAM size: 0x00001000 read: 0x00000E68
02:55:32 [94mTRACE[0m [src/cpu.c:465]: Instruction: 0x00000000
02:55:32 [94mTRACE[0m [src/cpu.c:466]: Opcode: 0b00000
02:55:32 [94mTRACE[0m [src/opcodes/shifts.m:3]: [SLL] R0 (0x00000000) = R0 (0x00000000) << 0x00
02:55:32 [94mTRACE[0m [src/cpu.c:244]: RAM size: 0x00001000 read: 0x00000E6C
02:55:32 [94mTRACE[0m [src/cpu.c:465]: Instruction: 0x00000000
02:55:32 [94mTRACE[0m [src/cpu.c:466]: Opcode: 0b00000
02:55:32 [94mTRACE[0m [src/opcodes/shifts.m:3]: [SLL] R0 (0x00000000) = R0 (0x00000000) << 0x00
02:55:32 [94mTRACE[0m [src/cpu.c:244]: RAM size: 0x00001000 read: 0x00000E70
02:55:32 [94mTRACE[0m [src/cpu.c:465]: Instruction: 0x00000000
02:55:32 [94mTRACE[0m [src/cpu.c:466]: Opcode: 0b00000
02:55:32 [94mTRACE[0m [src/opcodes/shifts.m:3]: [SLL] R0 (0x00000000) = R0 (0x00000000) << 0x00
02:55:32 [94mTRACE[0m [src/cpu.c:244]: RAM size: 0x00001000 read: 0x00000E74
02:55:32 [94mTRACE[0m [src/cpu.c:465]: Instruction: 0x00000000
02:55:32 [94mTRACE[0m [src/cpu.c:466]: Opcode: 0b00000
02:55:32 [94mTRACE[0m [src/opcodes/shifts.m:3]: [SLL] R0 (0x00000000) = R0 (0x00000000) << 0x00
02:55:32 [94mTRACE[0m [src/cpu.c:244]: RAM size: 0x00001000 read: 0x00000E78
02:55:32 [94mTRACE[0m [src/cpu.c:465]: Instruction: 0x00000000
02:55:32 [94mTRACE[0m [src/cpu.c:466]: Opcode: 0b00000
02:55:32 [94mTRACE[0m [src/opcodes/shifts.m:3]: [SLL] R0 (0x00000000) = R0 (0x00000000) << 0x00
02:55:32 [94mTRACE[0m [src/cpu.c:244]: RAM size: 0x00001000 read: 0x00000E7C
02:55:32 [94mTRACE[0m [src/cpu.c:465]: Instruction: 0x00000000
02:55:32 [94mTRACE[0m [src/cpu.c:466]: Opcode: 0b00000
02:55:32 [94mTRACE[0m [src/opcodes/shifts.m:3]: [SLL] R0 (0x00000000) = R0 (0x00000000) << 0x00
02:55:32 [94mTRACE[0m [src/cpu.c:244]: RAM size: 0x00001000 read: 0x00000E80
02:55:32 [94mTRACE[0m [src/cpu.c:465]: Instruction: 0x00000000
02:55:32 [94mTRACE[0m [src/cpu.c:466]: Opcode: 0b00000
02:55:32 [94mTRACE[0m [src/opcodes/shifts.m:3]: [SLL] R0 (0x00000000) = R0 (0x00000000) << 0x00
02:55:32 [94mTRACE[0m [src/cpu.c:244]: RAM size: 0x00001000 read: 0x00000E84
02:55:32 [94mTRACE[0m [src/cpu.c:465]: Instruction: 0x00000000
02:55:32 [94mTRACE[0m [src/cpu.c:466]: Opcode: 0b00000
02:55:32 [94mTRACE[0m [src/opcodes/shifts.m:3]: [SLL] R0 (0x00000000) = R0 (0x00000000) << 0x00
02:55:32 [94mTRACE[0m [src/cpu.c:244]: RAM size: 0x00001000 read: 0x00000E88
02:55:32 [94mTRACE[0m [src/cpu.c:465]: Instruction: 0x00000000
02:55:32 [94mTRACE[0m [src/cpu.c:466]: Opcode: 0b00000
02:55:32 [94mTRACE[0m [src/opcodes/shifts.m:3]: [SLL] R0 (0x00000000) = R0 (0x00000000) << 0x00
02:55:32 [94mTRACE[0m [src/cpu.c:244]: RAM size: 0x00001000 read: 0x00000E8C
02:55:32 [94mTRACE[0m [src/cpu.c:465]: Instruction: 0x00000000
02:55:32 [94mTRACE[0m [src/cpu.c:466]: Opcode: 0b00000
02:55:32 [94mTRACE[0m [src/opcodes/shifts.m:3]: [SLL] R0 (0x00000000) = R0 (0x00000000) << 0x00
02:55:32 [94mTRACE[0m [src/cpu.c:244]: RAM size: 0x00001000 read: 0x00000E90
02:55:32 [94mTRACE[0m [src/cpu.c:465]: Instruction: 0x00000000
02:55:32 [94mTRACE[0m [src/cpu.c:466]: Opcode: 0b00000
02:55:32 [94mTRACE[0m [src/opcodes/shifts.m:3]: [SLL] R0 (0x00000000) = R0 (0x00000000) << 0x00
02:55:32 [94mTRACE[0m [src/cpu.c:244]: RAM size: 0x00001000 read: 0x00000E94
02:55:32 [94mTRACE[0m [src/cpu.c:465]: Instruction: 0x00000000
02:55:32 [94mTRACE[0m [src/cpu.c:466]: Opcode: 0b00000
02:55:32 [94mTRACE[0m [src/opcodes/shifts.m:3]: [SLL] R0 (0x00000000) = R0 (0x00000000) << 0x00
02:55:32 [94mTRACE[0m [src/cpu.c:244]: RAM size: 0x00001000 read: 0x00000E98
02:55:32 [94mTRACE[0m [src/cpu.c:465]: Instruction: 0x00000000
02:55:32 [94mTRACE[0m [src/cpu.c:466]: Opcode: 0b00000
02:55:32 [94mTRACE[0m [src/opcodes/shifts.m:3]: [SLL] R0 (0x00000000) = R0 (0x00000000) << 0x00
02:55:32 [94mTRACE[0m [src/cpu.c:244]: RAM size: 0x00001000 read: 0x00000E9C
02:55:32 [94mTRACE[0m [src/cpu.c:465]: Instruction: 0x00000000
02:55:32 [94mTRACE[0m [src/cpu.c:466]: Opcode: 0b00000
02:55:32 [94mTRACE[0m [src/opcodes/shifts.m:3]: [SLL] R0 (0x00000000) = R0 (0x00000000) << 0x00
02:55:32 [94mTRACE[0m [src/cpu.c:244]: RAM size: 0x00001000 read: 0x00000EA0
02:55:32 [94mTRACE[0m [src/cpu.c:465]: Instruction: 0x00000000
02:55:32 [94mTRACE[0m [src/cpu.c:466]: Opcode: 0b00000
02:55:32 [94mTRACE[0m [src/opcodes/shifts.m:3]: [SLL] R0 (0x00000000) = R0 (0x00000000) << 0x00
02:55:32 [94mTRACE[0m [src/cpu.c:244]: RAM size: 0x00001000 read: 0x00000EA4
02:55:32 [94mTRACE[0m [src/cpu.c:465]: Instruction: 0x00000000
02:55:32 [94mTRACE[0m [src/cpu.c:466]: Opcode: 0b00000
02:55:32 [94mTRACE[0m [src/opcodes/shifts.m:3]: [SLL] R0 (0x00000000) = R0 (0x00000000) << 0x00
02:55:32 [94mTRACE[0m [src/cpu.c:244]: RAM size: 0x00001000 read: 0x00000EA8
02:55:32 [94mTRACE[0m [src/cpu.c:465]: Instruction: 0x00000000
02:55:32 [94mTRACE[0m [src/cpu.c:466]: Opcode: 0b00000
02:55:32 [94mTRACE[0m [src/opcodes/shifts.m:3]: [SLL] R0 (0x00000000) = R0 (0x00000000) << 0x00
02:55:32 [94mTRACE[0m [src/cpu.c:244]: RAM size: 0x00001000 read: 0x00000EAC
02:55:32 [94mTRACE[0m [src/cpu.c:465]: Instruction: 0x00000000
02:55:32 [94mTRACE[0m [src/cpu.c:466]: Opcode: 0b00000
02:55:32 [94mTRACE[0m [src/opcodes/shifts.m:3]: [SLL] R0 (0x00000000) = R0 (0x00000000) << 0x00
02:55:32 [94mTRACE[0m [src/cpu.c:244]: RAM size: 0x00001000 read: 0x00000EB0
02:55:32 [94mTRACE[0m [src/cpu.c:465]: Instruction: 0x00000000
02:55:32 [94mTRACE[0m [src/cpu.c:466]: Opcode: 0b00000
02:55:32 [94mTRACE[0m [src/opcodes/shifts.m:3]: [SLL] R0 (0x00000000) = R0 (0x00000000) << 0x00
02:55:32 [94mTRACE[0m [src/cpu.c:244]: RAM size: 0x00001000 read: 0x00000EB4
02:55:32 [94mTRACE[0m [src/cpu.c:465]: Instruction: 0x00000000
02:55:32 [94mTRACE[0m [src/cpu.c:466]: Opcode: 0b00000
02:55:32 [94mTRACE[0m [src/opcodes/shifts.m:3]: [SLL] R0 (0x00000000) = R0 (0x00000000) << 0x00
02:55:32 [94mTRACE[0m [src/cpu.c:244]: RAM size: 0x00001000 read: 0x00000EB8
02:55:32 [94mTRACE[0m [src/cpu.c:465]: Instruction: 0x00000000
02:55:32 [94mTRACE[0m [src/cpu.c:466]: Opcode: 0b00000
02:55:32 [94mTRACE[0m [src/opcodes/shifts.m:3]: [SLL] R0 (0x00000000) = R0 (0x00000000) << 0x00
02:55:32 [94mTRACE[0m [src/cpu.c:244]: RAM size: 0x00001000 read: 0x00000EBC
02:55:32 [94mTRACE[0m [src/cpu.c:465]: Instruction: 0x00000000
02:55:32 [94mTRACE[0m [src/cpu.c:466]: Opcode: 0b00000
02:55:32 [94mTRACE[0m [src/opcodes/shifts.m:3]: [SLL] R0 (0x00000000) = R0 (0x00000000) << 0x00
02:55:32 [94mTRACE[0m [src/cpu.c:244]: RAM size: 0x00001000 read: 0x00000EC0
02:55:32 [94mTRACE[0m [src/cpu.c:465]: Instruction: 0x00000000
02:55:32 [94mTRACE[0m [src/cpu.c:466]: Opcode: 0b00000
02:55:32 [94mTRACE[0m [src/opcodes/shifts.m:3]: [SLL] R0 (0x00000000) = R0 (0x00000000) << 0x00
02:55:32 [94mTRACE[0m [src/cpu.c:244]: RAM size: 0x00001000 read: 0x00000EC4
02:55:32 [94mTRACE[0m [src/cpu.c:465]: Instruction: 0x00000000
02:55:32 [94mTRACE[0m [src/cpu.c:466]: Opcode: 0b00000
02:55:32 [94mTRACE[0m [src/opcodes/shifts.m:3]: [SLL] R0 (0x00000000) = R0 (0x00000000) << 0x00
02:55:32 [94mTRACE[0m [src/cpu.c:244]: RAM size: 0x00001000 read: 0x00000EC8
02:55:32 [94mTRACE[0m [src/cpu.c:465]: Instruction: 0x00000000
02:55:32 [94mTRACE[0m [src/cpu.c:466]: Opcode: 0b00000
02:55:32 [94mTRACE[0m [src/opcodes/shifts.m:3]: [SLL] R0 (0x00000000) = R0 (0x00000000) << 0x00
02:55:32 [94mTRACE[0m [src/cpu.c:244]: RAM size: 0x00001000 read: 0x00000ECC
02:55:32 [94mTRACE[0m [src/cpu.c:465]: Instruction: 0x00000000
02:55:32 [94mTRACE[0m [src/cpu.c:466]: Opcode: 0b00000
02:55:32 [94mTRACE[0m [src/opcodes/shifts.m:3]: [SLL] R0 (0x00000000) = R0 (0x00000000) << 0x00
02:55:32 [94mTRACE[0m [src/cpu.c:244]: RAM size: 0x00001000 read: 0x00000ED0
02:55:32 [94mTRACE[0m [src/cpu.c:465]: Instruction: 0x00000000
02:55:32 [94mTRACE[0m [src/cpu.c:466]: Opcode: 0b00000
02:55:32 [94mTRACE[0m [src/opcodes/shifts.m:3]: [SLL] R0 (0x00000000) = R0 (0x00000000) << 0x00
02:55:32 [94mTRACE[0m [src/cpu.c:244]: RAM size: 0x00001000 read: 0x00000ED4
02:55:32 [94mTRACE[0m [src/cpu.c:465]: Instruction: 0x00000000
02:55:32 [94mTRACE[0m [src/cpu.c:466]: Opcode: 0b00000
02:55:32 [94mTRACE[0m [src/opcodes/shifts.m:3]: [SLL] R0 (0x00000000) = R0 (0x00000000) << 0x00
02:55:32 [94mTRACE[0m [src/cpu.c:244]: RAM size: 0x00001000 read: 0x00000ED8
02:55:32 [94mTRACE[0m [src/cpu.c:465]: Instruction: 0x00000000
02:55:32 [94mTRACE[0m [src/cpu.c:466]: Opcode: 0b00000
02:55:32 [94mTRACE[0m [src/opcodes/shifts.m:3]: [SLL] R0 (0x00000000) = R0 (0x00000000) << 0x00
02:55:32 [94mTRACE[0m [src/cpu.c:244]: RAM size: 0x00001000 read: 0x00000EDC
02:55:32 [94mTRACE[0m [src/cpu.c:465]: Instruction: 0x00000000
02:55:32 [94mTRACE[0m [src/cpu.c:466]: Opcode: 0b00000
02:55:32 [94mTRACE[0m [src/opcodes/shifts.m:3]: [SLL] R0 (0x00000000) = R0 (0x00000000) << 0x00
02:55:32 [94mTRACE[0m [src/cpu.c:244]: RAM size: 0x00001000 read: 0x00000EE0
02:55:32 [94mTRACE[0m [src/cpu.c:465]: Instruction: 0x00000000
02:55:32 [94mTRACE[0m [src/cpu.c:466]: Opcode: 0b00000
02:55:32 [94mTRACE[0m [src/opcodes/shifts.m:3]: [SLL] R0 (0x00000000) = R0 (0x00000000) << 0x00
02:55:32 [94mTRACE[0m [src/cpu.c:244]: RAM size: 0x00001000 read: 0x00000EE4
02:55:32 [94mTRACE[0m [src/cpu.c:465]: Instruction: 0x00000000
02:55:32 [94mTRACE[0m [src/cpu.c:466]: Opcode: 0b00000
02:55:32 [94mTRACE[0m [src/opcodes/shifts.m:3]: [SLL] R0 (0x00000000) = R0 (0x00000000) << 0x00
02:55:32 [94mTRACE[0m [src/cpu.c:244]: RAM size: 0x00001000 read: 0x00000EE8
02:55:32 [94mTRACE[0m [src/cpu.c:465]: Instruction: 0x00000000
02:55:32 [94mTRACE[0m [src/cpu.c:466]: Opcode: 0b00000
02:55:32 [94mTRACE[0m [src/opcodes/shifts.m:3]: [SLL] R0 (0x00000000) = R0 (0x00000000) << 0x00
02:55:32 [94mTRACE[0m [src/cpu.c:244]: RAM size: 0x00001000 read: 0x00000EEC
02:55:32 [94mTRACE[0m [src/cpu.c:465]: Instruction: 0x00000000
02:55:32 [94mTRACE[0m [src/cpu.c:466]: Opcode: 0b00000
02:55:32 [94mTRACE[0m [src/opcodes/shifts.m:3]: [SLL] R0 (0x00000000) = R0 (0x00000000) << 0x00
02:55:32 [94mTRACE[0m [src/cpu.c:244]: RAM size: 0x00001000 read: 0x00000EF0
02:55:32 [94mTRACE[0m [src/cpu.c:465]: Instruction: 0x00000000
02:55:32 [94mTRACE[0m [src/cpu.c:466]: Opcode: 0b00000
02:55:32 [94mTRACE[0m [src/opcodes/shifts.m:3]: [SLL] R0 (0x00000000) = R0 (0x00000000) << 0x00
02:55:32 [94mTRACE[0m [src/cpu.c:244]: RAM size: 0x00001000 read: 0x00000EF4
02:55:32 [94mTRACE[0m [src/cpu.c:465]: Instruction: 0x00000000
02:55:32 [94mTRACE[0m [src/cpu.c:466]: Opcode: 0b00000
02:55:32 [94mTRACE[0m [src/opcodes/shifts.m:3]: [SLL] R0 (0x00000000) = R0 (0x00000000) << 0x00
02:55:32 [94mTRACE[0m [src/cpu.c:244]: RAM size: 0x00001000 read: 0x00000EF8
02:55:32 [94mTRACE[0m [src/cpu.c:465]: Instruction: 0x00000000
02:55:32 [94mTRACE[0m [src/cpu.c:466]: Opcode: 0b00000
02:55:32 [94mTRACE[0m [src/opcodes/shifts.m:3]: [SLL] R0 (0x00000000) = R0 (0x00000000) << 0x00
02:55:32 [94mTRACE[0m [src/cpu.c:244]: RAM size: 0x00001000 read: 0x00000EFC
02:55:32 [94mTRACE[0m [src/cpu.c:465]: Instruction: 0x00000000
02:55:32 [94mTRACE[0m [src/cpu.c:466]: Opcode: 0b00000
02:55:32 [94mTRACE[0m [src/opcodes/shifts.m:3]: [SLL] R0 (0x00000000) = R0 (0x00000000) << 0x00
02:55:32 [94mTRACE[0m [src/cpu.c:244]: RAM size: 0x00001000 read: 0x00000F00
02:55:32 [94mTRACE[0m [src/cpu.c:465]: Instruction: 0x00000000
02:55:32 [94mTRACE[0m [src/cpu.c:466]: Opcode: 0b00000
02:55:32 [94mTRACE[0m [src/opcodes/shifts.m:3]: [SLL] R0 (0x00000000) = R0 (0x00000000) << 0x00
02:55:32 [94mTRACE[0m [src/cpu.c:244]: RAM size: 0x00001000 read: 0x00000F04
02:55:32 [94mTRACE[0m [src/cpu.c:465]: Instruction: 0x00000000
02:55:32 [94mTRACE[0m [src/cpu.c:466]: Opcode: 0b00000
02:55:32 [94mTRACE[0m [src/opcodes/shifts.m:3]: [SLL] R0 (0x00000000) = R0 (0x00000000) << 0x00
02:55:32 [94mTRACE[0m [src/cpu.c:244]: RAM size: 0x00001000 read: 0x00000F08
02:55:32 [94mTRACE[0m [src/cpu.c:465]: Instruction: 0x00000000
02:55:32 [94mTRACE[0m [src/cpu.c:466]: Opcode: 0b00000
02:55:32 [94mTRACE[0m [src/opcodes/shifts.m:3]: [SLL] R0 (0x00000000) = R0 (0x00000000) << 0x00
02:55:32 [94mTRACE[0m [src/cpu.c:244]: RAM size: 0x00001000 read: 0x00000F0C
02:55:32 [94mTRACE[0m [src/cpu.c:465]: Instruction: 0x00000000
02:55:32 [94mTRACE[0m [src/cpu.c:466]: Opcode: 0b00000
02:55:32 [94mTRACE[0m [src/opcodes/shifts.m:3]: [SLL] R0 (0x00000000) = R0 (0x00000000) << 0x00
02:55:32 [94mTRACE[0m [src/cpu.c:244]: RAM size: 0x00001000 read: 0x00000F10
02:55:32 [94mTRACE[0m [src/cpu.c:465]: Instruction: 0x00000000
02:55:32 [94mTRACE[0m [src/cpu.c:466]: Opcode: 0b00000
02:55:32 [94mTRACE[0m [src/opcodes/shifts.m:3]: [SLL] R0 (0x00000000) = R0 (0x00000000) << 0x00
02:55:32 [94mTRACE[0m [src/cpu.c:244]: RAM size: 0x00001000 read: 0x00000F14
02:55:32 [94mTRACE[0m [src/cpu.c:465]: Instruction: 0x00000000
02:55:32 [94mTRACE[0m [src/cpu.c:466]: Opcode: 0b00000
02:55:32 [94mTRACE[0m [src/opcodes/shifts.m:3]: [SLL] R0 (0x00000000) = R0 (0x00000000) << 0x00
02:55:32 [94mTRACE[0m [src/cpu.c:244]: RAM size: 0x00001000 read: 0x00000F18
02:55:32 [94mTRACE[0m [src/cpu.c:465]: Instruction: 0x00000000
02:55:32 [94mTRACE[0m [src/cpu.c:466]: Opcode: 0b00000
02:55:32 [94mTRACE[0m [src/opcodes/shifts.m:3]: [SLL] R0 (0x00000000) = R0 (0x00000000) << 0x00
02:55:32 [94mTRACE[0m [src/cpu.c:244]: RAM size: 0x00001000 read: 0x00000F1C
02:55:32 [94mTRACE[0m [src/cpu.c:465]: Instruction: 0x00000000
02:55:32 [94mTRACE[0m [src/cpu.c:466]: Opcode: 0b00000
02:55:32 [94mTRACE[0m [src/opcodes/shifts.m:3]: [SLL] R0 (0x00000000) = R0 (0x00000000) << 0x00
02:55:32 [94mTRACE[0m [src/cpu.c:244]: RAM size: 0x00001000 read: 0x00000F20
02:55:32 [94mTRACE[0m [src/cpu.c:465]: Instruction: 0x00000000
02:55:32 [94mTRACE[0m [src/cpu.c:466]: Opcode: 0b00000
02:55:32 [94mTRACE[0m [src/opcodes/shifts.m:3]: [SLL] R0 (0x00000000) = R0 (0x00000000) << 0x00
02:55:32 [94mTRACE[0m [src/cpu.c:244]: RAM size: 0x00001000 read: 0x00000F24
02:55:32 [94mTRACE[0m [src/cpu.c:465]: Instruction: 0x00000000
02:55:32 [94mTRACE[0m [src/cpu.c:466]: Opcode: 0b00000
02:55:32 [94mTRACE[0m [src/opcodes/shifts.m:3]: [SLL] R0 (0x00000000) = R0 (0x00000000) << 0x00
02:55:32 [94mTRACE[0m [src/cpu.c:244]: RAM size: 0x00001000 read: 0x00000F28
02:55:32 [94mTRACE[0m [src/cpu.c:465]: Instruction: 0x00000000
02:55:32 [94mTRACE[0m [src/cpu.c:466]: Opcode: 0b00000
02:55:32 [94mTRACE[0m [src/opcodes/shifts.m:3]: [SLL] R0 (0x00000000) = R0 (0x00000000) << 0x00
02:55:32 [94mTRACE[0m [src/cpu.c:244]: RAM size: 0x00001000 read: 0x00000F2C
02:55:32 [94mTRACE[0m [src/cpu.c:465]: Instruction: 0x00000000
02:55:32 [94mTRACE[0m [src/cpu.c:466]: Opcode: 0b00000
02:55:32 [94mTRACE[0m [src/opcodes/shifts.m:3]: [SLL] R0 (0x00000000) = R0 (0x00000000) << 0x00
02:55:32 [94mTRACE[0m [src/cpu.c:244]: RAM size: 0x00001000 read: 0x00000F30
02:55:32 [94mTRACE[0m [src/cpu.c:465]: Instruction: 0x00000000
02:55:32 [94mTRACE[0m [src/cpu.c:466]: Opcode: 0b00000
02:55:32 [94mTRACE[0m [src/opcodes/shifts.m:3]: [SLL] R0 (0x00000000) = R0 (0x00000000) << 0x00
02:55:32 [94mTRACE[0m [src/cpu.c:244]: RAM size: 0x00001000 read: 0x00000F34
02:55:32 [94mTRACE[0m [src/cpu.c:465]: Instruction: 0x00000000
02:55:32 [94mTRACE[0m [src/cpu.c:466]: Opcode: 0b00000
02:55:32 [94mTRACE[0m [src/opcodes/shifts.m:3]: [SLL] R0 (0x00000000) = R0 (0x00000000) << 0x00
02:55:32 [94mTRACE[0m [src/cpu.c:244]: RAM size: 0x00001000 read: 0x00000F38
02:55:32 [94mTRACE[0m [src/cpu.c:465]: Instruction: 0x00000000
02:55:32 [94mTRACE[0m [src/cpu.c:466]: Opcode: 0b00000
02:55:32 [94mTRACE[0m [src/opcodes/shifts.m:3]: [SLL] R0 (0x00000000) = R0 (0x00000000) << 0x00
02:55:32 [94mTRACE[0m [src/cpu.c:244]: RAM size: 0x00001000 read: 0x00000F3C
02:55:32 [94mTRACE[0m [src/cpu.c:465]: Instruction: 0x00000000
02:55:32 [94mTRACE[0m [src/cpu.c:466]: Opcode: 0b00000
02:55:32 [94mTRACE[0m [src/opcodes/shifts.m:3]: [SLL] R0 (0x00000000) = R0 (0x00000000) << 0x00
02:55:32 [94mTRACE[0m [src/cpu.c:244]: RAM size: 0x00001000 read: 0x00000F40
02:55:32 [94mTRACE[0m [src/cpu.c:465]: Instruction: 0x00000000
02:55:32 [94mTRACE[0m [src/cpu.c:466]: Opcode: 0b00000
02:55:32 [94mTRACE[0m [src/opcodes/shifts.m:3]: [SLL] R0 (0x00000000) = R0 (0x00000000) << 0x00
02:55:32 [94mTRACE[0m [src/cpu.c:244]: RAM size: 0x00001000 read: 0x00000F44
02:55:32 [94mTRACE[0m [src/cpu.c:465]: Instruction: 0x00000000
02:55:32 [94mTRACE[0m [src/cpu.c:466]: Opcode: 0b00000
02:55:32 [94mTRACE[0m [src/opcodes/shifts.m:3]: [SLL] R0 (0x00000000) = R0 (0x00000000) << 0x00
02:55:32 [94mTRACE[0m [src/cpu.c:244]: RAM size: 0x00001000 read: 0x00000F48
02:55:32 [94mTRACE[0m [src/cpu.c:465]: Instruction: 0x00000000
02:55:32 [94mTRACE[0m [src/cpu.c:466]: Opcode: 0b00000
02:55:32 [94mTRACE[0m [src/opcodes/shifts.m:3]: [SLL] R0 (0x00000000) = R0 (0x00000000) << 0x00
02:55:32 [94mTRACE[0m [src/cpu.c:244]: RAM size: 0x00001000 read: 0x00000F4C
02:55:32 [94mTRACE[0m [src/cpu.c:465]: Instruction: 0x00000000
02:55:32 [94mTRACE[0m [src/cpu.c:466]: Opcode: 0b00000
02:55:32 [94mTRACE[0m [src/opcodes/shifts.m:3]: [SLL] R0 (0x00000000) = R0 (0x00000000) << 0x00
02:55:32 [94mTRACE[0m [src/cpu.c:244]: RAM size: 0x00001000 read: 0x00000F50
02:55:32 [94mTRACE[0m [src/cpu.c:465]: Instruction: 0x00000000
02:55:32 [94mTRACE[0m [src/cpu.c:466]: Opcode: 0b00000
02:55:32 [94mTRACE[0m [src/opcodes/shifts.m:3]: [SLL] R0 (0x00000000) = R0 (0x00000000) << 0x00
02:55:32 [94mTRACE[0m [src/cpu.c:244]: RAM size: 0x00001000 read: 0x00000F54
02:55:32 [94mTRACE[0m [src/cpu.c:465]: Instruction: 0x00000000
02:55:32 [94mTRACE[0m [src/cpu.c:466]: Opcode: 0b00000
02:55:32 [94mTRACE[0m [src/opcodes/shifts.m:3]: [SLL] R0 (0x00000000) = R0 (0x00000000) << 0x00
02:55:32 [94mTRACE[0m [src/cpu.c:244]: RAM size: 0x00001000 read: 0x00000F58
02:55:32 [94mTRACE[0m [src/cpu.c:465]: Instruction: 0x00000000
02:55:32 [94mTRACE[0m [src/cpu.c:466]: Opcode: 0b00000
02:55:32 [94mTRACE[0m [src/opcodes/shifts.m:3]: [SLL] R0 (0x00000000) = R0 (0x00000000) << 0x00
02:55:32 [94mTRACE[0m [src/cpu.c:244]: RAM size: 0x00001000 read: 0x00000F5C
02:55:32 [94mTRACE[0m [src/cpu.c:465]: Instruction: 0x00000000
02:55:32 [94mTRACE[0m [src/cpu.c:466]: Opcode: 0b00000
02:55:32 [94mTRACE[0m [src/opcodes/shifts.m:3]: [SLL] R0 (0x00000000) = R0 (0x00000000) << 0x00
02:55:32 [94mTRACE[0m [src/cpu.c:244]: RAM size: 0x00001000 read: 0x00000F60
02:55:32 [94mTRACE[0m [src/cpu.c:465]: Instruction: 0x00000000
02:55:32 [94mTRACE[0m [src/cpu.c:466]: Opcode: 0b00000
02:55:32 [94mTRACE[0m [src/opcodes/shifts.m:3]: [SLL] R0 (0x00000000) = R0 (0x00000000) << 0x00
02:55:32 [94mTRACE[0m [src/cpu.c:244]: RAM size: 0x00001000 read: 0x00000F64
02:55:32 [94mTRACE[0m [src/cpu.c:465]: Instruction: 0x00000000
02:55:32 [94mTRACE[0m [src/cpu.c:466]: Opcode: 0b00000
02:55:32 [94mTRACE[0m [src/opcodes/shifts.m:3]: [SLL] R0 (0x00000000) = R0 (0x00000000) << 0x00
02:55:32 [94mTRACE[0m [src/cpu.c:244]: RAM size: 0x00001000 read: 0x00000F68
02:55:32 [94mTRACE[0m [src/cpu.c:465]: Instruction: 0x00000000
02:55:32 [94mTRACE[0m [src/cpu.c:466]: Opcode: 0b00000
02:55:32 [94mTRACE[0m [src/opcodes/shifts.m:3]: [SLL] R0 (0x00000000) = R0 (0x00000000) << 0x00
02:55:32 [94mTRACE[0m [src/cpu.c:244]: RAM size: 0x00001000 read: 0x00000F6C
02:55:32 [94mTRACE[0m [src/cpu.c:465]: Instruction: 0x00000000
02:55:32 [94mTRACE[0m [src/cpu.c:466]: Opcode: 0b00000
02:55:32 [94mTRACE[0m [src/opcodes/shifts.m:3]: [SLL] R0 (0x00000000) = R0 (0x00000000) << 0x00
02:55:32 [94mTRACE[0m [src/cpu.c:244]: RAM size: 0x00001000 read: 0x00000F70
02:55:32 [94mTRACE[0m [src/cpu.c:465]: Instruction: 0x00000000
02:55:32 [94mTRACE[0m [src/cpu.c:466]: Opcode: 0b00000
02:55:32 [94mTRACE[0m [src/opcodes/shifts.m:3]: [SLL] R0 (0x00000000) = R0 (0x00000000) << 0x00
02:55:32 [94mTRACE[0m [src/cpu.c:244]: RAM size: 0x00001000 read: 0x00000F74
02:55:32 [94mTRACE[0m [src/cpu.c:465]: Instruction: 0x00000000
02:55:32 [94mTRACE[0m [src/cpu.c:466]: Opcode: 0b00000
02:55:32 [94mTRACE[0m [src/opcodes/shifts.m:3]: [SLL] R0 (0x00000000) = R0 (0x00000000) << 0x00
02:55:32 [94mTRACE[0m [src/cpu.c:244]: RAM size: 0x00001000 read: 0x00000F78
02:55:32 [94mTRACE[0m [src/cpu.c:465]: Instruction: 0x00000000
02:55:32 [94mTRACE[0m [src/cpu.c:466]: Opcode: 0b00000
02:55:32 [94mTRACE[0m [src/opcodes/shifts.m:3]: [SLL] R0 (0x00000000) = R0 (0x00000000) << 0x00
02:55:32 [94mTRACE[0m [src/cpu.c:244]: RAM size: 0x00001000 read: 0x00000F7C
02:55:32 [94mTRACE[0m [src/cpu.c:465]: Instruction: 0x00000000
02:55:32 [94mTRACE[0m [src/cpu.c:466]: Opcode: 0b00000
02:55:32 [94mTRACE[0m [src/opcodes/shifts.m:3]: [SLL] R0 (0x00000000) = R0 (0x00000000) << 0x00
02:55:32 [94mTRACE[0m [src/cpu.c:244]: RAM size: 0x00001000 read: 0x00000F80
02:55:32 [94mTRACE[0m [src/cpu.c:465]: Instruction: 0x00000000
02:55:32 [94mTRACE[0m [src/cpu.c:466]: Opcode: 0b00000
02:55:32 [94mTRACE[0m [src/opcodes/shifts.m:3]: [SLL] R0 (0x00000000) = R0 (0x00000000) << 0x00
02:55:32 [94mTRACE[0m [src/cpu.c:244]: RAM size: 0x00001000 read: 0x00000F84
02:55:32 [94mTRACE[0m [src/cpu.c:465]: Instruction: 0x00000000
02:55:32 [94mTRACE[0m [src/cpu.c:466]: Opcode: 0b00000
02:55:32 [94mTRACE[0m [src/opcodes/shifts.m:3]: [SLL] R0 (0x00000000) = R0 (0x00000000) << 0x00
02:55:32 [94mTRACE[0m [src/cpu.c:244]: RAM size: 0x00001000 read: 0x00000F88
02:55:32 [94mTRACE[0m [src/cpu.c:465]: Instruction: 0x00000000
02:55:32 [94mTRACE[0m [src/cpu.c:466]: Opcode: 0b00000
02:55:32 [94mTRACE[0m [src/opcodes/shifts.m:3]: [SLL] R0 (0x00000000) = R0 (0x00000000) << 0x00
02:55:32 [94mTRACE[0m [src/cpu.c:244]: RAM size: 0x00001000 read: 0x00000F8C
02:55:32 [94mTRACE[0m [src/cpu.c:465]: Instruction: 0x00000000
02:55:32 [94mTRACE[0m [src/cpu.c:466]: Opcode: 0b00000
02:55:32 [94mTRACE[0m [src/opcodes/shifts.m:3]: [SLL] R0 (0x00000000) = R0 (0x00000000) << 0x00
02:55:32 [94mTRACE[0m [src/cpu.c:244]: RAM size: 0x00001000 read: 0x00000F90
02:55:32 [94mTRACE[0m [src/cpu.c:465]: Instruction: 0x00000000
02:55:32 [94mTRACE[0m [src/cpu.c:466]: Opcode: 0b00000
02:55:32 [94mTRACE[0m [src/opcodes/shifts.m:3]: [SLL] R0 (0x00000000) = R0 (0x00000000) << 0x00
02:55:32 [94mTRACE[0m [src/cpu.c:244]: RAM size: 0x00001000 read: 0x00000F94
02:55:32 [94mTRACE[0m [src/cpu.c:465]: Instruction: 0x00000000
02:55:32 [94mTRACE[0m [src/cpu.c:466]: Opcode: 0b00000
02:55:32 [94mTRACE[0m [src/opcodes/shifts.m:3]: [SLL] R0 (0x00000000) = R0 (0x00000000) << 0x00
02:55:32 [94mTRACE[0m [src/cpu.c:244]: RAM size: 0x00001000 read: 0x00000F98
02:55:32 [94mTRACE[0m [src/cpu.c:465]: Instruction: 0x00000000
02:55:32 [94mTRACE[0m [src/cpu.c:466]: Opcode: 0b00000
02:55:32 [94mTRACE[0m [src/opcodes/shifts.m:3]: [SLL] R0 (0x00000000) = R0 (0x00000000) << 0x00
02:55:32 [94mTRACE[0m [src/cpu.c:244]: RAM size: 0x00001000 read: 0x00000F9C
02:55:32 [94mTRACE[0m [src/cpu.c:465]: Instruction: 0x00000000
02:55:32 [94mTRACE[0m [src/cpu.c:466]: Opcode: 0b00000
02:55:32 [94mTRACE[0m [src/opcodes/shifts.m:3]: [SLL] R0 (0x00000000) = R0 (0x00000000) << 0x00
02:55:32 [94mTRACE[0m [src/cpu.c:244]: RAM size: 0x00001000 read: 0x00000FA0
02:55:32 [94mTRACE[0m [src/cpu.c:465]: Instruction: 0x00000000
02:55:32 [94mTRACE[0m [src/cpu.c:466]: Opcode: 0b00000
02:55:32 [94mTRACE[0m [src/opcodes/shifts.m:3]: [SLL] R0 (0x00000000) = R0 (0x00000000) << 0x00
02:55:32 [94mTRACE[0m [src/cpu.c:244]: RAM size: 0x00001000 read: 0x00000FA4
02:55:32 [94mTRACE[0m [src/cpu.c:465]: Instruction: 0x00000000
02:55:32 [94mTRACE[0m [src/cpu.c:466]: Opcode: 0b00000
02:55:32 [94mTRACE[0m [src/opcodes/shifts.m:3]: [SLL] R0 (0x00000000) = R0 (0x00000000) << 0x00
02:55:32 [94mTRACE[0m [src/cpu.c:244]: RAM size: 0x00001000 read: 0x00000FA8
02:55:32 [94mTRACE[0m [src/cpu.c:465]: Instruction: 0x00000000
02:55:32 [94mTRACE[0m [src/cpu.c:466]: Opcode: 0b00000
02:55:32 [94mTRACE[0m [src/opcodes/shifts.m:3]: [SLL] R0 (0x00000000) = R0 (0x00000000) << 0x00
02:55:32 [94mTRACE[0m [src/cpu.c:244]: RAM size: 0x00001000 read: 0x00000FAC
02:55:32 [94mTRACE[0m [src/cpu.c:465]: Instruction: 0x00000000
02:55:32 [94mTRACE[0m [src/cpu.c:466]: Opcode: 0b00000
02:55:32 [94mTRACE[0m [src/opcodes/shifts.m:3]: [SLL] R0 (0x00000000) = R0 (0x00000000) << 0x00
02:55:32 [94mTRACE[0m [src/cpu.c:244]: RAM size: 0x00001000 read: 0x00000FB0
02:55:32 [94mTRACE[0m [src/cpu.c:465]: Instruction: 0x00000000
02:55:32 [94mTRACE[0m [src/cpu.c:466]: Opcode: 0b00000
02:55:32 [94mTRACE[0m [src/opcodes/shifts.m:3]: [SLL] R0 (0x00000000) = R0 (0x00000000) << 0x00
02:55:32 [94mTRACE[0m [src/cpu.c:244]: RAM size: 0x00001000 read: 0x00000FB4
02:55:32 [94mTRACE[0m [src/cpu.c:465]: Instruction: 0x00000000
02:55:32 [94mTRACE[0m [src/cpu.c:466]: Opcode: 0b00000
02:55:32 [94mTRACE[0m [src/opcodes/shifts.m:3]: [SLL] R0 (0x00000000) = R0 (0x00000000) << 0x00
02:55:32 [94mTRACE[0m [src/cpu.c:244]: RAM size: 0x00001000 read: 0x00000FB8
02:55:32 [94mTRACE[0m [src/cpu.c:465]: Instruction: 0x00000000
02:55:32 [94mTRACE[0m [src/cpu.c:466]: Opcode: 0b00000
02:55:32 [94mTRACE[0m [src/opcodes/shifts.m:3]: [SLL] R0 (0x00000000) = R0 (0x00000000) << 0x00
02:55:32 [94mTRACE[0m [src/cpu.c:244]: RAM size: 0x00001000 read: 0x00000FBC
02:55:32 [94mTRACE[0m [src/cpu.c:465]: Instruction: 0x00000000
02:55:32 [94mTRACE[0m [src/cpu.c:466]: Opcode: 0b00000
02:55:32 [94mTRACE[0m [src/opcodes/shifts.m:3]: [SLL] R0 (0x00000000) = R0 (0x00000000) << 0x00
02:55:32 [94mTRACE[0m [src/cpu.c:244]: RAM size: 0x00001000 read: 0x00000FC0
02:55:32 [94mTRACE[0m [src/cpu.c:465]: Instruction: 0x00000000
02:55:32 [94mTRACE[0m [src/cpu.c:466]: Opcode: 0b00000
02:55:32 [94mTRACE[0m [src/opcodes/shifts.m:3]: [SLL] R0 (0x00000000) = R0 (0x00000000) << 0x00
02:55:32 [94mTRACE[0m [src/cpu.c:244]: RAM size: 0x00001000 read: 0x00000FC4
02:55:32 [94mTRACE[0m [src/cpu.c:465]: Instruction: 0x00000000
02:55:32 [94mTRACE[0m [src/cpu.c:466]: Opcode: 0b00000
02:55:32 [94mTRACE[0m [src/opcodes/shifts.m:3]: [SLL] R0 (0x00000000) = R0 (0x00000000) << 0x00
02:55:32 [94mTRACE[0m [src/cpu.c:244]: RAM size: 0x00001000 read: 0x00000FC8
02:55:32 [94mTRACE[0m [src/cpu.c:465]: Instruction: 0x00000000
02:55:32 [94mTRACE[0m [src/cpu.c:466]: Opcode: 0b00000
02:55:32 [94mTRACE[0m [src/opcodes/shifts.m:3]: [SLL] R0 (0x00000000) = R0 (0x00000000) << 0x00
02:55:32 [94mTRACE[0m [src/cpu.c:244]: RAM size: 0x00001000 read: 0x00000FCC
02:55:32 [94mTRACE[0m [src/cpu.c:465]: Instruction: 0x00000000
02:55:32 [94mTRACE[0m [src/cpu.c:466]: Opcode: 0b00000
02:55:32 [94mTRACE[0m [src/opcodes/shifts.m:3]: [SLL] R0 (0x00000000) = R0 (0x00000000) << 0x00
02:55:32 [94mTRACE[0m [src/cpu.c:244]: RAM size: 0x00001000 read: 0x00000FD0
02:55:32 [94mTRACE[0m [src/cpu.c:465]: Instruction: 0x00000000
02:55:32 [94mTRACE[0m [src/cpu.c:466]: Opcode: 0b00000
02:55:32 [94mTRACE[0m [src/opcodes/shifts.m:3]: [SLL] R0 (0x00000000) = R0 (0x00000000) << 0x00
02:55:32 [94mTRACE[0m [src/cpu.c:244]: RAM size: 0x00001000 read: 0x00000FD4
02:55:32 [94mTRACE[0m [src/cpu.c:465]: Instruction: 0x00000000
02:55:32 [94mTRACE[0m [src/cpu.c:466]: Opcode: 0b00000
02:55:32 [94mTRACE[0m [src/opcodes/shifts.m:3]: [SLL] R0 (0x00000000) = R0 (0x00000000) << 0x00
02:55:32 [94mTRACE[0m [src/cpu.c:244]: RAM size: 0x00001000 read: 0x00000FD8
02:55:32 [94mTRACE[0m [src/cpu.c:465]: Instruction: 0x00000000
02:55:32 [94mTRACE[0m [src/cpu.c:466]: Opcode: 0b00000
02:55:32 [94mTRACE[0m [src/opcodes/shifts.m:3]: [SLL] R0 (0x00000000) = R0 (0x00000000) << 0x00
02:55:32 [94mTRACE[0m [src/cpu.c:244]: RAM size: 0x00001000 read: 0x00000FDC
02:55:32 [94mTRACE[0m [src/cpu.c:465]: Instruction: 0x00000000
02:55:32 [94mTRACE[0m [src/cpu.c:466]: Opcode: 0b00000
02:55:32 [94mTRACE[0m [src/opcodes/shifts.m:3]: [SLL] R0 (0x00000000) = R0 (0x00000000) << 0x00
02:55:32 [94mTRACE[0m [src/cpu.c:244]: RAM size: 0x00001000 read: 0x00000FE0
02:55:32 [94mTRACE[0m [src/cpu.c:465]: Instruction: 0x00000000
02:55:32 [94mTRACE[0m [src/cpu.c:466]: Opcode: 0b00000
02:55:32 [94mTRACE[0m [src/opcodes/shifts.m:3]: [SLL] R0 (0x00000000) = R0 (0x00000000) << 0x00
02:55:32 [94mTRACE[0m [src/cpu.c:244]: RAM size: 0x00001000 read: 0x00000FE4
02:55:32 [94mTRACE[0m [src/cpu.c:465]: Instruction: 0x00000000
02:55:32 [94mTRACE[0m [src/cpu.c:466]: Opcode: 0b00000
02:55:32 [94mTRACE[0m [src/opcodes/shifts.m:3]: [SLL] R0 (0x00000000) = R0 (0x00000000) << 0x00
02:55:32 [94mTRACE[0m [src/cpu.c:244]: RAM size: 0x00001000 read: 0x00000FE8
02:55:32 [94mTRACE[0m [src/cpu.c:465]: Instruction: 0x00000000
02:55:32 [94mTRACE[0m [src/cpu.c:466]: Opcode: 0b00000
02:55:32 [94mTRACE[0m [src/opcodes/shifts.m:3]: [SLL] R0 (0x00000000) = R0 (0x00000000) << 0x00
02:55:32 [94mTRACE[0m [src/cpu.c:244]: RAM size: 0x00001000 read: 0x00000FEC
02:55:32 [94mTRACE[0m [src/cpu.c:465]: Instruction: 0x00000000
02:55:32 [94mTRACE[0m [src/cpu.c:466]: Opcode: 0b00000
02:55:32 [94mTRACE[0m [src/opcodes/shifts.m:3]: [SLL] R0 (0x00000000) = R0 (0x00000000) << 0x00
02:55:32 [94mTRACE[0m [src/cpu.c:244]: RAM size: 0x00001000 read: 0x00000FF0
02:55:32 [94mTRACE[0m [src/cpu.c:465]: Instruction: 0x00000000
02:55:32 [94mTRACE[0m [src/cpu.c:466]: Opcode: 0b00000
02:55:32 [94mTRACE[0m [src/opcodes/shifts.m:3]: [SLL] R0 (0x00000000) = R0 (0x00000000) << 0x00
02:55:32 [94mTRACE[0m [src/cpu.c:244]: RAM size: 0x00001000 read: 0x00000FF4
02:55:32 [94mTRACE[0m [src/cpu.c:465]: Instruction: 0x00000000
02:55:32 [94mTRACE[0m [src/cpu.c:466]: Opcode: 0b00000
02:55:32 [94mTRACE[0m [src/opcodes/shifts.m:3]: [SLL] R0 (0x00000000) = R0 (0x00000000) << 0x00
02:55:32 [94mTRACE[0m [src/cpu.c:244]: RAM size: 0x00001000 read: 0x00000FF8
02:55:32 [94mTRACE[0m [src/cpu.c:465]: Instruction: 0x00000000
02:55:32 [94mTRACE[0m [src/cpu.c:466]: Opcode: 0b00000
02:55:32 [94mTRACE[0m [src/opcodes/shifts.m:3]: [SLL] R0 (0x00000000) = R0 (0x00000000) << 0x00
02:55:32 [94mTRACE[0m [src/cpu.c:244]: RAM size: 0x00001000 read: 0x00000FFC
02:55:32 [94mTRACE[0m [src/cpu.c:465]: Instruction: 0x00000000
02:55:32 [94mTRACE[0m [src/cpu.c:466]: Opcode: 0b00000
02:55:32 [94mTRACE[0m [src/opcodes/shifts.m:3]: [SLL] R0 (0x00000000) = R0 (0x00000000) << 0x00
02:55:32 [94mTRACE[0m [src/cpu.c:244]: RAM size: 0x00001000 read: 0x00001000
02:55:32 [94mTRACE[0m [src/cpu.c:370]: Fetch vector table address: 0xF0000004
02:55:32 [35mFATAL[0m [src/cpu.c:376]: DOUBLE FAULT: Vector table fetch failed at 0xF0000004
02:55:32 [94mTRACE[0m [src/cpu.c:465]: Instruction: 0x00000000
02:55:32 [94mTRACE[0m [src/cpu.c:466]: Opcode: 0b00000
02:55:32 [94mTRACE[0m [src/opcodes/shifts.m:3]: [SLL] R0 (0x00000000) = R0 (0x00000000) << 0x00
02:55:32 [32mINFO [0m [src/debug/execution.m:124]: Execution loop yielded control. Final Core PC: 0x00001004
02:55:32 [94mTRACE[0m [src/debug/debug.c:295]: [5] Handler finished execution successfully.
02:55:32 [94mTRACE[0m [src/debug/debug.c:323]: Entering blocking read on fd: 6
02:55:34 [94mTRACE[0m [src/debug/debug.c:329]: Read returned n = 0, errno = 0 (Success)
02:55:34 [33mWARN [0m [src/debug/debug.c:341]: Connection closed or interface terminal drop experienced.
02:55:34 [32mINFO [0m [src/telnet.c:186]: Halting network debugging interface execution safely...
02:55:34 [36mDEBUG[0m [src/telnet.c:189]: Disconnecting terminal link stream handle 6
02:55:34 [36mDEBUG[0m [src/telnet.c:197]: Releasing bound transport socket layer 5
02:55:34 [32mINFO [0m [src/telnet.c:204]: Telnet interface engine offline.
02:55:34 [32mINFO [0m [src/debug/debug.c:358]: Debugger session channel context destroyed cleanly.
02:55:34 [94mTRACE[0m [src/serial.c:75]: Destroying serial device
02:55:34 [36mDEBUG[0m [src/serial.c:110]: Read returned -1 (Connection closed or not ready)
02:55:34 [32mINFO [0m [src/bus.c:127]: Bus memory allocations cleared successfully.
02:55:34 [32mINFO [0m [src/main.c:26]: System powered down cleanly.
Trying 127.0.0.1...
Connected to localhost.
Escape character is '^]'.
RTM32-0.1.1
RTM32> RTM32> Continuing execution...

[Execution Fault: Core Exception 1 thrown at PC 0x00001004]
Core execution stopped. Current PC: 0x00001004
RTM32> Connection closed by foreign host.
